{
"type": "FeatureCollection",
"name": "patrones_ndvi",
"crs": { "type": "name", "properties": { "name": "urn:ogc:def:crs:OGC:1.3:CRS84" } },
"features": [
{ "type": "Feature", "properties": { "PATTERN": "Diminishing Cold Spot", "Shape_Area": 1067849.999998237 }, "geometry": { "type": "MultiPolygon", "coordinates": [ [ [ [ -72.091134248973944, 5.110656996364286 ], [ -72.09073231732873, 5.109869123450548 ], [ -72.090707120655111, 5.10946243224931 ], [ -72.09081598257147, 5.109300295527233 ], [ -72.090978052009177, 5.109328136095729 ], [ -72.091111743851584, 5.10965400432738 ], [ -72.091134248973944, 5.110656996364286 ] ] ], [ [ [ -72.09116128099879, 5.110657119051853 ], [ -72.091161036280283, 5.110711328207423 ], [ -72.091134004253178, 5.110711205518546 ], [ -72.09116128099879, 5.110657119051853 ] ] ], [ [ [ -72.092023614890536, 5.111257345620079 ], [ -72.092266414245799, 5.111366867975224 ], [ -72.091887965167956, 5.111365150660096 ], [ -72.091753049514423, 5.111310328096181 ], [ -72.091402856309983, 5.111037687358053 ], [ -72.091161036280283, 5.110711328207423 ], [ -72.091673176812421, 5.111038914160526 ], [ -72.091753538906929, 5.111201909729678 ], [ -72.091915608952235, 5.111229750355294 ], [ -72.091834145717883, 5.111310696124154 ], [ -72.091996215802993, 5.111338536746864 ], [ -72.091942518680071, 5.111256977619896 ], [ -72.092023614890536, 5.111257345620079 ] ] ], [ [ [ -72.077069938167028, 5.112300611749642 ], [ -72.076692231713949, 5.112136259800207 ], [ -72.076503870626937, 5.11194566689852 ], [ -72.077260882147897, 5.111922015612646 ], [ -72.077828057070718, 5.112033021742757 ], [ -72.07928470061033, 5.112717284522945 ], [ -72.07950009492076, 5.112908000435559 ], [ -72.079607116162535, 5.113152432017775 ], [ -72.079713031263182, 5.113640802307601 ], [ -72.079657369578328, 5.113992911674386 ], [ -72.0794980054728, 5.113368773415925 ], [ -72.07858211927315, 5.112659871434181 ], [ -72.077934216869536, 5.112467182952853 ], [ -72.077582803770682, 5.11246558011364 ], [ -72.07720521992583, 5.11227412409933 ], [ -72.077069938167028, 5.112300611749642 ] ] ], [ [ [ -72.079574429954974, 5.114399106322227 ], [ -72.079357560027262, 5.11453364160611 ], [ -72.079412730321366, 5.114289949551074 ], [ -72.07962935428003, 5.114209622784442 ], [ -72.079574429954974, 5.114399106322227 ] ] ], [ [ [ -72.079357437078556, 5.114560745894445 ], [ -72.079330405175469, 5.11456062261562 ], [ -72.079330528125311, 5.114533518327938 ], [ -72.079357437078556, 5.114560745894445 ] ] ], [ [ [ -72.078999996372318, 5.115887252859519 ], [ -72.078894697416501, 5.11526336119716 ], [ -72.078976531065109, 5.115101105464808 ], [ -72.079192417511067, 5.115183404738397 ], [ -72.079542357076164, 5.115510259050746 ], [ -72.079785521678232, 5.115538472942155 ], [ -72.079921296197213, 5.115403567840231 ], [ -72.07992264855973, 5.115105420524202 ], [ -72.080734467370405, 5.11491938778817 ], [ -72.082164827671249, 5.115440900081434 ], [ -72.082649807059383, 5.115795473931249 ], [ -72.082863975133094, 5.116257233575617 ], [ -72.082781036194902, 5.11666342960529 ], [ -72.081858627653105, 5.117391058049557 ], [ -72.081670140598661, 5.117227569283505 ], [ -72.08175197428028, 5.117065312946954 ], [ -72.081726294183355, 5.1167670419266 ], [ -72.081296608418214, 5.116141670402317 ], [ -72.080298022514256, 5.115784753919469 ], [ -72.079676779060065, 5.115673501274273 ], [ -72.07932487174962, 5.115780315534442 ], [ -72.079375738017703, 5.116485273624617 ], [ -72.07975148017178, 5.117083294558696 ], [ -72.080047602576414, 5.117355694063407 ], [ -72.081073836898582, 5.117577213882514 ], [ -72.081317248508654, 5.117551219008028 ], [ -72.081480055630621, 5.11741643690516 ], [ -72.081614847240104, 5.117498366199693 ], [ -72.081153949524875, 5.117794418347121 ], [ -72.080127591807795, 5.117600002748562 ], [ -72.079615090062106, 5.117353720856762 ], [ -72.07915751401589, 5.116917955505231 ], [ -72.078725371235308, 5.116834669053034 ], [ -72.07894248825896, 5.116645925958462 ], [ -72.078999996372318, 5.115887252859519 ] ] ], [ [ [ -72.077779498355937, 5.116776142274722 ], [ -72.077779621424583, 5.116749038026567 ], [ -72.077806653381899, 5.116749161423424 ], [ -72.077779498355937, 5.116776142274722 ] ] ], [ [ [ -72.077833316138822, 5.11683059756744 ], [ -72.077806530314419, 5.116776265672236 ], [ -72.077914535091239, 5.116803863502296 ], [ -72.077914412026956, 5.116830967753685 ], [ -72.077833316138822, 5.11683059756744 ] ] ], [ [ [ -72.077995507921045, 5.116831337929691 ], [ -72.07799538485952, 5.116858442182942 ], [ -72.077914288962006, 5.116858072004964 ], [ -72.077995507921045, 5.116831337929691 ] ] ], [ [ [ -72.077266074031641, 5.122682643820459 ], [ -72.077724758905248, 5.122874473898784 ], [ -72.077830300118606, 5.123444157201745 ], [ -72.077801172887874, 5.123904805773247 ], [ -72.07769181137833, 5.124175353888425 ], [ -72.077311880451177, 5.12449887442525 ], [ -72.07660830178321, 5.124658285626084 ], [ -72.076419322606355, 5.124603211721442 ], [ -72.075128189531853, 5.123187858274548 ], [ -72.075183487160587, 5.122917063804107 ], [ -72.075346419998837, 5.122755180613222 ], [ -72.075806583123025, 5.122621761431857 ], [ -72.076293162033608, 5.122623986443266 ], [ -72.077266074031641, 5.122682643820459 ] ] ], [ [ [ -72.089131934104103, 5.128998044017378 ], [ -72.089158966850817, 5.128998167228684 ], [ -72.08915884396599, 5.129025271742533 ], [ -72.089131934104103, 5.128998044017378 ] ] ], [ [ [ -72.088588329317659, 5.129646087547589 ], [ -72.087991149630199, 5.13018546546005 ], [ -72.08815519051376, 5.129779637840244 ], [ -72.088425763970534, 5.129726661511386 ], [ -72.088752492485938, 5.129213154971046 ], [ -72.089131811218138, 5.129025148530575 ], [ -72.088588329317659, 5.129646087547589 ] ] ], [ [ [ -72.086371645169805, 5.129635977181163 ], [ -72.086344735481873, 5.129608749391522 ], [ -72.086371768186908, 5.129608872735349 ], [ -72.086371645169805, 5.129635977181163 ] ] ], [ [ [ -72.08799102666751, 5.13021256994463 ], [ -72.087990903704153, 5.130239674429187 ], [ -72.08796387093345, 5.130239551138731 ], [ -72.08799102666751, 5.13021256994463 ] ] ], [ [ [ -72.086470055926924, 5.131777721893527 ], [ -72.08574435546484, 5.13085283932707 ], [ -72.085692136039867, 5.130446026098519 ], [ -72.08577471091472, 5.130121143100247 ], [ -72.085423654912347, 5.130038225786159 ], [ -72.085370204851458, 5.129902456890292 ], [ -72.085425993069094, 5.129523241754024 ], [ -72.085752968978554, 5.128955529192779 ], [ -72.085915041947345, 5.12898337373013 ], [ -72.086130319196485, 5.129201195997742 ], [ -72.086155875639676, 5.129526572630887 ], [ -72.08634461246362, 5.129635853836682 ], [ -72.086448683470508, 5.130530793970518 ], [ -72.086583478115656, 5.130612724117322 ], [ -72.086663099985671, 5.130938347610529 ], [ -72.086607680983363, 5.131236249836249 ], [ -72.086444992101008, 5.13134392736675 ], [ -72.086823205007263, 5.131399863510201 ], [ -72.086470055926924, 5.131777721893527 ] ] ], [ [ [ -72.086823328047842, 5.131372759054884 ], [ -72.086850360838696, 5.131372882420757 ], [ -72.08685023779924, 5.131399986876728 ], [ -72.086823328047842, 5.131372759054884 ] ] ], [ [ [ -72.081443343821519, 5.137392574076586 ], [ -72.081364219655867, 5.136958533768269 ], [ -72.081501481834408, 5.136498378943702 ], [ -72.082426273452, 5.135255784724156 ], [ -72.083458206161978, 5.134230516347031 ], [ -72.084188708891659, 5.134098330575945 ], [ -72.08340105896059, 5.134907878431188 ], [ -72.081443343821519, 5.137392574076586 ] ] ], [ [ [ -72.073124226047511, 5.14765421977801 ], [ -72.073151259192855, 5.147654344115663 ], [ -72.073151135180979, 5.147681448225073 ], [ -72.073124226047511, 5.14765421977801 ] ] ], [ [ [ -72.045792678805867, 5.147826066821517 ], [ -72.045873776265239, 5.147826443323827 ], [ -72.045900433241911, 5.147907879150356 ], [ -72.045792678805867, 5.147826066821517 ] ] ], [ [ [ -72.072067328548812, 5.148218555456106 ], [ -72.072527512328307, 5.148085149565338 ], [ -72.072771927009612, 5.147842331985202 ], [ -72.073124102034498, 5.147681323886761 ], [ -72.071628717169347, 5.149544664460124 ], [ -72.071520212038521, 5.149625478866165 ], [ -72.071602676943584, 5.149327707450841 ], [ -72.071578250113859, 5.14875839753913 ], [ -72.071714656851185, 5.148487978941097 ], [ -72.072067328548812, 5.148218555456106 ] ] ], [ [ [ -72.071519963780474, 5.149679687002204 ], [ -72.071519839650463, 5.149706791070117 ], [ -72.071492806458082, 5.149706666613755 ], [ -72.071519963780474, 5.149679687002204 ] ] ], [ [ [ -72.067180386820581, 5.158658398515203 ], [ -72.067234827337472, 5.158577336357322 ], [ -72.067261487220506, 5.15865877307831 ], [ -72.067179141473659, 5.158929438059543 ], [ -72.067180386820581, 5.158658398515203 ] ] ], [ [ [ -72.042118840561614, 5.176403639068713 ], [ -72.04236138691337, 5.176567396196138 ], [ -72.041009076426008, 5.176696593865896 ], [ -72.04092885824862, 5.176506491563438 ], [ -72.040686438681703, 5.176315630820014 ], [ -72.040741136235127, 5.176180367185412 ], [ -72.041119732235742, 5.176155033474639 ], [ -72.041578042535278, 5.176428215070769 ], [ -72.042118840561614, 5.176403639068713 ] ] ], [ [ [ -72.043034455551009, 5.177166828174529 ], [ -72.04303458155934, 5.1771397248272 ], [ -72.043061615218789, 5.177139851159446 ], [ -72.043034455551009, 5.177166828174529 ] ] ], [ [ [ -72.04322016290962, 5.177926606325579 ], [ -72.042923926542755, 5.177681286375118 ], [ -72.04306148921161, 5.17716695450744 ], [ -72.043599516740954, 5.177738651504984 ], [ -72.044216882545314, 5.178690174780284 ], [ -72.044430884735121, 5.179179046147098 ], [ -72.043596870623063, 5.178307822074456 ], [ -72.043246188440051, 5.178143559483409 ], [ -72.043165843472124, 5.17798056033498 ], [ -72.04322016290962, 5.177926606325579 ] ] ], [ [ [ -72.044457918515434, 5.179179172469338 ], [ -72.044457792517832, 5.179206275849928 ], [ -72.044430758736354, 5.179206149527025 ], [ -72.044457918515434, 5.179179172469338 ] ] ], [ [ [ -72.050305269079644, 5.183299189087503 ], [ -72.051087245098856, 5.183736504225496 ], [ -72.051546322288218, 5.183847062797497 ], [ -72.052085621785906, 5.184147724413113 ], [ -72.052680122339723, 5.184204705852593 ], [ -72.052679493483197, 5.184340223743249 ], [ -72.052544196705625, 5.184366696824823 ], [ -72.052570476223721, 5.184529444378173 ], [ -72.052325155623279, 5.184961966491359 ], [ -72.051972200964414, 5.185285569477066 ], [ -72.049811983386149, 5.184733403733489 ], [ -72.047523027721098, 5.182798325116392 ], [ -72.048740314237421, 5.182641385594525 ], [ -72.049253835101965, 5.182670887116513 ], [ -72.049874359797727, 5.18294482455518 ], [ -72.050305269079644, 5.183299189087503 ] ] ], [ [ [ -72.036449443245161, 5.110487783128936 ], [ -72.036530784603769, 5.110433951601929 ], [ -72.036557192040789, 5.110569592806476 ], [ -72.036879940038503, 5.110923434832326 ], [ -72.036394509266458, 5.110677255831159 ], [ -72.036126072387745, 5.110269457315596 ], [ -72.036449443245161, 5.110487783128936 ] ] ], [ [ [ -72.038145773937245, 5.111932129142167 ], [ -72.038145649318935, 5.111959232424408 ], [ -72.038118618530575, 5.111959107470979 ], [ -72.038145773937245, 5.111932129142167 ] ] ], [ [ [ -72.038199710897686, 5.111959482327856 ], [ -72.038199586280967, 5.111986585611317 ], [ -72.038172555490149, 5.111986460659494 ], [ -72.038199710897686, 5.111959482327856 ] ] ], [ [ [ -72.038226492456232, 5.112013813846154 ], [ -72.038226617072482, 5.111986710562002 ], [ -72.03825364786465, 5.111986835511551 ], [ -72.038226492456232, 5.112013813846154 ] ] ], [ [ [ -72.038307584838151, 5.11201418869339 ], [ -72.03830746022463, 5.112041291979515 ], [ -72.038253398633742, 5.112041042081161 ], [ -72.038307584838151, 5.11201418869339 ] ] ], [ [ [ -72.038361521818217, 5.112041541873323 ], [ -72.038361397206302, 5.112068645160735 ], [ -72.03830733561044, 5.112068395265595 ], [ -72.038361521818217, 5.112041541873323 ] ] ], [ [ [ -72.038604176007127, 5.112178182806041 ], [ -72.038523083582703, 5.112177807984319 ], [ -72.038361397206302, 5.112068645160735 ], [ -72.038442489605075, 5.112069019994921 ], [ -72.038604176007127, 5.112178182806041 ] ] ], [ [ [ -72.04124784467065, 5.113355865750915 ], [ -72.041247720147894, 5.113382969108311 ], [ -72.041220689223636, 5.113382844250969 ], [ -72.04124784467065, 5.113355865750915 ] ] ], [ [ [ -72.041382501223865, 5.113464903459962 ], [ -72.041274751072791, 5.113383093964516 ], [ -72.042138620625039, 5.113631019175861 ], [ -72.041382501223865, 5.113464903459962 ] ] ], [ [ [ -72.037057391156466, 5.11935354638142 ], [ -72.037057516001809, 5.119326443132259 ], [ -72.037084547073192, 5.119326568310053 ], [ -72.037057391156466, 5.11935354638142 ] ] ], [ [ [ -72.037185179800318, 5.120953264113439 ], [ -72.037592395022443, 5.120575696519265 ], [ -72.037376645393962, 5.120466281968834 ], [ -72.03729630118211, 5.120303286860706 ], [ -72.037084422229, 5.119353671559881 ], [ -72.037705013688921, 5.119600479735522 ], [ -72.037973577258001, 5.119981177055026 ], [ -72.038026765743581, 5.120171150271138 ], [ -72.038024768459479, 5.120604802625353 ], [ -72.037915645128137, 5.120821128094805 ], [ -72.037968458973424, 5.121092411152309 ], [ -72.037185179800318, 5.120953264113439 ] ], [ [ -72.037456240455811, 5.120791896636804 ], [ -72.037483271598532, 5.120792021833493 ], [ -72.037483396461212, 5.12076491857505 ], [ -72.037456240455811, 5.120791896636804 ] ] ], [ [ [ -72.037995490141384, 5.121092536334697 ], [ -72.037995365292247, 5.121119639605483 ], [ -72.03796833412315, 5.121119514422429 ], [ -72.037995490141384, 5.121092536334697 ] ] ], [ [ [ -72.038075959413874, 5.121228428238676 ], [ -72.038075834564808, 5.121255531511331 ], [ -72.038048803388037, 5.121255406328361 ], [ -72.038075959413874, 5.121228428238676 ] ] ], [ [ [ -72.039255048191791, 5.176010793508978 ], [ -72.03922851923798, 5.175902254023109 ], [ -72.039093603970244, 5.175847415180193 ], [ -72.038174591285269, 5.175816011321248 ], [ -72.038228153527726, 5.175924677255362 ], [ -72.037579602391844, 5.17586743429468 ], [ -72.036877868491544, 5.175620215232248 ], [ -72.03695922128226, 5.175566388504702 ], [ -72.036689644309959, 5.175402503754141 ], [ -72.035367027650224, 5.174962650306789 ], [ -72.035043511205814, 5.174771408872675 ], [ -72.034747659846218, 5.174444778281099 ], [ -72.034372729574699, 5.173684117653751 ], [ -72.035829751507578, 5.174287223159564 ], [ -72.036584161492186, 5.174832830505633 ], [ -72.037150601044488, 5.175106519885468 ], [ -72.037582631216338, 5.175216957148155 ], [ -72.039907762029515, 5.175173626955893 ], [ -72.040150811379988, 5.175228971230995 ], [ -72.040176710114977, 5.175473027146765 ], [ -72.040528650198524, 5.175366257285859 ], [ -72.041310227784663, 5.175884885122018 ], [ -72.041120866797343, 5.175911103763992 ], [ -72.040472818059982, 5.175745450489774 ], [ -72.040147406868769, 5.175960759727483 ], [ -72.040119112265558, 5.176231666064553 ], [ -72.040253145054507, 5.176476227742145 ], [ -72.039902591655533, 5.176284861088493 ], [ -72.039929877438979, 5.176230780990264 ], [ -72.039578819814963, 5.176147827341991 ], [ -72.03963313913637, 5.176093873723069 ], [ -72.039390341927316, 5.175984322569242 ], [ -72.039255048191791, 5.176010793508978 ] ], [ [ -72.039472577647643, 5.175740772598045 ], [ -72.039716005399939, 5.175714807341706 ], [ -72.039850290217174, 5.175905162417021 ], [ -72.040095105188882, 5.175581061004435 ], [ -72.039420528581502, 5.175306867538267 ], [ -72.039203125499924, 5.175549785252514 ], [ -72.038905504776494, 5.175602600642978 ], [ -72.039256814103737, 5.175631347932523 ], [ -72.039472577647643, 5.175740772598045 ] ], [ [ -72.038581229074509, 5.175573979661599 ], [ -72.038013904619916, 5.175490013552504 ], [ -72.038040054808448, 5.175679862638891 ], [ -72.038121281416011, 5.175653138937394 ], [ -72.038581229074509, 5.175573979661599 ] ], [ [ -72.040176584025815, 5.175500130425167 ], [ -72.040149424415787, 5.175527107287431 ], [ -72.040176457935956, 5.175527233703559 ], [ -72.040176584025815, 5.175500130425167 ] ], [ [ -72.040743909880447, 5.175584094761134 ], [ -72.040689716738044, 5.175610945264345 ], [ -72.040743783812687, 5.175611198053422 ], [ -72.040743909880447, 5.175584094761134 ] ], [ [ -72.04055417083174, 5.175691623134234 ], [ -72.040635397519353, 5.175664899049822 ], [ -72.040662683201717, 5.175610818868081 ], [ -72.040581456521451, 5.175637542960637 ], [ -72.04055417083174, 5.175691623134234 ] ], [ [ -72.040418877072128, 5.175718094386861 ], [ -72.040256928058383, 5.175663129346575 ], [ -72.040283709407731, 5.175717462323198 ], [ -72.040418877072128, 5.175718094386861 ] ], [ [ -72.040202861003209, 5.175662876513416 ], [ -72.040230020621365, 5.175635899650978 ], [ -72.04020298709527, 5.17563577323449 ], [ -72.040202861003209, 5.175662876513416 ] ] ], [ [ [ -72.041364168864291, 5.175912241178776 ], [ -72.041364042814905, 5.175939344486052 ], [ -72.041309975681955, 5.175939091733934 ], [ -72.041364168864291, 5.175912241178776 ] ] ], [ [ [ -72.038146800688281, 5.175978504181091 ], [ -72.037957440080106, 5.176004721784088 ], [ -72.037957692471451, 5.175950515337401 ], [ -72.038146800688281, 5.175978504181091 ] ] ], [ [ [ -72.039363056133737, 5.176038402624314 ], [ -72.039308989090628, 5.17603814969658 ], [ -72.039309115229926, 5.176011046439983 ], [ -72.039363056133737, 5.176038402624314 ] ] ], [ [ [ -72.039444030569186, 5.176065885267168 ], [ -72.039389963519767, 5.176065632345006 ], [ -72.039390089656294, 5.176038529086455 ], [ -72.039444030569186, 5.176065885267168 ] ] ], [ [ [ -72.038281589596906, 5.176060446426396 ], [ -72.038281463412659, 5.176087549657688 ], [ -72.03825442991527, 5.17608742314704 ], [ -72.038281589596906, 5.176060446426396 ] ] ], [ [ [ -72.039498097621276, 5.176066138184726 ], [ -72.039497971488686, 5.176093241445979 ], [ -72.039443904434307, 5.176092988527089 ], [ -72.039498097621276, 5.176066138184726 ] ] ], [ [ [ -72.039200602722673, 5.176091850335124 ], [ -72.039146409534837, 5.176118700643426 ], [ -72.039146535683017, 5.176091597390919 ], [ -72.039200602722673, 5.176091850335124 ] ] ], [ [ [ -72.03957907207527, 5.176093620815685 ], [ -72.039578945945451, 5.176120724078843 ], [ -72.039497845355427, 5.176120344707139 ], [ -72.03957907207527, 5.176093620815685 ] ] ], [ [ [ -72.039821743267069, 5.176230275208209 ], [ -72.039794709725768, 5.17623014875982 ], [ -72.039794835849108, 5.176203045491426 ], [ -72.039821743267069, 5.176230275208209 ] ] ], [ [ [ -72.040253523381992, 5.176394917903667 ], [ -72.040253397273503, 5.176422021183193 ], [ -72.040226363713458, 5.176421894748555 ], [ -72.040253523381992, 5.176394917903667 ] ] ], [ [ [ -72.040310339159888, 5.176530702976451 ], [ -72.040333993530737, 5.176530813606004 ], [ -72.04032572754258, 5.176539023950972 ], [ -72.040360900990791, 5.176558043320753 ], [ -72.040495312220017, 5.176721295182061 ], [ -72.03998318782314, 5.176393653512169 ], [ -72.039200476576781, 5.176118953588962 ], [ -72.03995640651118, 5.176339320522169 ], [ -72.040310339159888, 5.176530702976451 ] ] ], [ [ [ -72.040280430834201, 5.176422147616679 ], [ -72.040280304726195, 5.176449250896876 ], [ -72.040253271164346, 5.176449124462724 ], [ -72.040280430834201, 5.176422147616679 ] ] ], [ [ [ -72.040307338288727, 5.176449377329877 ], [ -72.040307086072971, 5.176503583891406 ], [ -72.040280052508152, 5.176503457457073 ], [ -72.040307338288727, 5.176449377329877 ] ] ], [ [ [ -72.008835114612708, 5.072984248868631 ], [ -72.009731797189403, 5.071958481558561 ], [ -72.010163752717503, 5.072068894564487 ], [ -72.010000958053823, 5.072203656733759 ], [ -72.010296897958895, 5.072503162322119 ], [ -72.011162432694789, 5.072371653496308 ], [ -72.012133836440256, 5.07272849168876 ], [ -72.011591270083713, 5.073159632295085 ], [ -72.011291585389074, 5.073673206278225 ], [ -72.01072086565263, 5.074348143905855 ], [ -72.010502140206626, 5.074889194986956 ], [ -72.01038940538993, 5.075891491310535 ], [ -72.009663505833601, 5.075047928706965 ], [ -72.008716757554737, 5.075206159946997 ], [ -72.008284551140292, 5.075149950038903 ], [ -72.0075858094132, 5.074279409911577 ], [ -72.007613837606513, 5.074062714762089 ], [ -72.007804286312123, 5.073792566253196 ], [ -72.008835114612708, 5.072984248868631 ] ], [ [ -72.010261755135673, 5.074264707751894 ], [ -72.010014752069708, 5.075076659413652 ], [ -72.010067185595801, 5.075429243906425 ], [ -72.010148645980323, 5.075348311754452 ], [ -72.010124115098662, 5.074806134133122 ], [ -72.010261755135673, 5.074264707751894 ] ], [ [ -72.010153641037476, 5.074264206940018 ], [ -72.010235475755195, 5.074101966812724 ], [ -72.009939660458556, 5.073775358178892 ], [ -72.008965760666442, 5.073960568312578 ], [ -72.008748908261055, 5.074095079227564 ], [ -72.008908830660843, 5.074583677384063 ], [ -72.00953086115625, 5.074505250369195 ], [ -72.010153641037476, 5.074264206940018 ] ] ], [ [ [ -72.011282029166352, 5.110831671084284 ], [ -72.011333449102224, 5.111401078203141 ], [ -72.011474256627409, 5.110182090499462 ], [ -72.011528819509664, 5.110073932063912 ], [ -72.01158174839108, 5.110318107754932 ], [ -72.011664975242184, 5.109857741163597 ], [ -72.011345139253251, 5.108880534517003 ], [ -72.011426354916125, 5.108853809908727 ], [ -72.011373802878737, 5.108528326432967 ], [ -72.011185723983616, 5.108283520865577 ], [ -72.011213507900607, 5.108121031151192 ], [ -72.011025303464592, 5.107903328253804 ], [ -72.011107021582092, 5.107768193155235 ], [ -72.011081373776364, 5.107469938389463 ], [ -72.010921455822341, 5.106981335448131 ], [ -72.010625885942005, 5.106600513147682 ], [ -72.010650779818377, 5.107061383429601 ], [ -72.01062312163333, 5.107196770462864 ], [ -72.009600636020991, 5.106189186348028 ], [ -72.008953428391493, 5.105860930911605 ], [ -72.008035672462512, 5.105585619708627 ], [ -72.009414443358139, 5.105537842398598 ], [ -72.009927004684982, 5.105757057016422 ], [ -72.01086877803121, 5.106682954765201 ], [ -72.011780886008253, 5.108177882033308 ], [ -72.012073944319255, 5.109100757402437 ], [ -72.012280257279727, 5.111242874075702 ], [ -72.012030951920636, 5.11254266633204 ], [ -72.012054461392466, 5.113301666200725 ], [ -72.011729847502608, 5.113354358346177 ], [ -72.011621978262056, 5.113299648685417 ], [ -72.011490097174459, 5.112594349989884 ], [ -72.011169508084663, 5.111779758375188 ], [ -72.011008207673527, 5.111589283566591 ], [ -72.011036495234919, 5.111318383537287 ], [ -72.011171897178784, 5.111264808691554 ], [ -72.011282029166352, 5.110831671084284 ] ], [ [ -72.011278131520569, 5.11167185223835 ], [ -72.011251101407439, 5.111671726159523 ], [ -72.011250975664993, 5.11169882877631 ], [ -72.011278131520569, 5.11167185223835 ] ], [ [ -72.011278885954283, 5.111509236533118 ], [ -72.011278634479083, 5.111563441768271 ], [ -72.011305664588363, 5.111563567843276 ], [ -72.011278885954283, 5.111509236533118 ] ] ], [ [ [ -72.036126197049526, 5.110242354081745 ], [ -72.036099041719851, 5.110269332318256 ], [ -72.036099166382755, 5.11024222908507 ], [ -72.036126197049526, 5.110242354081745 ] ] ], [ [ [ -72.011146250146098, 5.110966553857174 ], [ -72.011148136006312, 5.110560014632452 ], [ -72.011172903040205, 5.111047987769318 ], [ -72.011117962729884, 5.11123745392999 ], [ -72.011146250146098, 5.110966553857174 ] ] ], [ [ [ -72.030846736159106, 5.112060969244295 ], [ -72.030929327048909, 5.111736107777671 ], [ -72.031118416369097, 5.111764087619869 ], [ -72.031495221270987, 5.1121181814651 ], [ -72.031467815926774, 5.112199365579451 ], [ -72.031034826161772, 5.112305774016963 ], [ -72.030846736159106, 5.112060969244295 ] ] ], [ [ [ -72.012365995367176, 5.116067648644103 ], [ -72.011981908311796, 5.11728550095301 ], [ -72.011275468219452, 5.118068195475564 ], [ -72.010868627449668, 5.11836443043199 ], [ -72.011637560982777, 5.115766113585514 ], [ -72.011800120217345, 5.11568556266676 ], [ -72.011882091792145, 5.115496222722277 ], [ -72.012071052224726, 5.115551310990267 ], [ -72.012341732590357, 5.115471264413678 ], [ -72.012365995367176, 5.116067648644103 ] ] ], [ [ [ -72.008304844059765, 5.129085286777277 ], [ -72.008331874831086, 5.129085413408991 ], [ -72.008331622237989, 5.129139618467958 ], [ -72.008304844059765, 5.129085286777277 ] ] ], [ [ [ -72.008227035332169, 5.128380241169229 ], [ -72.007931717878705, 5.127945207974973 ], [ -72.007796564318355, 5.127944574860762 ], [ -72.007714714416437, 5.128106810068894 ], [ -72.007981106401559, 5.128948254503616 ], [ -72.007792522685577, 5.128811855396235 ], [ -72.007658000539479, 5.128675709580823 ], [ -72.007605202195833, 5.128404431160791 ], [ -72.007608486018341, 5.127699765839979 ], [ -72.008022531663599, 5.125858693517848 ], [ -72.008275650355486, 5.123745835089748 ], [ -72.008984498548472, 5.122448201323689 ], [ -72.008979579975119, 5.123505200806537 ], [ -72.008568444433067, 5.124722917967223 ], [ -72.008751727873374, 5.125997623064754 ], [ -72.009207589484319, 5.126785748090469 ], [ -72.00963541145272, 5.127790567394975 ], [ -72.011167081150717, 5.129749165789574 ], [ -72.012428449005824, 5.131706500693779 ], [ -72.013531421371425, 5.132849998709641 ], [ -72.013799965714213, 5.133230700960324 ], [ -72.014094405906874, 5.133855453798743 ], [ -72.01425356448425, 5.134506676945224 ], [ -72.014762361885744, 5.135538982511031 ], [ -72.015268888705933, 5.137059137114217 ], [ -72.015133606111533, 5.137085607123661 ], [ -72.01483802910569, 5.136704777529866 ], [ -72.014648810346188, 5.136703891699714 ], [ -72.014595126506194, 5.136622330558664 ], [ -72.0142471284246, 5.135888913190943 ], [ -72.014166161031014, 5.135861430872505 ], [ -72.014086455815345, 5.135562921878058 ], [ -72.013683386339409, 5.135046073057151 ], [ -72.013471807039195, 5.134042262462447 ], [ -72.013284229968519, 5.133689042253563 ], [ -72.013392606717815, 5.133635343080929 ], [ -72.012612744376966, 5.132764389023505 ], [ -72.011831243138033, 5.132245769208983 ], [ -72.011536300690736, 5.13172942744252 ], [ -72.011350365827667, 5.131023873822091 ], [ -72.011296556409022, 5.130969415514211 ], [ -72.011269146826194, 5.131050596764417 ], [ -72.010788270409265, 5.129828702061941 ], [ -72.010008541313013, 5.128930646921151 ], [ -72.009685181538842, 5.128712307654808 ], [ -72.009658781894672, 5.128576668275054 ], [ -72.009227551871618, 5.128303617605733 ], [ -72.009337189682682, 5.1279788932291 ], [ -72.009147217032421, 5.128140622575447 ], [ -72.008823100557507, 5.128084898527359 ], [ -72.009037705319244, 5.128438244298068 ], [ -72.009062084704595, 5.129007524391254 ], [ -72.008899268639524, 5.12914227749886 ], [ -72.0086295922072, 5.129005498671788 ], [ -72.008926804511404, 5.129033993929673 ], [ -72.008819060198903, 5.128952179876494 ], [ -72.00857590950497, 5.128923937829263 ], [ -72.008334274330551, 5.128570465343605 ], [ -72.008037188710617, 5.128514867427377 ], [ -72.007984390161965, 5.128243588951542 ], [ -72.008199878308815, 5.128407217077284 ], [ -72.008227035332169, 5.128380241169229 ] ], [ [ -72.008872490399312, 5.129087945803876 ], [ -72.008899521184858, 5.129088072411649 ], [ -72.008899647456516, 5.129060969868005 ], [ -72.008872490399312, 5.129087945803876 ] ] ], [ [ [ -72.011211676709792, 5.13178211383036 ], [ -72.011211802950555, 5.131755011231484 ], [ -72.011238833906333, 5.131755137805924 ], [ -72.011211676709792, 5.13178211383036 ] ] ], [ [ [ -72.011265738624289, 5.131782366979444 ], [ -72.011265612385131, 5.131809469579672 ], [ -72.011238581426412, 5.131809343005028 ], [ -72.011265738624289, 5.131782366979444 ] ] ], [ [ [ -72.011292643344518, 5.131809596153174 ], [ -72.011292517105815, 5.131836698754013 ], [ -72.011265486145291, 5.131836572179839 ], [ -72.011292643344518, 5.131809596153174 ] ] ], [ [ [ -72.011319548067021, 5.131836825327047 ], [ -72.011319421828787, 5.131863927928567 ], [ -72.011292390866444, 5.131863801354861 ], [ -72.011319548067021, 5.131836825327047 ] ] ], [ [ [ -72.017657267175906, 5.140810574012794 ], [ -72.017739244971366, 5.140621234307415 ], [ -72.017660421762415, 5.14013300522203 ], [ -72.017767159724073, 5.140431641543406 ], [ -72.017842070818546, 5.141760056100487 ], [ -72.017947799010997, 5.14227551464423 ], [ -72.01794338104672, 5.143224111132803 ], [ -72.017756558402809, 5.142708272817009 ], [ -72.017193692726195, 5.14167571059436 ], [ -72.017220976710163, 5.141621631679665 ], [ -72.017355629414396, 5.141730675452389 ], [ -72.017358658676571, 5.141080209611862 ], [ -72.017657267175906, 5.140810574012794 ] ] ], [ [ [ -72.019570472774603, 5.147920613408205 ], [ -72.019082636591165, 5.14818936190759 ], [ -72.018869160805224, 5.147592087652726 ], [ -72.018818128432528, 5.146941367781142 ], [ -72.019570472774603, 5.147920613408205 ] ] ], [ [ [ -72.02139096389196, 5.151723617877764 ], [ -72.021661284420873, 5.151724884158062 ], [ -72.021850003691341, 5.151834181869956 ], [ -72.021795686983097, 5.1518881343228 ], [ -72.022065249998349, 5.152052017578336 ], [ -72.022091776947732, 5.152160555597596 ], [ -72.022442941573715, 5.152216407212476 ], [ -72.022739284588383, 5.15243462269599 ], [ -72.022792717501389, 5.152570390225015 ], [ -72.022523027706839, 5.152433609908122 ], [ -72.022144578267856, 5.152431837352977 ], [ -72.022522648886138, 5.152514918494198 ], [ -72.022818992029414, 5.152733134034731 ], [ -72.022764043871589, 5.15292260091081 ], [ -72.022329256434801, 5.153408426507514 ], [ -72.022461512106034, 5.154032425437392 ], [ -72.022085209264333, 5.153569903846535 ], [ -72.021900531607386, 5.152593314814282 ], [ -72.021712317397188, 5.152375605616777 ], [ -72.02125390894598, 5.152129527160914 ], [ -72.020796132636931, 5.151747934477883 ], [ -72.020554234030968, 5.151448663541127 ], [ -72.02139096389196, 5.151723617877764 ] ] ], [ [ [ -72.023303676654649, 5.153141955825059 ], [ -72.023031208461944, 5.153601438751384 ], [ -72.022975376109429, 5.153980625738916 ], [ -72.022978280635897, 5.153357259676913 ], [ -72.023116219217101, 5.152761629418054 ], [ -72.023303676654649, 5.153141955825059 ] ] ], [ [ [ -72.023029061608241, 5.154062187599897 ], [ -72.023028935316674, 5.154089290473139 ], [ -72.023001903127025, 5.154089163850434 ], [ -72.023029061608241, 5.154062187599897 ] ] ], [ [ [ -72.023001019059194, 5.154278883957438 ], [ -72.02300089276109, 5.154305986829768 ], [ -72.022973860562971, 5.154305860200564 ], [ -72.023001019059194, 5.154278883957438 ] ] ], [ [ [ -72.023027672363952, 5.154360319203747 ], [ -72.023027546064981, 5.154387422076651 ], [ -72.023000513862769, 5.154387295446583 ], [ -72.023027672363952, 5.154360319203747 ] ] ], [ [ [ -72.0261104831837, 5.154130820901007 ], [ -72.026218107623933, 5.154239738668808 ], [ -72.026428435992727, 5.155514589520966 ], [ -72.026180349186504, 5.156543362946757 ], [ -72.025853183499976, 5.157138108982688 ], [ -72.025612669532364, 5.15654070518052 ], [ -72.026130575570477, 5.155621609608527 ], [ -72.026079918075837, 5.154889576963312 ], [ -72.025946018434979, 5.154617914940492 ], [ -72.026029134050489, 5.15418464731405 ], [ -72.0261104831837, 5.154130820901007 ] ] ], [ [ [ -72.025478391476327, 5.156350351781879 ], [ -72.025532834891109, 5.156269296126428 ], [ -72.025532203685529, 5.15640481079274 ], [ -72.025478391476327, 5.156350351781879 ] ] ], [ [ [ -72.025082382095661, 5.160115885623411 ], [ -72.025654738371983, 5.159115737163612 ], [ -72.025735583174054, 5.159170322930998 ], [ -72.025974833760131, 5.160038756694924 ], [ -72.026078542600118, 5.160987866270612 ], [ -72.02593933665834, 5.161854526999267 ], [ -72.025393123502852, 5.16304452168629 ], [ -72.025145404687464, 5.163991983089271 ], [ -72.025114831243414, 5.164750737966103 ], [ -72.025216005626561, 5.166241905610003 ], [ -72.025427840180782, 5.167191522453239 ], [ -72.025721658795845, 5.167951799629738 ], [ -72.027419291424337, 5.169125216403459 ], [ -72.025206136707965, 5.168355933057222 ], [ -72.024372169171201, 5.167484706632342 ], [ -72.024131532016227, 5.1669144038726 ], [ -72.024081263093493, 5.166101063432076 ], [ -72.024635325077355, 5.163230692829348 ], [ -72.024835298453979, 5.16092783281033 ], [ -72.025082382095661, 5.160115885623411 ] ], [ [ -72.024915132192234, 5.161199242083365 ], [ -72.024887594097279, 5.161307527019313 ], [ -72.024941659181096, 5.161307780456736 ], [ -72.024915132192234, 5.161199242083365 ] ] ], [ [ [ -72.027473357295548, 5.169125470007851 ], [ -72.02750013728631, 5.169179802750433 ], [ -72.027446071409202, 5.169179549145665 ], [ -72.027473357295548, 5.169125470007851 ] ] ], [ [ [ -72.027554203166105, 5.169180056350604 ], [ -72.027554076694472, 5.169207159322941 ], [ -72.027500010812389, 5.169206905721432 ], [ -72.027554203166105, 5.169180056350604 ] ] ], [ [ [ -72.027608142579254, 5.169207412919851 ], [ -72.027608016109241, 5.169234515893498 ], [ -72.027580983165365, 5.169234389094948 ], [ -72.027608142579254, 5.169207412919851 ] ] ], [ [ [ -72.028928964888038, 5.170026714788579 ], [ -72.028929091321388, 5.169999611782952 ], [ -72.028956124330946, 5.169999738542753 ], [ -72.028928964888038, 5.170026714788579 ] ] ], [ [ [ -72.030409967714974, 5.171280424827748 ], [ -72.029521921494549, 5.170408945535157 ], [ -72.028955997898748, 5.170026841549045 ], [ -72.030845783137096, 5.17057777298116 ], [ -72.031519967932852, 5.170933279839133 ], [ -72.032758439566848, 5.172023229529755 ], [ -72.033080564269056, 5.172512605118313 ], [ -72.031245845820365, 5.171745104907722 ], [ -72.030409967714974, 5.171280424827748 ] ] ], [ [ [ -72.034345696275437, 5.17368399103494 ], [ -72.034345822568241, 5.173656887898677 ], [ -72.034372855866351, 5.173657014516825 ], [ -72.034345696275437, 5.17368399103494 ] ] ], [ [ [ -71.9867408969384, 5.087137481896863 ], [ -71.986713868462175, 5.08713735539227 ], [ -71.986713994623685, 5.087110253367444 ], [ -71.9867408969384, 5.087137481896863 ] ] ], [ [ [ -71.987194956422115, 5.088305019871395 ], [ -71.987061075478138, 5.088033366960758 ], [ -71.986791295010974, 5.087923693671769 ], [ -71.986711092736641, 5.087733599932965 ], [ -71.987145819582892, 5.087247787472734 ], [ -71.986820973090659, 5.087354677623621 ], [ -71.986930853195858, 5.086975755215238 ], [ -71.987202020921245, 5.086787305818112 ], [ -71.987229427786758, 5.086706126179253 ], [ -71.986768051574572, 5.087110506374148 ], [ -71.986741401575856, 5.087029073794517 ], [ -71.987148846903693, 5.086597338610964 ], [ -71.987149351419035, 5.086488930465943 ], [ -71.987284745968495, 5.086435358726395 ], [ -71.987768357890317, 5.08706098207978 ], [ -71.988356931880674, 5.088364663055079 ], [ -71.988516076299462, 5.089015871484883 ], [ -71.988348606234112, 5.090153399289192 ], [ -71.987565659277479, 5.08996001567825 ], [ -71.987513368765747, 5.089580333999791 ], [ -71.987593823624195, 5.089716223815352 ], [ -71.987648007023253, 5.089689374831334 ], [ -71.987623375857609, 5.08917430943323 ], [ -71.987273770910718, 5.08879323608741 ], [ -71.987140142299424, 5.088467379048307 ], [ -71.9872212279286, 5.08846775860399 ], [ -71.987194956422115, 5.088305019871395 ] ] ], [ [ [ -71.987113366112979, 5.088413048459922 ], [ -71.987113492289566, 5.088385946426104 ], [ -71.987140520827893, 5.088386072944894 ], [ -71.987113366112979, 5.088413048459922 ] ] ], [ [ [ -71.987486340168275, 5.089580207467034 ], [ -71.987486466358348, 5.089553105424846 ], [ -71.987513494954698, 5.089553231956927 ], [ -71.987486340168275, 5.089580207467034 ] ] ], [ [ [ -71.993768322415235, 5.098797429771023 ], [ -71.993551206147501, 5.098986133056331 ], [ -71.993550575286193, 5.099121643986559 ], [ -71.994088509036786, 5.0996933202419 ], [ -71.995058785205103, 5.100294122644996 ], [ -71.995274892965995, 5.10032223668078 ], [ -71.995437572913801, 5.10021458656424 ], [ -71.995436059400816, 5.100539813349291 ], [ -71.995056893030636, 5.100700655982711 ], [ -71.994083714252682, 5.100723203783502 ], [ -71.993922548464369, 5.100505627018286 ], [ -71.993759615981105, 5.100667480936761 ], [ -71.993463430552254, 5.100422169236825 ], [ -71.993353672914466, 5.100773991362662 ], [ -71.992762060190202, 5.100120754716041 ], [ -71.992492525978435, 5.099956875979012 ], [ -71.991991216221678, 5.097325562472108 ], [ -71.992881913078236, 5.097600759250266 ], [ -71.993340145829919, 5.097873931497062 ], [ -71.993823263759523, 5.098607967412285 ], [ -71.993768322415235, 5.098797429771023 ] ] ], [ [ [ -71.998781895793527, 5.101802193493532 ], [ -71.998512610169215, 5.101584111362651 ], [ -71.998700429550937, 5.101883121342097 ], [ -71.998672517949558, 5.102072711156014 ], [ -71.997837632355811, 5.101418338083793 ], [ -71.997947262273357, 5.101093616111809 ], [ -71.997866300300416, 5.101066134678184 ], [ -71.997813375994255, 5.100821961294151 ], [ -71.997597897686688, 5.100658336521684 ], [ -71.997111874420952, 5.100547652354178 ], [ -71.997301457659901, 5.100467230293686 ], [ -71.996761376142729, 5.100356293197114 ], [ -71.99708623175782, 5.100249400947276 ], [ -71.996978618861036, 5.100140486278673 ], [ -71.996464306280259, 5.100300698098176 ], [ -71.99649272238814, 5.100002699674064 ], [ -71.996167488729924, 5.100190898390751 ], [ -71.995789961926747, 5.099999412553212 ], [ -71.995707991457181, 5.10018874889454 ], [ -71.995573601919673, 5.100025503213072 ], [ -71.995898961555795, 5.09981020260586 ], [ -71.996711099449115, 5.099542972446772 ], [ -71.997197499911138, 5.099572349603938 ], [ -71.997737077086072, 5.099791695152834 ], [ -71.999835412611219, 5.101942632420418 ], [ -72.001021559344494, 5.102625748666364 ], [ -72.000859256522901, 5.102652093287857 ], [ -72.001830429338384, 5.103063175009262 ], [ -72.002906323082399, 5.10420652613028 ], [ -72.003257078373281, 5.104343679365267 ], [ -72.002473597830047, 5.104258710842481 ], [ -72.002151761547637, 5.103715147629791 ], [ -72.001397831189919, 5.103088257017983 ], [ -72.000858248860339, 5.102868912211617 ], [ -72.000318037223337, 5.102785078925865 ], [ -72.00007565395228, 5.102594225570665 ], [ -71.999940380693303, 5.102620696267657 ], [ -71.999779337958756, 5.102376017202646 ], [ -71.999562976469718, 5.102402108832744 ], [ -71.999374652508934, 5.102211508101361 ], [ -71.999320341648414, 5.102265460061453 ], [ -71.999240135461946, 5.102075364727559 ], [ -71.999320215637994, 5.10229256238894 ], [ -71.999104106290758, 5.102264449225457 ], [ -71.999050803574278, 5.102101582580145 ], [ -71.998942181851461, 5.10220948641467 ], [ -71.998781895793527, 5.101802193493532 ] ] ], [ [ [ -71.994616348953272, 5.1024331734712 ], [ -71.994697058265359, 5.102514859757616 ], [ -71.99458894100006, 5.102514353546024 ], [ -71.994535134804224, 5.102459896017893 ], [ -71.994616348953272, 5.1024331734712 ] ] ], [ [ [ -71.994751116902066, 5.102515112856607 ], [ -71.994750990693731, 5.102542215069747 ], [ -71.994696932054765, 5.102541961969404 ], [ -71.994751116902066, 5.102515112856607 ] ] ], [ [ [ -72.001075492359817, 5.102653103609685 ], [ -72.001075366413417, 5.102680205980643 ], [ -72.001048336930282, 5.10268007969371 ], [ -72.001075492359817, 5.102653103609685 ] ] ], [ [ [ -71.999723641080081, 5.102728094919106 ], [ -71.999696359615683, 5.102782173247075 ], [ -71.999561842412604, 5.102646029832684 ], [ -71.999562094430047, 5.102591825166183 ], [ -71.999723641080081, 5.102728094919106 ] ] ], [ [ [ -71.998425345744735, 5.102911745213403 ], [ -71.998831039320891, 5.102859436509984 ], [ -71.998668358508496, 5.102967087421042 ], [ -71.998398064186887, 5.102965823417117 ], [ -71.998425345744735, 5.102911745213403 ] ] ], [ [ [ -71.997965467328825, 5.102990903067996 ], [ -71.99796559341344, 5.102963800774935 ], [ -71.998019652250619, 5.102964053621087 ], [ -71.997965467328825, 5.102990903067996 ] ] ], [ [ [ -71.99845136665013, 5.103128690057947 ], [ -71.998289190040865, 5.103127931590471 ], [ -71.998019526168278, 5.102991155915496 ], [ -71.998289568262109, 5.103046624687222 ], [ -71.99845136665013, 5.103128690057947 ] ] ], [ [ [ -71.996338404390784, 5.104121610118161 ], [ -71.994827029902638, 5.103626683297162 ], [ -71.993777935607795, 5.102537658569546 ], [ -71.993644177902098, 5.102238901564847 ], [ -71.993860159684445, 5.102294118615506 ], [ -71.994129064038759, 5.102593508537056 ], [ -71.994345298514943, 5.102594521112539 ], [ -71.994506212164566, 5.102866302565164 ], [ -71.994290482504027, 5.102756881184555 ], [ -71.994236297634131, 5.102783730234894 ], [ -71.994908622918828, 5.103518654145236 ], [ -71.995232218058462, 5.103682786207875 ], [ -71.995583347648903, 5.103738635818853 ], [ -71.995529793685876, 5.103629973802891 ], [ -71.996287752249813, 5.103389596310584 ], [ -71.996261101352317, 5.103308163054182 ], [ -71.997046971961666, 5.102878194885707 ], [ -71.997424626867129, 5.10304257890256 ], [ -71.997803164734705, 5.103017246787279 ], [ -71.998235131176529, 5.103127678758905 ], [ -71.999043619485121, 5.103646414829893 ], [ -71.998908472126971, 5.103645782837166 ], [ -71.999043241314126, 5.103727721788071 ], [ -71.999014573011507, 5.104079925530403 ], [ -71.999365074059142, 5.104271285023012 ], [ -71.999310636861651, 5.104352339202148 ], [ -71.997283551702111, 5.10431575359369 ], [ -71.996338404390784, 5.104121610118161 ] ], [ [ -71.998800606383611, 5.103591072595811 ], [ -71.998773576919007, 5.103590946190676 ], [ -71.998773450852724, 5.103618048503384 ], [ -71.998800606383611, 5.103591072595811 ] ], [ [ -71.998827383720197, 5.103645403627919 ], [ -71.998881442657364, 5.103645656435218 ], [ -71.998881568719796, 5.10361855411982 ], [ -71.998827383720197, 5.103645403627919 ] ] ], [ [ [ -71.999097678433131, 5.103646667619042 ], [ -71.999097552379069, 5.10367376993981 ], [ -71.999043493428786, 5.103673517149311 ], [ -71.999097678433131, 5.103646667619042 ] ] ], [ [ [ -72.003311137589293, 5.104343931834196 ], [ -72.003311011694791, 5.104371034259484 ], [ -72.003256952476505, 5.104370781789207 ], [ -72.003311137589293, 5.104343931834196 ] ] ], [ [ [ -72.00520132455577, 5.104759302471579 ], [ -72.005201450380568, 5.104732199999562 ], [ -72.005309569073688, 5.104732704643856 ], [ -72.00520132455577, 5.104759302471579 ] ] ], [ [ [ -72.005390532283741, 5.104760185591893 ], [ -72.005390406466205, 5.104787288068647 ], [ -72.005309317432477, 5.104786909593302 ], [ -72.005390532283741, 5.104760185591893 ] ] ], [ [ [ -72.005471495506029, 5.104787666533784 ], [ -72.005471369691193, 5.104814769012531 ], [ -72.005444340009447, 5.104814642857948 ], [ -72.005471495506029, 5.104787666533784 ] ] ], [ [ [ -72.005768444628302, 5.104870361610332 ], [ -72.005849407905686, 5.104897842521949 ], [ -72.005768318823868, 5.104897464096389 ], [ -72.005768444628302, 5.104870361610332 ] ] ], [ [ [ -72.006038615786949, 5.104898725475213 ], [ -72.006227446341796, 5.104980915865277 ], [ -72.005984304796172, 5.104952678191367 ], [ -72.00590346729696, 5.104898094799984 ], [ -72.006038615786949, 5.104898725475213 ] ] ], [ [ [ -72.006308535468293, 5.10498129423903 ], [ -72.006308409683811, 5.105008396738462 ], [ -72.006227320553919, 5.105008018362691 ], [ -72.006308535468293, 5.10498129423903 ] ] ], [ [ [ -72.006362469107145, 5.105008648983303 ], [ -72.006362343324241, 5.105035751484041 ], [ -72.006335313611103, 5.105035625361515 ], [ -72.006362469107145, 5.105008648983303 ] ] ], [ [ [ -72.00795735943467, 5.128243462325861 ], [ -72.007957485725157, 5.128216359804998 ], [ -72.00798451645133, 5.128216486430008 ], [ -72.00795735943467, 5.128243462325861 ] ] ], [ [ [ -72.008008137159081, 5.128948381145647 ], [ -72.008008010852592, 5.128975483667237 ], [ -72.007980980093961, 5.128975357024533 ], [ -72.008008137159081, 5.128948381145647 ] ] ], [ [ [ -72.008304212566273, 5.129220799421118 ], [ -72.008277181789964, 5.1292206727849 ], [ -72.008277560691511, 5.1291393652007 ], [ -72.008304212566273, 5.129220799421118 ] ] ] ] } },
{ "type": "Feature", "properties": { "PATTERN": "Intensifying Cold Spot", "Shape_Area": 78669.000000069849 }, "geometry": { "type": "MultiPolygon", "coordinates": [ [ [ [ -72.022664122050955, 5.151160408205675 ], [ -72.022393549018219, 5.151213348209502 ], [ -72.022285799567271, 5.1511315333139 ], [ -72.022177292617883, 5.151212335543534 ], [ -72.02209657525745, 5.151130647217184 ], [ -72.022095943956458, 5.151266161479953 ], [ -72.021961162526551, 5.151184219955084 ], [ -72.021771306881035, 5.151318847975182 ], [ -72.021691094704636, 5.15112874824958 ], [ -72.021556187115394, 5.151073909524651 ], [ -72.021393742395517, 5.151127355509602 ], [ -72.021259087452208, 5.151018311072567 ], [ -72.020125259376542, 5.150687758288061 ], [ -72.019669506120138, 5.149872521072363 ], [ -72.019429250768354, 5.149220914165085 ], [ -72.019970141410937, 5.149169241447051 ], [ -72.020106058706844, 5.149007257760009 ], [ -72.020566358769713, 5.14884679326465 ], [ -72.02167252170679, 5.149312731176728 ], [ -72.022237921054781, 5.149803240175782 ], [ -72.02229047037585, 5.150128727575994 ], [ -72.022478810883044, 5.1503193334832 ], [ -72.022531360229436, 5.150644820954644 ], [ -72.022800670829071, 5.150862909449263 ], [ -72.02263835232398, 5.150889252978168 ], [ -72.022664122050955, 5.151160408205675 ] ], [ [ -72.021907477246785, 5.15110265821644 ], [ -72.021853413176032, 5.151102405020954 ], [ -72.021934130486059, 5.151184093358195 ], [ -72.021907477246785, 5.15110265821644 ] ] ], [ [ [ -72.022800544606639, 5.150890012319528 ], [ -72.022827702877393, 5.150863036001479 ], [ -72.022827576656113, 5.150890138872414 ], [ -72.022800544606639, 5.150890012319528 ] ] ], [ [ [ -72.022068785645814, 5.151293137738578 ], [ -72.022014721550988, 5.151292884547458 ], [ -72.021987815771382, 5.151265655100391 ], [ -72.022068785645814, 5.151293137738578 ] ] ], [ [ [ -72.023230533254292, 5.151434094642332 ], [ -72.023365062606743, 5.151570241789225 ], [ -72.023094867948984, 5.151541873393542 ], [ -72.023068340769996, 5.151433335330575 ], [ -72.023230533254292, 5.151434094642332 ] ] ], [ [ [ -72.023877662899793, 5.151789469129407 ], [ -72.023904821211673, 5.151762492761732 ], [ -72.023904695013854, 5.151789595658576 ], [ -72.023877662899793, 5.151789469129407 ] ] ], [ [ [ -72.024688752779198, 5.151766161590069 ], [ -72.024877346934886, 5.151902561629387 ], [ -72.024957307933548, 5.152146867398671 ], [ -72.025173691351853, 5.152120776375118 ], [ -72.025198452677813, 5.152608755568406 ], [ -72.025306202927183, 5.15269057032639 ], [ -72.025304310437249, 5.153097114284734 ], [ -72.025223087652833, 5.153123837704472 ], [ -72.025142621930272, 5.152987943551631 ], [ -72.025088179004896, 5.153068999313859 ], [ -72.02506177770239, 5.152933358181492 ], [ -72.02495402748508, 5.152851543376975 ], [ -72.025139341147636, 5.153692619630568 ], [ -72.024923335768975, 5.153637401571134 ], [ -72.024681181707038, 5.153392336518495 ], [ -72.024357552638179, 5.153228200577349 ], [ -72.024250181199676, 5.153065076964497 ], [ -72.024306264870788, 5.15263168355898 ], [ -72.023766884020759, 5.152358123758699 ], [ -72.023525361962655, 5.151977544357615 ], [ -72.023363295522259, 5.151949682157901 ], [ -72.023526245478138, 5.151787824146008 ], [ -72.02382372487493, 5.1517621131728 ], [ -72.023688059495271, 5.151869892067475 ], [ -72.024333801828561, 5.152523398463422 ], [ -72.024308788773723, 5.152089625432672 ], [ -72.024443697100679, 5.152144463831987 ], [ -72.024282261389857, 5.151981087289442 ], [ -72.024283270863307, 5.151764264040481 ], [ -72.024688752779198, 5.151766161590069 ] ], [ [ -72.024849053149708, 5.152173464338881 ], [ -72.024821894827042, 5.152200440759627 ], [ -72.024848926981775, 5.152200567258748 ], [ -72.024849053149708, 5.152173464338881 ] ], [ [ -72.025010362943803, 5.152363943772168 ], [ -72.02498295227538, 5.152445126044894 ], [ -72.025037016614192, 5.152445379040286 ], [ -72.025010362943803, 5.152363943772168 ] ], [ [ -72.024579741054552, 5.151955375996536 ], [ -72.024444706551577, 5.151927640552218 ], [ -72.024579488705925, 5.152009581823231 ], [ -72.024579741054552, 5.151955375996536 ] ], [ [ -72.024363610153884, 5.151927261019952 ], [ -72.024417800597817, 5.151900411133134 ], [ -72.024363736335644, 5.151900158111815 ], [ -72.024363610153884, 5.151927261019952 ] ] ], [ [ [ -72.025114832664798, 5.153150434599914 ], [ -72.025142243401632, 5.153069252330856 ], [ -72.025141864866939, 5.153150561109847 ], [ -72.025114832664798, 5.153150434599914 ] ] ] ] } },
{ "type": "Feature", "properties": { "PATTERN": "No Pattern Detected", "Shape_Area": 1576521.0000006147 }, "geometry": { "type": "MultiPolygon", "coordinates": [ [ [ [ -72.047711481561194, 5.077174610992107 ], [ -72.047684328623149, 5.077201590833067 ], [ -72.047684451991472, 5.077174487287033 ], [ -72.047711481561194, 5.077174610992107 ] ] ], [ [ [ -72.044646027239324, 5.079599937520464 ], [ -72.044889417173366, 5.079573949025921 ], [ -72.04507825378596, 5.079656126605132 ], [ -72.045131324701885, 5.079873202202146 ], [ -72.044751674501811, 5.080142502513285 ], [ -72.044616897107488, 5.080060572591643 ], [ -72.044563579281316, 5.079897703978973 ], [ -72.044646027239324, 5.079599937520464 ] ] ], [ [ [ -72.07696754420239, 5.081156726028321 ], [ -72.077534694897182, 5.081267716952612 ], [ -72.077236993095084, 5.081347681579999 ], [ -72.077021238380169, 5.08123828395569 ], [ -72.07696754420239, 5.081156726028321 ] ] ], [ [ [ -72.052290992696939, 5.08061068533322 ], [ -72.053321453143596, 5.079883581765322 ], [ -72.054186654052401, 5.079833326911601 ], [ -72.054483243418034, 5.079997307583024 ], [ -72.054915351747582, 5.080080594432421 ], [ -72.05564183428875, 5.080815728740152 ], [ -72.056074805444908, 5.080709288972305 ], [ -72.05653357569183, 5.080874009849334 ], [ -72.056856827315173, 5.081119424775155 ], [ -72.057070728510666, 5.081635383757354 ], [ -72.057285860701285, 5.081880305085432 ], [ -72.058499381493277, 5.082509245295591 ], [ -72.060497762938525, 5.082924930302189 ], [ -72.061768056489441, 5.082957828431587 ], [ -72.063471940310649, 5.082748759885881 ], [ -72.065179508328541, 5.081726567082434 ], [ -72.065777485872971, 5.080997467031219 ], [ -72.066346469056214, 5.080701906634733 ], [ -72.066564427703923, 5.080323434599284 ], [ -72.067134023275798, 5.079892352852519 ], [ -72.067241776055312, 5.079974156738706 ], [ -72.066861759519966, 5.080324787434659 ], [ -72.066509631419962, 5.080485812639576 ], [ -72.066291672641583, 5.080864284604672 ], [ -72.065804270633834, 5.081051798044039 ], [ -72.065260476145099, 5.081754040299363 ], [ -72.063850977131011, 5.082614964600177 ], [ -72.063363451017722, 5.08282957893526 ], [ -72.06163265987189, 5.083011419903829 ], [ -72.060416549598685, 5.082951664225394 ], [ -72.058445198333729, 5.08253610233463 ], [ -72.057798200188358, 5.082153687716031 ], [ -72.057177617619402, 5.081906915180661 ], [ -72.056775122013519, 5.081254573346365 ], [ -72.056397933618456, 5.08098180773748 ], [ -72.056046913772775, 5.080898891768165 ], [ -72.055721569666503, 5.081114240256962 ], [ -72.055505330247442, 5.08111325250379 ], [ -72.055156650466543, 5.080515365274061 ], [ -72.054887459898097, 5.080270196999845 ], [ -72.054293418649166, 5.080131961657971 ], [ -72.05407779569407, 5.079995455114449 ], [ -72.053347990168461, 5.079992120030736 ], [ -72.053050046059141, 5.080126279433234 ], [ -72.052507354570139, 5.08058457040475 ], [ -72.051695103827527, 5.080879002359429 ], [ -72.051125997893351, 5.081201649457597 ], [ -72.051071444947397, 5.081309816639734 ], [ -72.051070581638754, 5.08149954201887 ], [ -72.051258063877057, 5.081879858492636 ], [ -72.051822607977371, 5.082560046402791 ], [ -72.052361849625868, 5.082860659656084 ], [ -72.052874801781641, 5.082998527102344 ], [ -72.053117208261284, 5.083189365443617 ], [ -72.053007115692623, 5.083622529681048 ], [ -72.051891238623838, 5.085297885405972 ], [ -72.051321386980362, 5.085783152207259 ], [ -72.050861012651836, 5.085970773402018 ], [ -72.049969022562834, 5.085966687843575 ], [ -72.049456070375726, 5.085828817082814 ], [ -72.048671954350468, 5.085879432326466 ], [ -72.047996576350727, 5.085795024440627 ], [ -72.047348599616242, 5.085629429283244 ], [ -72.046998570392418, 5.085329679416574 ], [ -72.046738157937554, 5.083160158696042 ], [ -72.047657294887316, 5.083137266787597 ], [ -72.048633825752205, 5.08238282490604 ], [ -72.049068524557953, 5.08189694107523 ], [ -72.049259460955412, 5.081518357252046 ], [ -72.050367559497175, 5.081550533463601 ], [ -72.050665750964441, 5.081362168781017 ], [ -72.050802503421309, 5.081010440130034 ], [ -72.050347067030032, 5.080113918527147 ], [ -72.049378190375023, 5.079187943930383 ], [ -72.048731451784462, 5.078751318075095 ], [ -72.047711358193993, 5.077201714538802 ], [ -72.047900441848455, 5.077229683998628 ], [ -72.048007943374159, 5.077365696550628 ], [ -72.048195176781377, 5.077800219331924 ], [ -72.048785881185736, 5.078670254757763 ], [ -72.050132802311353, 5.079679271505766 ], [ -72.050482462467727, 5.080060329616138 ], [ -72.050803983350221, 5.08068519669614 ], [ -72.051046388295532, 5.08087603497128 ], [ -72.051289533266925, 5.080904251449459 ], [ -72.052290992696939, 5.08061068533322 ] ], [ [ -72.047295775665347, 5.085358146135832 ], [ -72.047646299430241, 5.085549481777469 ], [ -72.048591482189678, 5.085743542888954 ], [ -72.049456564391519, 5.085720402753561 ], [ -72.050023452999412, 5.085885624699879 ], [ -72.050942473032748, 5.085889833899389 ], [ -72.0514844310146, 5.085594169335639 ], [ -72.051782995190521, 5.085324494130255 ], [ -72.052817289368463, 5.083757182511578 ], [ -72.052954042178001, 5.083405453040422 ], [ -72.052927752014625, 5.083242707386644 ], [ -72.052793342074537, 5.083079467207839 ], [ -72.052334449764956, 5.082941846973744 ], [ -72.051687335178144, 5.082586531713113 ], [ -72.050826696454337, 5.081633947050912 ], [ -72.049312780086325, 5.081681226233967 ], [ -72.048849940803365, 5.082410918779352 ], [ -72.048361675612711, 5.082788140297626 ], [ -72.048118036797533, 5.082868336584826 ], [ -72.047656553786666, 5.083299888029306 ], [ -72.047304795529357, 5.083379588405122 ], [ -72.047006602714177, 5.083567950409997 ], [ -72.047054360423758, 5.08495047794548 ], [ -72.047134337805559, 5.085194781436518 ], [ -72.047295775665347, 5.085358146135832 ] ] ], [ [ [ -72.079992271917902, 5.081766742692364 ], [ -72.080154333091855, 5.081794581787719 ], [ -72.08017953172839, 5.082201269279222 ], [ -72.080096241463949, 5.082688779874789 ], [ -72.079878164347505, 5.08309436490265 ], [ -72.080254393987929, 5.083583957847648 ], [ -72.080658998469133, 5.083775525583107 ], [ -72.081170504597537, 5.084238626656831 ], [ -72.081898989925634, 5.084540081156509 ], [ -72.082357168961167, 5.084840310894131 ], [ -72.083140205970651, 5.085033591959634 ], [ -72.08357282027437, 5.085008445958299 ], [ -72.084004214277769, 5.08525434390523 ], [ -72.084625068464902, 5.085446889408185 ], [ -72.085652117858814, 5.085478642645549 ], [ -72.086491293642638, 5.085211389016355 ], [ -72.087168893685856, 5.084807877965266 ], [ -72.087575940949407, 5.084457352705199 ], [ -72.088256585700847, 5.083376226410114 ], [ -72.087630002637241, 5.08445759712318 ], [ -72.086897609899822, 5.085023491522348 ], [ -72.086301467964276, 5.085346055480051 ], [ -72.08573308839982, 5.085506114053786 ], [ -72.084732825657852, 5.085528692159162 ], [ -72.084003848135225, 5.085335657182334 ], [ -72.083572332034578, 5.085116863619997 ], [ -72.083058747448447, 5.085114537933619 ], [ -72.082329649797074, 5.084948605997125 ], [ -72.081116198953637, 5.084292590420724 ], [ -72.080685418360844, 5.083911169798157 ], [ -72.080119118678653, 5.083610449685893 ], [ -72.079743255698517, 5.083039543739793 ], [ -72.07998909631371, 5.08247145529683 ], [ -72.079992271917902, 5.081766742692364 ] ] ], [ [ [ -72.043127856647899, 5.086504496282894 ], [ -72.042748324614806, 5.086746689195072 ], [ -72.0423696591686, 5.086799157865336 ], [ -72.041991612991808, 5.086716109286615 ], [ -72.041803147286359, 5.086552619664107 ], [ -72.041616910821006, 5.085901269033546 ], [ -72.041727011164284, 5.085468111434447 ], [ -72.042025576702343, 5.085198443092025 ], [ -72.042296369537752, 5.085091270786751 ], [ -72.042755380600823, 5.085201794402741 ], [ -72.043050851812779, 5.085609710894215 ], [ -72.043184391892993, 5.085962675971544 ], [ -72.043127856647899, 5.086504496282894 ] ], [ [ -72.042722161417288, 5.086556841136485 ], [ -72.042966172748436, 5.086395337832803 ], [ -72.043102931094381, 5.086043613920856 ], [ -72.042942732588926, 5.085609214465585 ], [ -72.042593201914613, 5.085201049738239 ], [ -72.042133695767674, 5.085198939634499 ], [ -72.041780699248093, 5.085549669927821 ], [ -72.04172478230133, 5.085955972497398 ], [ -72.041803890332702, 5.086389999302182 ], [ -72.041884236737431, 5.08655299219954 ], [ -72.042046044155839, 5.086635047438497 ], [ -72.04234324845298, 5.086663516668801 ], [ -72.042722161417288, 5.086556841136485 ] ] ], [ [ [ -72.066622816082912, 5.085338044524386 ], [ -72.067164160158768, 5.085177882399139 ], [ -72.067515555133895, 5.085179482386436 ], [ -72.068837836563503, 5.085673384412534 ], [ -72.069646419450223, 5.086192052101048 ], [ -72.070238146526208, 5.086845256068221 ], [ -72.070371459246587, 5.087252432419031 ], [ -72.070340748420563, 5.088065432166472 ], [ -72.070231153787091, 5.088390189139195 ], [ -72.070013804717831, 5.088633141591466 ], [ -72.06968882402002, 5.088767185318345 ], [ -72.068554644816388, 5.088518079208709 ], [ -72.067743360147915, 5.088595697614839 ], [ -72.067418379660893, 5.088729739932679 ], [ -72.06725533664158, 5.088918729069464 ], [ -72.067172648068492, 5.089270711725114 ], [ -72.066927653074117, 5.089649059138976 ], [ -72.066950997350645, 5.090462302546403 ], [ -72.067138491163846, 5.090842621210417 ], [ -72.067056170383196, 5.091113291628653 ], [ -72.066350792789166, 5.091679271051139 ], [ -72.065674535367663, 5.091784604735469 ], [ -72.064486911056861, 5.091399722970934 ], [ -72.064028744716623, 5.091099482648215 ], [ -72.063652408671501, 5.09063698879188 ], [ -72.063629068737441, 5.089823747662011 ], [ -72.063874434034332, 5.089364090864514 ], [ -72.06390318626093, 5.088984759122031 ], [ -72.064392808337672, 5.088309379916402 ], [ -72.06455855580819, 5.087524104991103 ], [ -72.065646652516818, 5.086011211305088 ], [ -72.066622816082912, 5.085338044524386 ] ], [ [ -72.070264318415553, 5.087035107694131 ], [ -72.070022883702933, 5.086627439398977 ], [ -72.069699989738695, 5.086300714414453 ], [ -72.068486931719519, 5.085563368799036 ], [ -72.067488279275167, 5.085233567365318 ], [ -72.067163914659659, 5.085232090431361 ], [ -72.066703784429251, 5.085365517853639 ], [ -72.065999152798142, 5.085768876497327 ], [ -72.065673437229137, 5.086065542429687 ], [ -72.064612370808689, 5.087578559391042 ], [ -72.064473776727567, 5.088336853684616 ], [ -72.064038338558362, 5.088985375667984 ], [ -72.064009832371099, 5.089310499591041 ], [ -72.063709914185182, 5.089878325544112 ], [ -72.063733746285195, 5.09058315101851 ], [ -72.063840884197788, 5.090800475883734 ], [ -72.064406434409705, 5.091263833209914 ], [ -72.065323875297281, 5.091620377876381 ], [ -72.065566904800633, 5.091675695618576 ], [ -72.066242916163958, 5.091624569968126 ], [ -72.066540990655994, 5.091463301979449 ], [ -72.066975447215327, 5.091031609910456 ], [ -72.067003338101443, 5.090842005090771 ], [ -72.06686965979236, 5.090516140890935 ], [ -72.066819407970542, 5.08967567032937 ], [ -72.067174490711679, 5.088864151528509 ], [ -72.067337533719936, 5.088675162417711 ], [ -72.067635483635826, 5.088540996990226 ], [ -72.068257554356322, 5.088462516898914 ], [ -72.069743253381674, 5.088686119215921 ], [ -72.070150062029128, 5.088389820037673 ], [ -72.070315190043218, 5.087740060058143 ], [ -72.070264318415553, 5.087035107694131 ] ] ], [ [ [ -72.093377854872728, 5.092669328145973 ], [ -72.093297004568825, 5.092614752361801 ], [ -72.093135669525779, 5.092424286863445 ], [ -72.093270460586325, 5.092506211619702 ], [ -72.093377854872728, 5.092669328145973 ] ] ], [ [ [ -72.082790061050858, 5.090751150174373 ], [ -72.082573568671592, 5.090804378415922 ], [ -72.082384718519677, 5.090722207237029 ], [ -72.081684969969231, 5.090041410693146 ], [ -72.081064970593545, 5.089659129888255 ], [ -72.080339172207019, 5.088761376055349 ], [ -72.079395172353202, 5.088296310480782 ], [ -72.077934775567229, 5.088452311635361 ], [ -72.076691360543805, 5.088446665759715 ], [ -72.076284797380353, 5.088688762315102 ], [ -72.075825152314621, 5.088713779025213 ], [ -72.075689263762001, 5.088875790309765 ], [ -72.075659170741247, 5.089553272988029 ], [ -72.075412708387233, 5.090256876993176 ], [ -72.075032806822435, 5.090580407288698 ], [ -72.074600069048216, 5.090632649394986 ], [ -72.074328535368778, 5.090902462170644 ], [ -72.073895674970771, 5.090981807820358 ], [ -72.073489232262702, 5.091196796903822 ], [ -72.072971231614403, 5.092170209883698 ], [ -72.073077882767024, 5.092495951759053 ], [ -72.073481995934017, 5.092795942608213 ], [ -72.074103583012899, 5.092825875530284 ], [ -72.074643096851617, 5.09307227256016 ], [ -72.07494031406226, 5.09310072924788 ], [ -72.075995132436418, 5.092970002233592 ], [ -72.076131757737414, 5.092645365983928 ], [ -72.076511660929967, 5.092321835438197 ], [ -72.078000933324617, 5.091759401443908 ], [ -72.078595613641454, 5.091762102487507 ], [ -72.079512952121405, 5.092145736105596 ], [ -72.081182266639786, 5.093616978324192 ], [ -72.081452699736545, 5.093591100892876 ], [ -72.08188727666726, 5.093132289479289 ], [ -72.08223855829236, 5.093160988300368 ], [ -72.082833975861547, 5.093001059825351 ], [ -72.083482722094928, 5.093004002236458 ], [ -72.083808195503337, 5.092761533466327 ], [ -72.084132568735384, 5.092763004193461 ], [ -72.084590753369199, 5.093063236213667 ], [ -72.085050527059607, 5.093011110370769 ], [ -72.085535377233981, 5.093392777956322 ], [ -72.08553134497707, 5.094287224991965 ], [ -72.085310084221632, 5.095397527129554 ], [ -72.085548964879436, 5.096374390547835 ], [ -72.085736839234443, 5.096673397628221 ], [ -72.086356359383302, 5.097164097187864 ], [ -72.087059052351478, 5.097194388009263 ], [ -72.087787188851493, 5.097577159201028 ], [ -72.088678370231008, 5.097770933302679 ], [ -72.088895720923148, 5.097527972324555 ], [ -72.089111850182263, 5.097556056570982 ], [ -72.089246396700858, 5.09769219156651 ], [ -72.089325048411936, 5.098234649814041 ], [ -72.089810027245662, 5.098589213253506 ], [ -72.091107661464761, 5.098567985197095 ], [ -72.091514354801461, 5.098298775101267 ], [ -72.091840441439174, 5.097920779068662 ], [ -72.092113684661356, 5.09727149186453 ], [ -72.092601959150542, 5.096894228821834 ], [ -72.093412903961024, 5.096897897221373 ], [ -72.094062391658952, 5.09673820324912 ], [ -72.096116179418132, 5.096883013145057 ], [ -72.097302768172369, 5.097511795569754 ], [ -72.098814470725586, 5.097979413337591 ], [ -72.099165882606457, 5.097981000045058 ], [ -72.099409898054347, 5.097819469695635 ], [ -72.099656955447628, 5.09698031932661 ], [ -72.099496590642914, 5.096573015428196 ], [ -72.099012211616881, 5.096082933221147 ], [ -72.098230120966008, 5.095672823091211 ], [ -72.097257471893187, 5.095560010280169 ], [ -72.09617986406171, 5.094741985232241 ], [ -72.095532204832793, 5.094495112349207 ], [ -72.094777151570398, 5.094085122459034 ], [ -72.09353894637934, 5.09291400295852 ], [ -72.093377611205725, 5.092723537438995 ], [ -72.093404886199068, 5.092669450308717 ], [ -72.094561874757844, 5.093867307923234 ], [ -72.094993037541769, 5.094167413583037 ], [ -72.096260958505027, 5.094742351512664 ], [ -72.097230683833772, 5.095505678735703 ], [ -72.098338247244826, 5.095673311207222 ], [ -72.099281919347533, 5.096219677177614 ], [ -72.099551018918305, 5.096491945047815 ], [ -72.099711383773936, 5.09689924894168 ], [ -72.099710288725532, 5.097143192104188 ], [ -72.099463839726837, 5.097846818548451 ], [ -72.0991656391693, 5.098035209608786 ], [ -72.09884125894051, 5.098033744946885 ], [ -72.09724858314047, 5.097538656075097 ], [ -72.096061994461323, 5.096909873552568 ], [ -72.094035116339171, 5.096792290334668 ], [ -72.093331443641034, 5.096978844352807 ], [ -72.092682565745406, 5.09700301421222 ], [ -72.092112464663359, 5.097542537984265 ], [ -72.091948079396388, 5.098029686903865 ], [ -72.091296515916255, 5.098650155741944 ], [ -72.090971649339338, 5.098757105266868 ], [ -72.090133916690618, 5.098699100883143 ], [ -72.089809172355913, 5.098778945139641 ], [ -72.089404432867795, 5.098614480847627 ], [ -72.08897388377865, 5.098178848579039 ], [ -72.088541747164612, 5.098095575175408 ], [ -72.08819156032655, 5.097822937460499 ], [ -72.087058441310575, 5.097329910457883 ], [ -72.086274776393481, 5.097272147368042 ], [ -72.08565550080408, 5.096727238794853 ], [ -72.085414052938916, 5.096319568727711 ], [ -72.085093589788954, 5.095450755440151 ], [ -72.085094567742843, 5.095233919890462 ], [ -72.08528549759798, 5.094855315591223 ], [ -72.085317050632938, 5.093852573500076 ], [ -72.085237912246924, 5.093418534726633 ], [ -72.084995731618108, 5.093173491985493 ], [ -72.084779238070539, 5.093226720605799 ], [ -72.084642126893485, 5.093659778852791 ], [ -72.084479328811838, 5.093794565659728 ], [ -72.083885866035175, 5.093520824819742 ], [ -72.083913386161669, 5.09341252973495 ], [ -72.084102970791761, 5.093332074493398 ], [ -72.084077284244927, 5.09303380329477 ], [ -72.08345483518292, 5.093193610490023 ], [ -72.083022582092838, 5.093137440072904 ], [ -72.082832875292965, 5.093244999342025 ], [ -72.082427164325551, 5.09329736867687 ], [ -72.081859633959738, 5.093267688656988 ], [ -72.081479241394348, 5.093699641008311 ], [ -72.081181654799124, 5.093752500075135 ], [ -72.081019713103572, 5.093697555153389 ], [ -72.080616450075325, 5.093207836362238 ], [ -72.079458645377144, 5.092199699256602 ], [ -72.078487245053353, 5.091815820002039 ], [ -72.07805462779767, 5.091840959843329 ], [ -72.077675215185266, 5.0920560748479 ], [ -72.076456863913847, 5.092484215128184 ], [ -72.076293575550466, 5.092727415982065 ], [ -72.076183490942014, 5.093160592114176 ], [ -72.075507840474316, 5.093130415117985 ], [ -72.074750484667291, 5.093235389555915 ], [ -72.074103215078395, 5.092907188066653 ], [ -72.073427566218371, 5.092877009089323 ], [ -72.072915943183503, 5.092441005368643 ], [ -72.072862740331587, 5.092251030289119 ], [ -72.073489600150111, 5.091115484408003 ], [ -72.074301872341735, 5.090821026693471 ], [ -72.074519344408202, 5.090550968108998 ], [ -72.074952204650955, 5.090471621827814 ], [ -72.075331983605778, 5.090175195776394 ], [ -72.075578323446692, 5.089498696050789 ], [ -72.075554477530858, 5.088793863569103 ], [ -72.075690488547579, 5.088604748101282 ], [ -72.076285287184717, 5.088580345373401 ], [ -72.076745911741369, 5.088338494295106 ], [ -72.07782689722923, 5.088397612238517 ], [ -72.07934147768573, 5.088214752257637 ], [ -72.079584510312074, 5.088270064654803 ], [ -72.080366447620506, 5.088707290002682 ], [ -72.081065337418025, 5.089577816836008 ], [ -72.081685336743547, 5.0899600975967 ], [ -72.082574057627568, 5.090695960870223 ], [ -72.082953469202479, 5.090480841567873 ], [ -72.083769530076992, 5.089346132039168 ], [ -72.084419860799102, 5.088996713779603 ], [ -72.085095634913074, 5.088999774710175 ], [ -72.085662308925819, 5.089219181047172 ], [ -72.087172141070894, 5.090093377893398 ], [ -72.088008640519462, 5.090422424800171 ], [ -72.090898656370356, 5.090950495336519 ], [ -72.091654311401882, 5.091224963290301 ], [ -72.09232826450534, 5.091634587297629 ], [ -72.093135669525779, 5.092424286863445 ], [ -72.092328020800196, 5.091688796541602 ], [ -72.09176194883527, 5.091333870520159 ], [ -72.089791231526917, 5.090755751179259 ], [ -72.087954456309461, 5.090449284645193 ], [ -72.087198928079459, 5.090147709253226 ], [ -72.085176483657477, 5.089054350876301 ], [ -72.084500831554678, 5.089024185563198 ], [ -72.083769285765541, 5.089400340872353 ], [ -72.08292582712312, 5.090616240994534 ], [ -72.082790061050858, 5.090751150174373 ] ] ], [ [ [ -72.040787294683454, 5.095898809436685 ], [ -72.040787170568748, 5.095925912797417 ], [ -72.040733110205181, 5.095925663893035 ], [ -72.040787294683454, 5.095898809436685 ] ] ], [ [ [ -72.040841230934959, 5.095926161697269 ], [ -72.040841106821844, 5.09595326505934 ], [ -72.04078704645336, 5.095953016158157 ], [ -72.040841230934959, 5.095926161697269 ] ] ], [ [ [ -72.040895167193, 5.09595351395599 ], [ -72.040895043081477, 5.095980617319315 ], [ -72.040840982708062, 5.095980368421333 ], [ -72.040895167193, 5.09595351395599 ] ] ], [ [ [ -72.040949103457592, 5.095980866212766 ], [ -72.040948979347647, 5.096007969577463 ], [ -72.040894918969272, 5.096007720682682 ], [ -72.040949103457592, 5.095980866212766 ] ] ], [ [ [ -72.041003039728665, 5.096008218467714 ], [ -72.041029821705081, 5.096062549644296 ], [ -72.040975761318208, 5.096062300753651 ], [ -72.041003039728665, 5.096008218467714 ] ] ], [ [ [ -72.058442463163715, 5.095031201230413 ], [ -72.058417899544722, 5.094489001654822 ], [ -72.058527748414818, 5.094110043183083 ], [ -72.059426043556314, 5.092731828575291 ], [ -72.06010414760506, 5.092219945072475 ], [ -72.060861125057286, 5.092196300164327 ], [ -72.061509118726818, 5.092361887487398 ], [ -72.062587755318745, 5.092936008209321 ], [ -72.063883870578579, 5.09324007634035 ], [ -72.065532863562467, 5.093220498619064 ], [ -72.065938692735912, 5.093141036742026 ], [ -72.067235674421923, 5.093255371176675 ], [ -72.068340615964132, 5.093992233530854 ], [ -72.068689312160018, 5.094590124647397 ], [ -72.068784526316037, 5.097436542530839 ], [ -72.068206665477618, 5.099683587277632 ], [ -72.067907601373179, 5.100061686231322 ], [ -72.067474858972972, 5.100113919528249 ], [ -72.065855216462936, 5.099618640150082 ], [ -72.064638208367072, 5.099748601803998 ], [ -72.064097713221543, 5.099719026824157 ], [ -72.063585481761322, 5.09941853583483 ], [ -72.062643469171235, 5.098519781421294 ], [ -72.061322782045963, 5.097673504146319 ], [ -72.06062133911513, 5.097372147066361 ], [ -72.05913970814052, 5.096254088236261 ], [ -72.058575765766747, 5.095438376622364 ], [ -72.058442463163715, 5.095031201230413 ] ], [ [ -72.059860010534052, 5.092408559901484 ], [ -72.059425673784546, 5.092813140037473 ], [ -72.0584997312247, 5.09432674989586 ], [ -72.058470480538219, 5.09481449455305 ], [ -72.058576505901186, 5.095275753835734 ], [ -72.058978634500235, 5.096009411826153 ], [ -72.059220800079444, 5.09625445929469 ], [ -72.060594678344827, 5.097290711876715 ], [ -72.061997071928275, 5.098001841105434 ], [ -72.06310163758728, 5.098820025341172 ], [ -72.063666574422285, 5.099418906562207 ], [ -72.064178929184266, 5.099692293577615 ], [ -72.065909524666097, 5.099564679174774 ], [ -72.067259103340035, 5.100004516022281 ], [ -72.067907970606811, 5.09998037416585 ], [ -72.068125449391005, 5.099710321131218 ], [ -72.068399696768978, 5.098844225909991 ], [ -72.068649863606964, 5.097327509792795 ], [ -72.068682182069409, 5.096162159240062 ], [ -72.068581803513013, 5.094454111438324 ], [ -72.068313339358966, 5.094046318357165 ], [ -72.067181244153275, 5.093336436653151 ], [ -72.066235661320178, 5.093223705230464 ], [ -72.063856593776478, 5.093294160781405 ], [ -72.062587509059796, 5.092990216005052 ], [ -72.061292997592943, 5.09233379563128 ], [ -72.06021214640036, 5.092247543102679 ], [ -72.059860010534052, 5.092408559901484 ] ] ], [ [ [ -72.041029697596528, 5.096089653010861 ], [ -72.041056851899555, 5.09606267408792 ], [ -72.04105672779211, 5.096089777455148 ], [ -72.041029697596528, 5.096089653010861 ] ] ], [ [ [ -72.041110788185264, 5.096090026340328 ], [ -72.041137570172765, 5.096144357519577 ], [ -72.041083509773756, 5.096144108634003 ], [ -72.041110788185264, 5.096090026340328 ] ] ], [ [ [ -72.041191630574446, 5.09614460640062 ], [ -72.041218412570331, 5.096198937581703 ], [ -72.041164352162781, 5.096198688700266 ], [ -72.041191630574446, 5.09614460640062 ] ] ], [ [ [ -72.041272472980552, 5.096199186458612 ], [ -72.04127234887882, 5.096226289831034 ], [ -72.041218288466339, 5.096226040952796 ], [ -72.041272472980552, 5.096199186458612 ] ] ], [ [ [ -72.041326409293958, 5.096226538704741 ], [ -72.041326285193819, 5.096253642078452 ], [ -72.041272224776421, 5.096253393203415 ], [ -72.041326409293958, 5.096226538704741 ] ] ], [ [ [ -72.041461063961577, 5.096335574377255 ], [ -72.041353067203502, 5.096307973263011 ], [ -72.041326285193819, 5.096253642078452 ], [ -72.041434281940397, 5.096281243191344 ], [ -72.041461063961577, 5.096335574377255 ] ] ], [ [ [ -72.041515124395119, 5.096335823240422 ], [ -72.041568812551418, 5.096417382237813 ], [ -72.041514752108384, 5.096417133375186 ], [ -72.041515124395119, 5.096335823240422 ] ] ], [ [ [ -72.041622872997081, 5.096417631095909 ], [ -72.041649655037702, 5.096471962286271 ], [ -72.041595594586198, 5.09647171342778 ], [ -72.041622872997081, 5.096417631095909 ] ] ], [ [ [ -72.041703715491963, 5.09647221114023 ], [ -72.041730497540968, 5.096526542332427 ], [ -72.041676437080923, 5.096526293478074 ], [ -72.041703715491963, 5.09647221114023 ] ] ], [ [ [ -72.041784558003698, 5.096526791182249 ], [ -72.041865152359222, 5.096635577995379 ], [ -72.041811091883432, 5.096635329147034 ], [ -72.041784558003698, 5.096526791182249 ] ] ], [ [ [ -72.074451460326927, 5.099576539113685 ], [ -72.074182254000803, 5.099331370236487 ], [ -72.074102142973871, 5.099114167454617 ], [ -72.074158660978313, 5.098572330206466 ], [ -72.074755309515908, 5.098141371367481 ], [ -72.075351098424079, 5.097900140945446 ], [ -72.077054918060398, 5.097718160883161 ], [ -72.077865607415177, 5.097776058012169 ], [ -72.07856866306328, 5.09772504543843 ], [ -72.078973640587904, 5.0978353060847 ], [ -72.079647460028738, 5.098272046988391 ], [ -72.080025284643796, 5.098409288712041 ], [ -72.080728097189038, 5.098412482740108 ], [ -72.081592485522904, 5.098551934580346 ], [ -72.082458833762431, 5.098257715435063 ], [ -72.082864303272828, 5.098259556647861 ], [ -72.083485166786232, 5.098452110160729 ], [ -72.084132083397634, 5.098861621319594 ], [ -72.084372918360444, 5.09940481403671 ], [ -72.084262467524042, 5.099919307194399 ], [ -72.084287540635046, 5.100353100636369 ], [ -72.083774555722741, 5.100215246534898 ], [ -72.08298929813698, 5.100509834648186 ], [ -72.082392280157904, 5.101022116141837 ], [ -72.081633930581035, 5.101343928850393 ], [ -72.081200937973406, 5.101450380244811 ], [ -72.080200531473366, 5.101500041341218 ], [ -72.079714702498535, 5.101335202589489 ], [ -72.07933577302461, 5.101441898439087 ], [ -72.079119644860967, 5.101413810398386 ], [ -72.078580735285485, 5.101031890797193 ], [ -72.077958647104566, 5.101110374621974 ], [ -72.0777419059051, 5.101217807516613 ], [ -72.076717539564967, 5.100589734309561 ], [ -72.075421267856811, 5.100312784391204 ], [ -72.07477522035262, 5.099713537472093 ], [ -72.074451460326927, 5.099576539113685 ] ], [ [ -72.080916948544186, 5.098494655559056 ], [ -72.07986297465888, 5.098435655834005 ], [ -72.078730359871528, 5.097834200007362 ], [ -72.077027518996431, 5.097799350649851 ], [ -72.075188420894719, 5.098007819451489 ], [ -72.074293939299849, 5.0985458415763 ], [ -72.074184587043987, 5.098816390901428 ], [ -72.074183113570797, 5.099141641008853 ], [ -72.074344072476208, 5.099413421532581 ], [ -72.075179828608753, 5.099905113449974 ], [ -72.07547582134535, 5.100204613767726 ], [ -72.07663718214674, 5.10042673973992 ], [ -72.077581190451468, 5.100891818265209 ], [ -72.078500499925283, 5.100841791882235 ], [ -72.079201229450945, 5.101305762127579 ], [ -72.079742101693824, 5.101254012607821 ], [ -72.080335933548511, 5.101446447325161 ], [ -72.081390525419309, 5.101369927369872 ], [ -72.082338462332032, 5.100967661744962 ], [ -72.082935480250256, 5.100455380296291 ], [ -72.083558304468198, 5.100214264517104 ], [ -72.083748993284956, 5.099889870901142 ], [ -72.084156177730009, 5.099512250045875 ], [ -72.084183943405776, 5.099349746250881 ], [ -72.083942619127285, 5.098914971216266 ], [ -72.083511586179242, 5.098587754891053 ], [ -72.082972061287037, 5.098341360764196 ], [ -72.082512651508381, 5.098312169702073 ], [ -72.081889829720694, 5.098553285306357 ], [ -72.081348959007329, 5.098605038039134 ], [ -72.080916948544186, 5.098494655559056 ] ] ], [ [ [ -72.105331067643817, 5.097575118422334 ], [ -72.105709756035523, 5.097522613326291 ], [ -72.106276453224396, 5.097742009686796 ], [ -72.106517675924664, 5.098203889627653 ], [ -72.106488337026292, 5.098718762085539 ], [ -72.106351963188018, 5.098989202831 ], [ -72.105782106916621, 5.09947453435869 ], [ -72.105591304220141, 5.099826045859475 ], [ -72.105265584630104, 5.100122738127096 ], [ -72.10472336626394, 5.100472664948407 ], [ -72.103450799244342, 5.100927718684654 ], [ -72.103152353614718, 5.101170321186277 ], [ -72.102553758403346, 5.102034993429914 ], [ -72.102065844949678, 5.102330950554247 ], [ -72.10190365332673, 5.102330218360498 ], [ -72.101204353326338, 5.101541005045728 ], [ -72.100990897809822, 5.100916617706583 ], [ -72.101239295414416, 5.099779313170075 ], [ -72.10199679462508, 5.099647204560243 ], [ -72.102809695275653, 5.099217185187312 ], [ -72.103676051171533, 5.098922932367302 ], [ -72.103947827990865, 5.098598892351472 ], [ -72.104625810866864, 5.098114050079019 ], [ -72.104897465392369, 5.097817114108711 ], [ -72.105331067643817, 5.097575118422334 ] ], [ [ -72.101265232143689, 5.100023378650675 ], [ -72.101236861800814, 5.100321409772844 ], [ -72.101072967021523, 5.100700145218519 ], [ -72.101071871666278, 5.100944088647988 ], [ -72.101285448985351, 5.101541371179493 ], [ -72.101850197997962, 5.102194450071699 ], [ -72.10201214617851, 5.102249391953455 ], [ -72.102337137867266, 5.10211533194801 ], [ -72.102581277024669, 5.101926695987149 ], [ -72.103044104321214, 5.101196938227908 ], [ -72.10342401054973, 5.100873386982662 ], [ -72.104452682373662, 5.100552760885407 ], [ -72.105374319866471, 5.099987700835644 ], [ -72.105728164578352, 5.099447185808613 ], [ -72.106352570383777, 5.098853678059521 ], [ -72.106436458888538, 5.098230629349553 ], [ -72.106329788439595, 5.09790488289757 ], [ -72.106141415410377, 5.097714296010166 ], [ -72.105844550887639, 5.097604536946985 ], [ -72.105411920208724, 5.097629693617411 ], [ -72.104924254264589, 5.097871445751977 ], [ -72.103621622838361, 5.099004003270691 ], [ -72.102809452084756, 5.099271394924711 ], [ -72.10199642970457, 5.099728519106503 ], [ -72.101401242965153, 5.099834254834962 ], [ -72.101265232143689, 5.100023378650675 ] ] ], [ [ [ -72.110723014209981, 5.100824953460629 ], [ -72.110401176719876, 5.100254287776543 ], [ -72.110375115065921, 5.100037325746994 ], [ -72.110538035063911, 5.099875425150366 ], [ -72.110835508814617, 5.099849657774868 ], [ -72.111455791026273, 5.100177715209671 ], [ -72.111425969884465, 5.100801010352362 ], [ -72.111208257695722, 5.101125298359183 ], [ -72.111019032954871, 5.101124447022419 ], [ -72.110723014209981, 5.100824953460629 ] ] ], [ [ [ -72.046991338939122, 5.092837478233411 ], [ -72.047885192146097, 5.09243502035266 ], [ -72.048479856941768, 5.09243774957462 ], [ -72.049774958992373, 5.092958670441854 ], [ -72.051175342297384, 5.094103468940204 ], [ -72.052686448391768, 5.094679586244758 ], [ -72.053306665503342, 5.09500768015444 ], [ -72.053521673507689, 5.095279708081975 ], [ -72.053655466652742, 5.095578468018856 ], [ -72.053787282668949, 5.096310886875755 ], [ -72.053808133427893, 5.097666194775593 ], [ -72.053963270316231, 5.099211848324157 ], [ -72.054203949690475, 5.09978214150474 ], [ -72.054634709665407, 5.10016357681603 ], [ -72.05455176287596, 5.100569760321036 ], [ -72.053683811683214, 5.101216280373182 ], [ -72.053383256966896, 5.101919611194032 ], [ -72.05340694669701, 5.102651534226657 ], [ -72.053702676592096, 5.103005246819052 ], [ -72.054189231008124, 5.103007480075536 ], [ -72.055083968987788, 5.102415291890973 ], [ -72.055441551630622, 5.101061718113619 ], [ -72.055767280448464, 5.100765064581335 ], [ -72.056877642227334, 5.100309381340428 ], [ -72.057853343502345, 5.099744661027304 ], [ -72.058394576175388, 5.099611618380411 ], [ -72.058691791203401, 5.099640083913631 ], [ -72.059419277209017, 5.100158398271181 ], [ -72.060066782835392, 5.100432406739634 ], [ -72.061817991144594, 5.101714330092283 ], [ -72.062274433114993, 5.102394030018583 ], [ -72.063105115744875, 5.103996994533676 ], [ -72.063885192979086, 5.10484080311874 ], [ -72.064370396433631, 5.105141172706001 ], [ -72.065770591370423, 5.106340177131614 ], [ -72.06603893065396, 5.106775077134628 ], [ -72.066198281803665, 5.107399210432946 ], [ -72.066629302652643, 5.107726436664489 ], [ -72.067330760661036, 5.10802779519522 ], [ -72.067924957156364, 5.108138930793698 ], [ -72.068410658891352, 5.108330883698255 ], [ -72.069815428953305, 5.10852703725207 ], [ -72.070517383829539, 5.108719977330495 ], [ -72.071084921144433, 5.10874967488752 ], [ -72.072299490820612, 5.10916179247637 ], [ -72.07289393792766, 5.109218716281146 ], [ -72.073245840080091, 5.109111904096468 ], [ -72.074005306833044, 5.108546171562389 ], [ -72.074143539813747, 5.107869184172818 ], [ -72.074063675391599, 5.107597772503414 ], [ -72.073767928263507, 5.107244061703378 ], [ -72.073471074303214, 5.107134288313564 ], [ -72.072579405994247, 5.107048904833797 ], [ -72.072067655086073, 5.106639998587203 ], [ -72.071527888915668, 5.106447801731359 ], [ -72.071313361156271, 5.106067356997335 ], [ -72.071314961160567, 5.105715003698206 ], [ -72.071506764759249, 5.105146681295476 ], [ -72.072239931911682, 5.104418200877293 ], [ -72.072376195395108, 5.104174880389205 ], [ -72.07232619121902, 5.103280197572345 ], [ -72.072031429914333, 5.102709654654746 ], [ -72.072086967939882, 5.102384651797187 ], [ -72.072277047121702, 5.102195785925 ], [ -72.072764715389482, 5.101954067516068 ], [ -72.074252907490987, 5.10163559459466 ], [ -72.075144324633712, 5.101775179977404 ], [ -72.075739381009996, 5.101696576329567 ], [ -72.077523078566543, 5.101786012626175 ], [ -72.078116295492805, 5.102113970641467 ], [ -72.078492771447358, 5.102549361410485 ], [ -72.079031927046984, 5.102877073187149 ], [ -72.079112407874916, 5.103012963676155 ], [ -72.07911019952337, 5.103500840929497 ], [ -72.079701824343644, 5.104181154800726 ], [ -72.080348126713417, 5.104726193235122 ], [ -72.080616479279342, 5.105161092412455 ], [ -72.081020357921119, 5.105515293649093 ], [ -72.081451391281618, 5.105842513517278 ], [ -72.082153231822844, 5.106062545535642 ], [ -72.082692147738342, 5.106444465702585 ], [ -72.083905875863834, 5.107046293895232 ], [ -72.084255939782452, 5.107346040126528 ], [ -72.084768929828243, 5.107483897122557 ], [ -72.084822748206875, 5.107538351734628 ], [ -72.084336667244585, 5.107427722062811 ], [ -72.083851689889045, 5.107073152484501 ], [ -72.082718811544524, 5.106525901775075 ], [ -72.082206927179072, 5.106144104539845 ], [ -72.081397205452419, 5.105869371899094 ], [ -72.080723746776954, 5.105351314706155 ], [ -72.080159274152777, 5.104644019257758 ], [ -72.078893825370983, 5.103526960996852 ], [ -72.078867652846171, 5.10333710796334 ], [ -72.078976391997443, 5.103202078627858 ], [ -72.078977250815015, 5.103012348606924 ], [ -72.078842707221213, 5.102876212081449 ], [ -72.078465003879472, 5.102711864044104 ], [ -72.077980770620812, 5.102194668266626 ], [ -72.077414216934031, 5.101948145934266 ], [ -72.075955140116307, 5.101805978129005 ], [ -72.074981768578141, 5.101855753645848 ], [ -72.074090228638255, 5.101743272164605 ], [ -72.072791377842563, 5.102035503185659 ], [ -72.07219496985708, 5.102412249078444 ], [ -72.072166831995787, 5.102656062902025 ], [ -72.072434439231699, 5.103253586645867 ], [ -72.072619846051253, 5.104094677845705 ], [ -72.07237471945443, 5.104500129914284 ], [ -72.071641798313777, 5.105174402302185 ], [ -72.071449502511854, 5.105851141221915 ], [ -72.071475426206661, 5.106095201557376 ], [ -72.071636506718249, 5.106339878944552 ], [ -72.072068270396585, 5.106504477998606 ], [ -72.072633837990551, 5.106967839204376 ], [ -72.073444411904987, 5.107052852512974 ], [ -72.073822237195259, 5.10719010005692 ], [ -72.074197971817227, 5.107788118339046 ], [ -72.074086278374949, 5.108573645799914 ], [ -72.07338099772204, 5.109112521106094 ], [ -72.072947754794498, 5.109273171397038 ], [ -72.072353184492101, 5.109243351733186 ], [ -72.071138614599263, 5.108831234139039 ], [ -72.070598108634002, 5.108801660096383 ], [ -72.069761119702832, 5.108580998299145 ], [ -72.068410412373339, 5.108385091752376 ], [ -72.067060570626069, 5.107999454866017 ], [ -72.066575116717118, 5.107753293344927 ], [ -72.066117187955669, 5.107398839446891 ], [ -72.065984621501741, 5.106829037766869 ], [ -72.065743313496426, 5.106394261405701 ], [ -72.06439705752716, 5.105222608183612 ], [ -72.063777191871466, 5.104813204409048 ], [ -72.06310474561414, 5.104078306237303 ], [ -72.062193586931471, 5.102339451139112 ], [ -72.06168320659539, 5.101632399936094 ], [ -72.060712808518133, 5.101031661014825 ], [ -72.059985566890035, 5.100459139312564 ], [ -72.059364968699299, 5.100212358353757 ], [ -72.058637359277668, 5.099721147721061 ], [ -72.058312989989375, 5.099719662124897 ], [ -72.057771633736323, 5.099879808414761 ], [ -72.057175227692682, 5.100256536445483 ], [ -72.055956372128435, 5.100793035854628 ], [ -72.055548685666594, 5.101279043693884 ], [ -72.055110505095101, 5.102523830725841 ], [ -72.054215890637664, 5.103088915188218 ], [ -72.053702305349958, 5.103086557834954 ], [ -72.053486677763757, 5.102950046809212 ], [ -72.053271792841002, 5.102650913793076 ], [ -72.053246865843875, 5.102190027460751 ], [ -72.053329814154495, 5.101783844738351 ], [ -72.053630245063374, 5.101107617608956 ], [ -72.054416980283719, 5.100487829305851 ], [ -72.054445371143984, 5.10018981267743 ], [ -72.054149270093632, 5.099917411968961 ], [ -72.053935621445106, 5.099347242750785 ], [ -72.05375431950776, 5.097611739525512 ], [ -72.053732850887599, 5.096391950080272 ], [ -72.053467365437086, 5.095333667624539 ], [ -72.053279264342464, 5.09508886725613 ], [ -72.052686077630753, 5.094760897206948 ], [ -72.050959099431751, 5.094102477141322 ], [ -72.05031321535651, 5.093476118588144 ], [ -72.049639683934799, 5.092985154001703 ], [ -72.048425425360193, 5.092518812140365 ], [ -72.047911851160421, 5.092516455036457 ], [ -72.047017997806606, 5.092918912897683 ], [ -72.046448134968443, 5.093404169249617 ], [ -72.045255213722797, 5.094184706171529 ], [ -72.044548462637565, 5.09504878658416 ], [ -72.044380703120879, 5.096267696157471 ], [ -72.044271342179897, 5.096538233375435 ], [ -72.043673823503397, 5.097158876984251 ], [ -72.043429930606791, 5.097293274823832 ], [ -72.042943509292741, 5.097263932508588 ], [ -72.042295899228037, 5.097017016178547 ], [ -72.041865152359222, 5.096635577995379 ], [ -72.042296147383723, 5.096962809384626 ], [ -72.042997817985622, 5.09720997446429 ], [ -72.043349211816846, 5.097211591430975 ], [ -72.043647289295038, 5.097050338903557 ], [ -72.044272086071942, 5.096375612699455 ], [ -72.044384793860019, 5.095373282331807 ], [ -72.044548958376126, 5.094940372767979 ], [ -72.045309769689325, 5.094076540717328 ], [ -72.046258675823793, 5.09345750715335 ], [ -72.046991338939122, 5.092837478233411 ] ] ], [ [ [ -72.08485299790091, 5.100843557506926 ], [ -72.085231438431038, 5.100845275439501 ], [ -72.085528050488065, 5.101009251785064 ], [ -72.085606942371996, 5.1014974999808 ], [ -72.085417477076732, 5.101550849936071 ], [ -72.084905224980332, 5.101250369454992 ], [ -72.084797955843214, 5.101060147524509 ], [ -72.08485299790091, 5.100843557506926 ] ], [ [ -72.085040871939782, 5.101142565315618 ], [ -72.085202938445008, 5.1011704060368 ], [ -72.085203305582723, 5.101089092712265 ], [ -72.085068392954625, 5.101034270278695 ], [ -72.085040871939782, 5.101142565315618 ] ] ], [ [ [ -72.090445348407812, 5.101573654494107 ], [ -72.090444004497883, 5.10187180474194 ], [ -72.09025417210043, 5.102006469981998 ], [ -72.089983733523354, 5.102032349301091 ], [ -72.089903860625, 5.101760936158478 ], [ -72.089985810835515, 5.101571571835822 ], [ -72.090445348407812, 5.101573654494107 ] ] ], [ [ [ -72.077756541825266, 5.103955460765227 ], [ -72.077812445957903, 5.103549143046684 ], [ -72.078029924569748, 5.103279084984969 ], [ -72.078327638149588, 5.103199125790416 ], [ -72.078380841931576, 5.103389101803738 ], [ -72.07821779436955, 5.103578093367987 ], [ -72.078242739274472, 5.104038989024883 ], [ -72.078079936923388, 5.104173771901197 ], [ -72.077944779745664, 5.104173156475174 ], [ -72.077756541825266, 5.103955460765227 ] ] ], [ [ [ -72.110667822368228, 5.107113204405561 ], [ -72.109803759536888, 5.106892466598028 ], [ -72.109155105655816, 5.106862437772246 ], [ -72.108938361196465, 5.106969883067777 ], [ -72.108046417266394, 5.106938756407642 ], [ -72.107965563567717, 5.106884180768902 ], [ -72.108020722123428, 5.106640479654162 ], [ -72.108563311921614, 5.106209237026492 ], [ -72.108970982820495, 5.105723174411338 ], [ -72.109269187917462, 5.105534779220612 ], [ -72.110619829675954, 5.105757708313859 ], [ -72.111159018706076, 5.106085403864777 ], [ -72.111483163736111, 5.106141074753084 ], [ -72.1117291250264, 5.105545858505586 ], [ -72.112054119524913, 5.105411793379243 ], [ -72.112379963317323, 5.105087992353017 ], [ -72.11267756132068, 5.105035120346828 ], [ -72.113190326165721, 5.105227167223133 ], [ -72.113593749191423, 5.105689778629788 ], [ -72.113807460869339, 5.106259959262792 ], [ -72.113747208745153, 5.107642077399717 ], [ -72.113609983619469, 5.108102256129525 ], [ -72.112550376108132, 5.109290133923333 ], [ -72.112144038825434, 5.109478043092086 ], [ -72.11168412234835, 5.109557287978528 ], [ -72.111222869498334, 5.109934688155786 ], [ -72.110627547530797, 5.110067532983517 ], [ -72.110195757370889, 5.109902952971342 ], [ -72.110115510811269, 5.109712852115775 ], [ -72.110224855898437, 5.109442289184993 ], [ -72.110469362968701, 5.109172335385655 ], [ -72.110525128891254, 5.108793108412684 ], [ -72.110715570686722, 5.108522910660858 ], [ -72.110961899051631, 5.107846380490865 ], [ -72.110990024531716, 5.1076025567501 ], [ -72.110883231025085, 5.107303914008988 ], [ -72.110667822368228, 5.107113204405561 ] ], [ [ -72.111076586191331, 5.106383194332751 ], [ -72.110699955159859, 5.10597491398459 ], [ -72.110079305494139, 5.105728168039128 ], [ -72.109349677292741, 5.105670669725674 ], [ -72.108916189350339, 5.105885560832189 ], [ -72.10829140940649, 5.106560383422927 ], [ -72.108344744697348, 5.106723257130477 ], [ -72.108722588954365, 5.106860488212128 ], [ -72.109290753177689, 5.106754626876723 ], [ -72.110803955671599, 5.106896972858219 ], [ -72.11093851018444, 5.107033106982384 ], [ -72.111099125593597, 5.107386203366003 ], [ -72.111097303883597, 5.107792779283407 ], [ -72.110905769346459, 5.10830692287169 ], [ -72.110930615156718, 5.108794935684503 ], [ -72.110467661742433, 5.109551806009156 ], [ -72.110467054130595, 5.109687331230596 ], [ -72.110736771080539, 5.10982407493062 ], [ -72.11122359847549, 5.109772057782237 ], [ -72.111549324416799, 5.109475363773347 ], [ -72.112090459664117, 5.109369379206494 ], [ -72.112469764380819, 5.109181348287891 ], [ -72.113338930870285, 5.108263669957013 ], [ -72.113584164681455, 5.107831083243229 ], [ -72.113563562859838, 5.106394390170322 ], [ -72.113295301498539, 5.105932386739968 ], [ -72.113269360962462, 5.105688319064244 ], [ -72.112973339683961, 5.105388824798435 ], [ -72.112595615123141, 5.105224491096244 ], [ -72.112433299922202, 5.105250866243274 ], [ -72.111863194239277, 5.105790412715624 ], [ -72.111780276577463, 5.106196623797512 ], [ -72.111589836288786, 5.106466822525883 ], [ -72.111076586191331, 5.106383194332751 ] ] ], [ [ [ -72.085173303138674, 5.107729680116767 ], [ -72.085119239624291, 5.107729434376255 ], [ -72.084822748206875, 5.107538351734628 ], [ -72.085119607247123, 5.107648121074347 ], [ -72.085173303138674, 5.107729680116767 ] ] ], [ [ [ -72.085281062566978, 5.107811484897588 ], [ -72.085226999040543, 5.107811239162228 ], [ -72.085173303138674, 5.107729680116767 ], [ -72.085227366655687, 5.107729925852737 ], [ -72.085281062566978, 5.107811484897588 ] ] ], [ [ [ -72.085335126096069, 5.107811730628403 ], [ -72.085361912792862, 5.107866062371538 ], [ -72.085307849257887, 5.107865816640371 ], [ -72.085335126096069, 5.107811730628403 ] ] ], [ [ [ -72.08541597633041, 5.107866308098163 ], [ -72.085469672276147, 5.107947867147043 ], [ -72.08541560872915, 5.10794762142103 ], [ -72.08541597633041, 5.107866308098163 ] ] ], [ [ [ -72.085523735825774, 5.107948112868514 ], [ -72.085550522542107, 5.108002444615892 ], [ -72.085496458986626, 5.108002198894071 ], [ -72.085523735825774, 5.107948112868514 ] ] ], [ [ [ -72.098341750504687, 5.106922030585164 ], [ -72.097747899673408, 5.106729606634223 ], [ -72.095667656839765, 5.106449138063803 ], [ -72.095182058397242, 5.106230097313391 ], [ -72.094644594325558, 5.105522927534979 ], [ -72.093997538615454, 5.105140524077241 ], [ -72.09399839334661, 5.104950791519263 ], [ -72.094161317046044, 5.104788898153291 ], [ -72.094326315940762, 5.104166225485407 ], [ -72.094462451586907, 5.103950000157768 ], [ -72.094732769858169, 5.103951223976078 ], [ -72.095271820221626, 5.104306032147537 ], [ -72.095676688080005, 5.104443390910547 ], [ -72.096785361372156, 5.104367092075609 ], [ -72.097570018287016, 5.10420800986148 ], [ -72.098326180582561, 5.104374061315279 ], [ -72.098757472703326, 5.10464706459589 ], [ -72.099133604334838, 5.105163766343201 ], [ -72.099213725172064, 5.105380971213159 ], [ -72.099131288274677, 5.10567875706497 ], [ -72.099183401779513, 5.106112677938214 ], [ -72.099533355381311, 5.106439524373701 ], [ -72.099828513792104, 5.106928755104283 ], [ -72.100017372659096, 5.107010925090434 ], [ -72.100693296878859, 5.106986875593628 ], [ -72.101179387400322, 5.107097494260192 ], [ -72.101745478185123, 5.107452422659803 ], [ -72.10201458138782, 5.10772469267364 ], [ -72.101984503188262, 5.108402191549295 ], [ -72.101466869565371, 5.109294329313417 ], [ -72.101274230590562, 5.11005240878722 ], [ -72.101323661767836, 5.111082636567471 ], [ -72.101186305178402, 5.111569911958687 ], [ -72.100805047374664, 5.112191610464091 ], [ -72.100345375988269, 5.112216635705768 ], [ -72.100129971632001, 5.112025923419178 ], [ -72.099700627564076, 5.111319241441999 ], [ -72.099596280843102, 5.110478503838641 ], [ -72.099462705762093, 5.110125530065313 ], [ -72.098521826027977, 5.108955743480395 ], [ -72.09868743461503, 5.108197544157966 ], [ -72.098661378365819, 5.107980583756609 ], [ -72.09882564437504, 5.107520536565781 ], [ -72.098772921777623, 5.107222139575823 ], [ -72.098341750504687, 5.106922030585164 ] ], [ [ -72.099203971592033, 5.107549353276968 ], [ -72.099014259165855, 5.10765691641261 ], [ -72.098850968948938, 5.107900125580219 ], [ -72.098849505271033, 5.108225382769821 ], [ -72.098685970769012, 5.108522801297204 ], [ -72.098657352697785, 5.108875040865878 ], [ -72.099517014157314, 5.110071565151636 ], [ -72.099650711275942, 5.110397434141586 ], [ -72.099754814095775, 5.111292381340756 ], [ -72.100292043427757, 5.112053762246243 ], [ -72.100508057878699, 5.112108950498982 ], [ -72.100887242196777, 5.111948034106553 ], [ -72.101215166780136, 5.111163461943654 ], [ -72.101221019538116, 5.109862430542425 ], [ -72.10141317081623, 5.109212770390915 ], [ -72.101849220383912, 5.108428685487382 ], [ -72.101933119390083, 5.107805640710762 ], [ -72.101717958682215, 5.107560719836519 ], [ -72.101070893363072, 5.107178319992014 ], [ -72.099854570619542, 5.107145715663723 ], [ -72.099584615535065, 5.107063178885575 ], [ -72.099314050931582, 5.107116165922042 ], [ -72.099203971592033, 5.107549353276968 ] ], [ [ -72.094678217995181, 5.104059397895349 ], [ -72.094543058835285, 5.104058785975968 ], [ -72.094461475097035, 5.104166837463247 ], [ -72.094323874419004, 5.104708318676523 ], [ -72.094376595200785, 5.105006714762343 ], [ -72.095048241659967, 5.10593133380858 ], [ -72.09534437210506, 5.106203727080572 ], [ -72.095749118906383, 5.106368191171338 ], [ -72.09680251154758, 5.106562696586828 ], [ -72.097802573631228, 5.10659432755485 ], [ -72.098072405926757, 5.106703969591764 ], [ -72.098613168530605, 5.106679310630341 ], [ -72.098965926328759, 5.106382747679686 ], [ -72.099078687088166, 5.105353255316945 ], [ -72.098783773284765, 5.104809815420792 ], [ -72.098406788771385, 5.104482847047847 ], [ -72.097812939723667, 5.104290424413356 ], [ -72.097515588656435, 5.104289079543834 ], [ -72.096162773912269, 5.104554011809832 ], [ -72.095730263754632, 5.104552054378518 ], [ -72.095325273776595, 5.104441800288127 ], [ -72.094678217995181, 5.104059397895349 ] ] ], [ [ [ -72.085604586100217, 5.10800269033317 ], [ -72.085631372824935, 5.108057022082313 ], [ -72.085577309260998, 5.108056776364686 ], [ -72.085604586100217, 5.10800269033317 ] ] ], [ [ [ -72.085766041650487, 5.108166054153638 ], [ -72.085711978070904, 5.108165808442123 ], [ -72.085631372824935, 5.108057022082313 ], [ -72.085685436391543, 5.1080572677954 ], [ -72.085766041650487, 5.108166054153638 ] ] ], [ [ [ -72.09133313690198, 5.108516593116005 ], [ -72.09200685688667, 5.108980436672305 ], [ -72.092302863642274, 5.10927993600124 ], [ -72.091305982661396, 5.10854357507002 ], [ -72.090067897041237, 5.107345332517172 ], [ -72.089636121411019, 5.107180742649159 ], [ -72.089203489654736, 5.107205884348956 ], [ -72.088769511848312, 5.107529175486691 ], [ -72.088551543614329, 5.107907656987303 ], [ -72.088358525676384, 5.10874703771272 ], [ -72.088249418671495, 5.10896338273694 ], [ -72.087951088346472, 5.109178868219387 ], [ -72.086924122165499, 5.109119992545734 ], [ -72.086170048434539, 5.108493150352078 ], [ -72.086978308380679, 5.109093133723059 ], [ -72.087897269495386, 5.109124413643271 ], [ -72.088250153300677, 5.108800755684049 ], [ -72.088524878974283, 5.107826220706642 ], [ -72.088742724780744, 5.107474843729441 ], [ -72.089068330496474, 5.107205270900608 ], [ -72.089528238731219, 5.107126042885547 ], [ -72.089906317542827, 5.107209073822781 ], [ -72.090095051224921, 5.107318350615571 ], [ -72.09133313690198, 5.108516593116005 ] ] ], [ [ [ -72.08590071052727, 5.108275086222364 ], [ -72.085846646932026, 5.108274840516965 ], [ -72.085766041650487, 5.108166054153638 ], [ -72.085820105232742, 5.108166299860607 ], [ -72.08590071052727, 5.108275086222364 ] ] ], [ [ [ -72.085927742325893, 5.108275209073359 ], [ -72.085927619804437, 5.108302313526411 ], [ -72.085900588004677, 5.108302190674761 ], [ -72.085927742325893, 5.108275209073359 ] ] ], [ [ [ -72.086035379455296, 5.108384118288546 ], [ -72.085981315844393, 5.108383872589263 ], [ -72.085927619804437, 5.108302313526411 ], [ -72.085981683405919, 5.108302559226304 ], [ -72.086035379455296, 5.108384118288546 ] ] ], [ [ [ -72.086115984808004, 5.10849290465891 ], [ -72.086089443068829, 5.108384363983285 ], [ -72.086170048434539, 5.108493150352078 ], [ -72.086115984808004, 5.10849290465891 ] ] ], [ [ [ -72.106222602601264, 5.109749501549951 ], [ -72.106113134376116, 5.110047167750851 ], [ -72.106054078677076, 5.111158226095625 ], [ -72.106241114158721, 5.111646969507917 ], [ -72.106590587975361, 5.112082235574692 ], [ -72.106693847694629, 5.113166921890738 ], [ -72.106423522684892, 5.113165700912038 ], [ -72.106343399418563, 5.112948495058736 ], [ -72.10634656535693, 5.112243766550471 ], [ -72.106078432566193, 5.111754656784806 ], [ -72.105919160161292, 5.111103405857619 ], [ -72.106033254457543, 5.109775752244936 ], [ -72.106278005979732, 5.10945159123036 ], [ -72.10755217555176, 5.108644175735358 ], [ -72.107741401914581, 5.108645029345889 ], [ -72.107766488371681, 5.109078830965658 ], [ -72.108223241505428, 5.109704318728373 ], [ -72.108546779050172, 5.109895516975999 ], [ -72.109167673587535, 5.110088056297638 ], [ -72.109140033198571, 5.110223459442046 ], [ -72.108544468348398, 5.11041051193102 ], [ -72.108299473560962, 5.110788884226917 ], [ -72.108324316372929, 5.111276896043009 ], [ -72.108726883978292, 5.111929245611488 ], [ -72.108963971996715, 5.113312698648946 ], [ -72.108720678939704, 5.113311600603454 ], [ -72.108564688983293, 5.111928513728928 ], [ -72.108134724157125, 5.111357357126238 ], [ -72.108054721733041, 5.111113046291901 ], [ -72.108057154792021, 5.110570946586377 ], [ -72.108437919712173, 5.110057659193238 ], [ -72.107791574698325, 5.109512632598616 ], [ -72.107442221751597, 5.109050262516023 ], [ -72.107307060011621, 5.109049652688642 ], [ -72.106439834956831, 5.109533638179882 ], [ -72.106222602601264, 5.109749501549951 ] ] ], [ [ [ -72.097745147503105, 5.113343284978355 ], [ -72.09812152340497, 5.113805780139919 ], [ -72.098823875621761, 5.113917382987532 ], [ -72.099636067088497, 5.113650007934281 ], [ -72.100582321945183, 5.113627186480251 ], [ -72.101850892600098, 5.114066613517679 ], [ -72.102955563969331, 5.114884773376831 ], [ -72.102766580522825, 5.114829707604565 ], [ -72.101823616189066, 5.114120700864204 ], [ -72.100770938460144, 5.113763567015386 ], [ -72.099879114179657, 5.113705319071673 ], [ -72.098742412227494, 5.113998329931368 ], [ -72.098310139018963, 5.113942161133582 ], [ -72.098013394110367, 5.11380529025532 ], [ -72.097717748761426, 5.113424476706091 ], [ -72.097532797790763, 5.11247495379641 ], [ -72.096860045486324, 5.111794274036106 ], [ -72.096563424154823, 5.111630298508172 ], [ -72.095834043833065, 5.111518572303753 ], [ -72.095401284730315, 5.111570821346768 ], [ -72.095103075427261, 5.111759206152272 ], [ -72.094751779552908, 5.111730508278501 ], [ -72.093999280543485, 5.110751308862509 ], [ -72.093514047735553, 5.110450951442398 ], [ -72.093110889754797, 5.109934124689461 ], [ -72.092302863642274, 5.10927993600124 ], [ -72.093084224491477, 5.109852688226458 ], [ -72.09362205378342, 5.110478546402476 ], [ -72.094134196566444, 5.11080613099578 ], [ -72.094806210558474, 5.111649439403716 ], [ -72.09513047424592, 5.111678014680279 ], [ -72.095536812154251, 5.111490119934738 ], [ -72.095969326887996, 5.111492080149556 ], [ -72.096806713947345, 5.111631400805514 ], [ -72.097586984433889, 5.112448093986377 ], [ -72.097745147503105, 5.113343284978355 ] ] ], [ [ [ -72.091862135721058, 5.117084219588107 ], [ -72.091511205713957, 5.116974204621694 ], [ -72.09143084380527, 5.11681120867175 ], [ -72.091458856028225, 5.116594494854882 ], [ -72.09156747509148, 5.116486567781359 ], [ -72.092162797674845, 5.116353746327231 ], [ -72.092569383974961, 5.116111646451489 ], [ -72.092812552171964, 5.116139855842102 ], [ -72.09281145035564, 5.116383797359324 ], [ -72.09262112229456, 5.116626879524106 ], [ -72.091862135721058, 5.117084219588107 ] ] ], [ [ [ -72.097769756313653, 5.119875770547506 ], [ -72.097607071656611, 5.11998345365811 ], [ -72.096634633598697, 5.11981640973398 ], [ -72.095823657651721, 5.119812728966072 ], [ -72.096237220252604, 5.118025659708992 ], [ -72.09648185778228, 5.117728611801737 ], [ -72.097400350124602, 5.11786830423674 ], [ -72.09761587639538, 5.118031913337015 ], [ -72.097505790052836, 5.11846509856009 ], [ -72.097502855156904, 5.119115611942801 ], [ -72.097744069039948, 5.11957749589638 ], [ -72.097769756313653, 5.119875770547506 ] ], [ [ -72.097290752881136, 5.118193070479629 ], [ -72.096696772110548, 5.118027744580522 ], [ -72.096425958202602, 5.118134937020728 ], [ -72.096150128138191, 5.119353421651177 ], [ -72.096149149254259, 5.119570259179165 ], [ -72.097150209152318, 5.119385064916803 ], [ -72.097370872101706, 5.118410276072463 ], [ -72.097290752881136, 5.118193070479629 ] ] ], [ [ [ -72.083768324321142, 5.119513947869515 ], [ -72.084173807666872, 5.119515795908091 ], [ -72.084578062638286, 5.119788687798302 ], [ -72.085252640770236, 5.120062811299509 ], [ -72.086168791297212, 5.120717504906125 ], [ -72.08649060037547, 5.121288176064121 ], [ -72.087834361491062, 5.12302901878781 ], [ -72.087994100361229, 5.123571847319679 ], [ -72.08783104574465, 5.123760839923071 ], [ -72.087019579800057, 5.123865563034717 ], [ -72.085885076515851, 5.12367065747377 ], [ -72.085372935141606, 5.123343062939722 ], [ -72.085021636688609, 5.123314356367267 ], [ -72.084750452091825, 5.123502854699127 ], [ -72.084074027222485, 5.123635294685694 ], [ -72.083938373331208, 5.123743095753391 ], [ -72.083883324670268, 5.123959684263223 ], [ -72.083962577091327, 5.124366620077688 ], [ -72.083880249827928, 5.124637294012015 ], [ -72.082958194219714, 5.125283604964658 ], [ -72.082658622062709, 5.125770126140506 ], [ -72.08211760379892, 5.125848970787166 ], [ -72.08076758346121, 5.125490441645582 ], [ -72.079661226877207, 5.125051709365683 ], [ -72.079553836631106, 5.124888589580396 ], [ -72.079614429356482, 5.12345230943605 ], [ -72.080078903084953, 5.122370236500366 ], [ -72.080757417087767, 5.121777027080554 ], [ -72.081193255025653, 5.121047184384537 ], [ -72.081410496942084, 5.120831336538805 ], [ -72.083010193291543, 5.119781541239758 ], [ -72.083768324321142, 5.119513947869515 ] ], [ [ -72.087699199178985, 5.123028403155057 ], [ -72.086060416363338, 5.120771221234024 ], [ -72.085144265989356, 5.120116527492172 ], [ -72.084685454522514, 5.1199518070024 ], [ -72.084092342374703, 5.119596739518049 ], [ -72.08374092344792, 5.119595137829452 ], [ -72.083036979661017, 5.119835873235196 ], [ -72.081437283131507, 5.120885668547616 ], [ -72.081138206319622, 5.121263772277172 ], [ -72.080892455238228, 5.121804748348765 ], [ -72.08010531979464, 5.122505881434596 ], [ -72.079722435344777, 5.123479907641075 ], [ -72.079770218568072, 5.124862473399816 ], [ -72.081146406488287, 5.125410857305176 ], [ -72.08206464685459, 5.125604784817341 ], [ -72.082308061867607, 5.125578791284111 ], [ -72.082796861012454, 5.125093134101198 ], [ -72.083501672769643, 5.124662671670127 ], [ -72.083748654599532, 5.123850650136101 ], [ -72.083884923425444, 5.123607327187484 ], [ -72.084669846626468, 5.123394067258878 ], [ -72.08499521888794, 5.123178711028174 ], [ -72.085373426767589, 5.123234645231856 ], [ -72.085885568087093, 5.123562239717328 ], [ -72.086912187008792, 5.123702443529825 ], [ -72.087750930784082, 5.123543634619518 ], [ -72.087832519468975, 5.123435586087481 ], [ -72.087699199178985, 5.123028403155057 ] ] ], [ [ [ -72.052651140447239, 5.126038995487642 ], [ -72.052892560887798, 5.126446672077154 ], [ -72.052915613078071, 5.127314113004387 ], [ -72.05261751704812, 5.127475362955064 ], [ -72.051724970466921, 5.127579661012152 ], [ -72.050914888665503, 5.127386192633869 ], [ -72.050591752404671, 5.127113659330552 ], [ -72.05021405512224, 5.126949290676516 ], [ -72.049891043960343, 5.126649653754586 ], [ -72.049946352127535, 5.12637886778043 ], [ -72.050109164570898, 5.126244098771744 ], [ -72.050649922782213, 5.126219490873556 ], [ -72.051570742332117, 5.125844282055305 ], [ -72.052273442413892, 5.125874628108932 ], [ -72.052651140447239, 5.126038995487642 ] ], [ [ -72.050834664635374, 5.127196093193088 ], [ -72.051455274917785, 5.127442895379142 ], [ -72.051968754160796, 5.127472369365855 ], [ -72.052591604734772, 5.127231305616984 ], [ -72.052727758667217, 5.127015100152362 ], [ -72.052784309502513, 5.126473276967271 ], [ -72.05267742606442, 5.126201741934593 ], [ -72.052488950046893, 5.126038247369457 ], [ -72.052138035085008, 5.125928211848812 ], [ -72.051570369150056, 5.125925592856699 ], [ -72.050703239527266, 5.126382361888251 ], [ -72.050405890843606, 5.126380989309588 ], [ -72.050243078367984, 5.126515758409369 ], [ -72.050269238798819, 5.126705608180714 ], [ -72.050834664635374, 5.127196093193088 ] ] ], [ [ [ -72.047948002226832, 5.125935972870708 ], [ -72.048352729343819, 5.126100467059383 ], [ -72.048864338188551, 5.12653649584952 ], [ -72.04888925286734, 5.126997380781381 ], [ -72.048536097285137, 5.127375206786198 ], [ -72.046533759622207, 5.127799617461765 ], [ -72.045611690783687, 5.128445850192494 ], [ -72.045368031675153, 5.128526035133372 ], [ -72.04496318050245, 5.12838864205611 ], [ -72.044451201112949, 5.128033921107114 ], [ -72.043940095714177, 5.127489476189043 ], [ -72.043940968982227, 5.127299752306339 ], [ -72.044294499921349, 5.126840620119904 ], [ -72.045189035510845, 5.126302677472377 ], [ -72.046082573059948, 5.125981560422743 ], [ -72.04675848717207, 5.125957580563909 ], [ -72.047298620751278, 5.126068492918701 ], [ -72.047948002226832, 5.125935972870708 ] ], [ [ -72.044239438961355, 5.127057197362785 ], [ -72.044102659465864, 5.127408916439789 ], [ -72.044559701815672, 5.127953111130657 ], [ -72.044910489267835, 5.128090254139443 ], [ -72.045179683139523, 5.128335435656902 ], [ -72.045476906608158, 5.128363914637091 ], [ -72.046344538020733, 5.127798742543744 ], [ -72.048509812939358, 5.127212460751294 ], [ -72.048699906555669, 5.12702361022601 ], [ -72.048728308154452, 5.126725596270682 ], [ -72.048325075022703, 5.126235859795655 ], [ -72.047947504029622, 5.126044386916632 ], [ -72.047325154042127, 5.126177031812332 ], [ -72.04700077476005, 5.126175532793344 ], [ -72.046595923838311, 5.126038141398054 ], [ -72.046190325481476, 5.126063370655213 ], [ -72.045567726782537, 5.126250220521767 ], [ -72.045052381505158, 5.126627293713822 ], [ -72.044510752458464, 5.126841620528646 ], [ -72.044239438961355, 5.127057197362785 ] ] ], [ [ [ -72.074821575320797, 5.131155246921108 ], [ -72.074307587424826, 5.131234205658336 ], [ -72.0740924397344, 5.130989277163619 ], [ -72.074040104725782, 5.130609571335389 ], [ -72.074393750344342, 5.130123307018501 ], [ -72.074773069139567, 5.12993531183207 ], [ -72.07536778293948, 5.129938036073622 ], [ -72.075825976525437, 5.130238286874603 ], [ -72.07585226813579, 5.130401035817433 ], [ -72.075688714851879, 5.130698438995638 ], [ -72.07517423298934, 5.130885815394872 ], [ -72.074821575320797, 5.131155246921108 ] ], [ [ -72.074444356056802, 5.130882471093465 ], [ -72.074795778223404, 5.130884081416464 ], [ -72.074960073007503, 5.130424053724707 ], [ -72.07477109283117, 5.130368978450956 ], [ -72.074554339061379, 5.130476404229244 ], [ -72.074445344441884, 5.130665637851906 ], [ -72.074444356056802, 5.130882471093465 ] ] ], [ [ [ -72.015819724382553, 5.117411818889704 ], [ -72.015818844523423, 5.117601537967311 ], [ -72.016166469994786, 5.118416258302131 ], [ -72.016354300958326, 5.118715270654687 ], [ -72.016919554338699, 5.119232869464071 ], [ -72.017674776954991, 5.119588733756734 ], [ -72.019453774049623, 5.120681160008918 ], [ -72.020399848749918, 5.120685567724805 ], [ -72.021373959306331, 5.120473277036584 ], [ -72.021672301553167, 5.120257838576301 ], [ -72.021781428549858, 5.120041519001771 ], [ -72.022025081582072, 5.119961342890567 ], [ -72.022644655444324, 5.120424985814248 ], [ -72.024425677316685, 5.121083757500782 ], [ -72.024641924007668, 5.121084763501111 ], [ -72.024885828581816, 5.12095038042878 ], [ -72.026049534092962, 5.120657653111152 ], [ -72.0267522112606, 5.120688023285551 ], [ -72.027399950139255, 5.120907862554097 ], [ -72.027669006344937, 5.121180148903961 ], [ -72.027611561487035, 5.121911679043979 ], [ -72.027717680367445, 5.122345829856534 ], [ -72.028118884529277, 5.123269217297342 ], [ -72.028522094323179, 5.123758956580586 ], [ -72.029842733128845, 5.124605306997858 ], [ -72.031245847507222, 5.125153899301072 ], [ -72.033297840679296, 5.125678398906056 ], [ -72.033702433424864, 5.125870003286961 ], [ -72.035130337554023, 5.126906573550412 ], [ -72.035507024997941, 5.127287774525815 ], [ -72.035936399569451, 5.127967361752691 ], [ -72.036448120102676, 5.128376293240289 ], [ -72.037096249434114, 5.128514819319248 ], [ -72.03787866152588, 5.128843694600451 ], [ -72.038635543542284, 5.128847204672999 ], [ -72.039095579273081, 5.128740922186795 ], [ -72.039341362409814, 5.128199984082272 ], [ -72.039667239841819, 5.127876247904863 ], [ -72.040561527741815, 5.127392521496241 ], [ -72.041723632997972, 5.12745211191357 ], [ -72.042127233448483, 5.12786053997883 ], [ -72.042151143811481, 5.12853824932944 ], [ -72.04182451709795, 5.129024607451593 ], [ -72.040903694279152, 5.129399796241021 ], [ -72.040605347282337, 5.129615244921535 ], [ -72.03990215121712, 5.129693297209204 ], [ -72.039901526312946, 5.129828813761421 ], [ -72.040036059340608, 5.129964956886072 ], [ -72.040684317909665, 5.130076377358175 ], [ -72.040791694644966, 5.130239498489413 ], [ -72.04079032009939, 5.130537635139246 ], [ -72.040544535834556, 5.131078573956954 ], [ -72.040354439321817, 5.131267419950115 ], [ -72.03965124145607, 5.131345470892818 ], [ -72.039408706953623, 5.131181722809401 ], [ -72.039138515762772, 5.131153365782357 ], [ -72.038759197699619, 5.131341333336278 ], [ -72.037948124360454, 5.131364674104338 ], [ -72.037380961429662, 5.131253626746288 ], [ -72.036839829364567, 5.13135953034312 ], [ -72.036299198067823, 5.131357020495512 ], [ -72.03611035271399, 5.131274832293879 ], [ -72.035677472407855, 5.131354133606717 ], [ -72.03532894212853, 5.130729128097405 ], [ -72.034467816148762, 5.129884912112595 ], [ -72.034144190131727, 5.129720786475427 ], [ -72.033657874872389, 5.129664319986954 ], [ -72.031899956636408, 5.129845877045936 ], [ -72.030928832861179, 5.129407703370735 ], [ -72.030363431419573, 5.128917208406245 ], [ -72.029985870786277, 5.128725727093681 ], [ -72.029040403035623, 5.128585811447557 ], [ -72.028797623373322, 5.128476267562876 ], [ -72.0285273108844, 5.128475009998469 ], [ -72.027742150392655, 5.128742392531009 ], [ -72.027228682492932, 5.128712899090906 ], [ -72.026932468567225, 5.128467588048054 ], [ -72.026475699341418, 5.127869183214664 ], [ -72.026097388551136, 5.127840318454594 ], [ -72.02596298588243, 5.12767707138501 ], [ -72.025964115513233, 5.127433144670372 ], [ -72.026045585453005, 5.127352213288983 ], [ -72.02669408197815, 5.127409439084264 ], [ -72.026965146367445, 5.127248079203769 ], [ -72.027266001516992, 5.126490578885701 ], [ -72.027267130390641, 5.126246651872076 ], [ -72.027054017147933, 5.125568070832946 ], [ -72.026733156021876, 5.124807678011239 ], [ -72.026410414013995, 5.124453830186622 ], [ -72.025955778296719, 5.123394676343773 ], [ -72.025633789697494, 5.122878210990525 ], [ -72.024125703955278, 5.121651535620652 ], [ -72.023747272119422, 5.121649774572772 ], [ -72.023286995021337, 5.1218102532993 ], [ -72.022259698206639, 5.121832574180835 ], [ -72.021826200901856, 5.122047383169591 ], [ -72.021554134865255, 5.122425564323758 ], [ -72.021174573126714, 5.122667727175521 ], [ -72.020495159448586, 5.123450560817104 ], [ -72.01997968862743, 5.123854709369539 ], [ -72.019573346234338, 5.12404253877883 ], [ -72.018789200750604, 5.124093088957417 ], [ -72.018463447710218, 5.124389706716921 ], [ -72.018462441667111, 5.124606528997446 ], [ -72.018596967076761, 5.124742673388637 ], [ -72.018893929161905, 5.124825368701631 ], [ -72.019217167848623, 5.125070806809834 ], [ -72.01964915901155, 5.125181235077048 ], [ -72.019916702121165, 5.12577875763504 ], [ -72.020804323334175, 5.126731516458008 ], [ -72.021505997915355, 5.126978718994856 ], [ -72.021749528381164, 5.126925647421077 ], [ -72.021993687175154, 5.126737061377589 ], [ -72.022291028339041, 5.126738447262768 ], [ -72.022533930613577, 5.126820889718418 ], [ -72.02266833193795, 5.126984136903109 ], [ -72.022667578089354, 5.127146754225844 ], [ -72.022504260951365, 5.127389924287268 ], [ -72.022044356147148, 5.127469090902558 ], [ -72.02150122127442, 5.12800862759584 ], [ -72.021445147626324, 5.128442021192045 ], [ -72.021119140158518, 5.128792845397332 ], [ -72.020849458226706, 5.12865607030506 ], [ -72.020581411351301, 5.128166958318841 ], [ -72.020043180442514, 5.127649482673521 ], [ -72.019718808474707, 5.1276479693836 ], [ -72.019366776636048, 5.127781843824863 ], [ -72.018824269575646, 5.128185862813671 ], [ -72.018634800956221, 5.128239185200718 ], [ -72.018335446359046, 5.128671441667957 ], [ -72.018438913122125, 5.129674749332418 ], [ -72.019058110084643, 5.130219707954065 ], [ -72.019489852401264, 5.130384343927644 ], [ -72.019918197074631, 5.131280755763186 ], [ -72.020241186570573, 5.131580401077518 ], [ -72.020455296486418, 5.132042158631879 ], [ -72.020804562674044, 5.132504547239694 ], [ -72.02126182845285, 5.132994543517521 ], [ -72.02161235400186, 5.133185903754407 ], [ -72.022149959868415, 5.133838895779631 ], [ -72.022121292690969, 5.134191106896363 ], [ -72.021740588647916, 5.134677191804388 ], [ -72.021630071594871, 5.135191641231876 ], [ -72.02162843502704, 5.135543978338841 ], [ -72.021788860786714, 5.135924175693733 ], [ -72.022058419423587, 5.136088055120003 ], [ -72.022382796348197, 5.136089569704779 ], [ -72.022491677226597, 5.135927457278691 ], [ -72.022629980613814, 5.135250516290592 ], [ -72.023253589852899, 5.134846874648821 ], [ -72.023526042174566, 5.134387386670618 ], [ -72.024313598757345, 5.133605058888332 ], [ -72.02466576075885, 5.13344408006247 ], [ -72.025045708187406, 5.133120609321284 ], [ -72.025371969570628, 5.132715577279821 ], [ -72.02583187949071, 5.132636410222188 ], [ -72.02604699959403, 5.13288134470322 ], [ -72.026045868788074, 5.133125271394763 ], [ -72.025855015558321, 5.133476727990706 ], [ -72.025419873910366, 5.134043873825911 ], [ -72.024904140053295, 5.134502228971891 ], [ -72.02449389009864, 5.135530249075537 ], [ -72.024003424316575, 5.136368169287345 ], [ -72.023515473811827, 5.136664030362671 ], [ -72.023270680363041, 5.136988129470446 ], [ -72.023374904409977, 5.137828824007325 ], [ -72.023615544702722, 5.138399120770285 ], [ -72.023857443995041, 5.138698388616035 ], [ -72.024315596142358, 5.138998666118611 ], [ -72.024557747705174, 5.139243728167399 ], [ -72.025656857635852, 5.141227416504649 ], [ -72.025925916228289, 5.141499707961011 ], [ -72.026735610144101, 5.141774522928959 ], [ -72.02703207880981, 5.141965631534604 ], [ -72.027599243066632, 5.142076692532342 ], [ -72.028111337881938, 5.14240432498177 ], [ -72.029760280272598, 5.142412016198616 ], [ -72.030895116416573, 5.142525721628338 ], [ -72.031703434998022, 5.143098666316433 ], [ -72.032133558914794, 5.143615640972085 ], [ -72.032268718784124, 5.143616270854919 ], [ -72.032431664454776, 5.143454407988914 ], [ -72.032566447444239, 5.143536347142818 ], [ -72.03261875257148, 5.143916042726149 ], [ -72.032455304144435, 5.144186318056282 ], [ -72.032506855081934, 5.144728632327892 ], [ -72.032668042014777, 5.144946213206861 ], [ -72.033072643203994, 5.145137824821146 ], [ -72.033478375429738, 5.145085508065696 ], [ -72.034264691845777, 5.144574200358839 ], [ -72.035077035086857, 5.144279842247006 ], [ -72.036077096734999, 5.144311601887595 ], [ -72.037103438758749, 5.144506105173641 ], [ -72.037723421828758, 5.144888443467754 ], [ -72.038020650235396, 5.144916930157058 ], [ -72.038616236008863, 5.144729973770366 ], [ -72.03921282467762, 5.144326190375423 ], [ -72.039835818280494, 5.144058048126529 ], [ -72.040106140116563, 5.144059304704784 ], [ -72.040294738861107, 5.144195700781402 ], [ -72.040562679926225, 5.144711920170465 ], [ -72.040560424074428, 5.145199779819444 ], [ -72.040064565896159, 5.147203161991585 ], [ -72.039575601136121, 5.147715861120008 ], [ -72.038844348359007, 5.148010601043396 ], [ -72.03862620749716, 5.148416143543012 ], [ -72.038486778531464, 5.149337025245393 ], [ -72.038025596266607, 5.149687227857883 ], [ -72.037402972816139, 5.149874054995646 ], [ -72.037157420828024, 5.150360779834006 ], [ -72.037153778098656, 5.151146773359658 ], [ -72.036880941211791, 5.15168757815551 ], [ -72.036852777931927, 5.151931381130105 ], [ -72.037148124472338, 5.152366418442218 ], [ -72.037525197020841, 5.152666317610662 ], [ -72.038038186281952, 5.152804227085987 ], [ -72.038659808485775, 5.152834226961593 ], [ -72.038956538329401, 5.152971128430421 ], [ -72.039524347278217, 5.152946669174645 ], [ -72.039849491196179, 5.152785560074227 ], [ -72.040039723347348, 5.152569614819604 ], [ -72.040176643404948, 5.152190797943797 ], [ -72.040125088625786, 5.151648480304119 ], [ -72.040208445117088, 5.151160998413842 ], [ -72.040344862401611, 5.150890594469856 ], [ -72.040320966730533, 5.150212886082742 ], [ -72.040455878081005, 5.150267721646262 ], [ -72.040427214576752, 5.150619938833827 ], [ -72.040561749616913, 5.150756084355824 ], [ -72.041128302847412, 5.151002655721593 ], [ -72.041615013477738, 5.150977816202098 ], [ -72.041859058643709, 5.150816327920252 ], [ -72.042078829851704, 5.150058440119955 ], [ -72.042214744571794, 5.149896448576447 ], [ -72.042754767633724, 5.15003447926022 ], [ -72.044130168235341, 5.150745576038895 ], [ -72.044508498952723, 5.150774438349626 ], [ -72.045538993874345, 5.150074522192281 ], [ -72.046190655552095, 5.14945415618483 ], [ -72.046975601476476, 5.149240968190798 ], [ -72.047840644192291, 5.149244983177809 ], [ -72.049514665495707, 5.149686415361122 ], [ -72.049757084042497, 5.149877268572249 ], [ -72.050186605732932, 5.15052975967351 ], [ -72.050778574659233, 5.15112879611131 ], [ -72.051237881406038, 5.151185134394879 ], [ -72.051590182408432, 5.150997038828081 ], [ -72.051645497934899, 5.150726253680841 ], [ -72.051539116890595, 5.150346302270449 ], [ -72.051650872185846, 5.149560799661165 ], [ -72.051599930837895, 5.14888295953167 ], [ -72.052007544825386, 5.148424077565097 ], [ -72.052063983571671, 5.147909359788938 ], [ -72.051770996441945, 5.146959356549402 ], [ -72.051774243608762, 5.146254663263922 ], [ -72.051614795628709, 5.1456576331204 ], [ -72.050968013290941, 5.145220970818817 ], [ -72.049723644271879, 5.145404934278479 ], [ -72.049046957637273, 5.145591526653549 ], [ -72.048668503110918, 5.145589772200137 ], [ -72.048156511656671, 5.145235045295563 ], [ -72.04739985385028, 5.145177328385723 ], [ -72.047238034525236, 5.145095265712045 ], [ -72.047132655859443, 5.144498487742361 ], [ -72.047242035656055, 5.144227954406289 ], [ -72.047299225746386, 5.143550618101674 ], [ -72.047436137398705, 5.143171795981856 ], [ -72.047843496941098, 5.14276712322989 ], [ -72.047926093383921, 5.142442257139829 ], [ -72.047873653114749, 5.142089661128868 ], [ -72.047148779935597, 5.141002139146838 ], [ -72.046637167129575, 5.140566103169392 ], [ -72.04634043783004, 5.140429207609448 ], [ -72.044935890256369, 5.140178759664791 ], [ -72.044451062358917, 5.139797055335777 ], [ -72.044344309296747, 5.139498416344915 ], [ -72.044372966734841, 5.139146197345186 ], [ -72.044839011487696, 5.137738950084441 ], [ -72.044813728948881, 5.137359376840634 ], [ -72.044411622846823, 5.136625705157813 ], [ -72.043631695116943, 5.135754762609752 ], [ -72.043203058745505, 5.134912552660276 ], [ -72.042961021621238, 5.134640391115544 ], [ -72.042745141700536, 5.13455807853543 ], [ -72.042612981875351, 5.133906971015903 ], [ -72.042722358763186, 5.133636438437063 ], [ -72.042993301633317, 5.133502174338442 ], [ -72.043505032317924, 5.133911105251858 ], [ -72.044125515799792, 5.134185020061693 ], [ -72.044720591742148, 5.134106464821368 ], [ -72.045504266859169, 5.134164302446536 ], [ -72.046207346188595, 5.134113349883962 ], [ -72.046936459446641, 5.134279349438649 ], [ -72.047313159738465, 5.134660549915622 ], [ -72.047688363052913, 5.135366992391986 ], [ -72.04803491248029, 5.136425655553756 ], [ -72.048087104551911, 5.136832458401117 ], [ -72.048221516122709, 5.136995705130944 ], [ -72.048410615957124, 5.137023684570729 ], [ -72.048573307697254, 5.136916021253874 ], [ -72.049655340420259, 5.136758403854346 ], [ -72.050006134313534, 5.136895547429836 ], [ -72.050625753385546, 5.13735918412159 ], [ -72.050732510197307, 5.137657823556895 ], [ -72.050730015730934, 5.138199894950995 ], [ -72.050457947316687, 5.138578094177864 ], [ -72.050457074045354, 5.138767819114356 ], [ -72.050698118510027, 5.139256809053946 ], [ -72.051237141921831, 5.139611657102564 ], [ -72.051966639374683, 5.139696344427539 ], [ -72.053048928980544, 5.139484516240602 ], [ -72.054102068025372, 5.139733322926057 ], [ -72.055316157313626, 5.140253914608592 ], [ -72.055829773014892, 5.140256287782877 ], [ -72.056154784748941, 5.140122267913625 ], [ -72.056371915834745, 5.139933540942131 ], [ -72.05656276150971, 5.139582066706157 ], [ -72.056645352833414, 5.139257196677441 ], [ -72.056593031103475, 5.138877495033126 ], [ -72.056082404450137, 5.138224634300703 ], [ -72.055597192312604, 5.137924246542037 ], [ -72.054870433749088, 5.137243283486768 ], [ -72.054683075957328, 5.13683585442412 ], [ -72.054631501986194, 5.136293531375255 ], [ -72.05474137398528, 5.135914579383702 ], [ -72.05572050718736, 5.134618095345443 ], [ -72.056102192240942, 5.133915145574015 ], [ -72.056377240019586, 5.132886451745142 ], [ -72.056406759217381, 5.132344502170454 ], [ -72.056272717915206, 5.132099945378359 ], [ -72.055357731989986, 5.131201283994676 ], [ -72.054793666710594, 5.130412658593574 ], [ -72.054312190715564, 5.129299163602793 ], [ -72.054153356955496, 5.128566616579929 ], [ -72.053803807996957, 5.12815844083746 ], [ -72.053644477045538, 5.127534308761814 ], [ -72.053780009187008, 5.127453621173832 ], [ -72.054428648805981, 5.127483716583456 ], [ -72.054862028368618, 5.127295984963824 ], [ -72.055673729458121, 5.127137100850403 ], [ -72.056919927735279, 5.126546548331564 ], [ -72.057569313370266, 5.126414017624104 ], [ -72.057866415710635, 5.126469594389299 ], [ -72.058189308730874, 5.126796333126605 ], [ -72.058484177071961, 5.127339777574248 ], [ -72.058776686970688, 5.128398193891844 ], [ -72.058986486566013, 5.129808586237944 ], [ -72.058902658295281, 5.130404495797635 ], [ -72.058710825402116, 5.130972803297661 ], [ -72.059007184786722, 5.131191003463401 ], [ -72.059493762826918, 5.131193244980338 ], [ -72.06068441807875, 5.130927684495358 ], [ -72.061494265581373, 5.131175352383591 ], [ -72.062062065322564, 5.13115086138016 ], [ -72.062548148430736, 5.131261516012009 ], [ -72.064169585446251, 5.131377393027996 ], [ -72.064763179141352, 5.131624063170727 ], [ -72.065708565217335, 5.131791036827821 ], [ -72.067276934994098, 5.131689826646626 ], [ -72.068249851633382, 5.131748505155104 ], [ -72.070165066389606, 5.132651751381196 ], [ -72.070732129027917, 5.132789877589802 ], [ -72.071488914450441, 5.132820455504551 ], [ -72.072055730767346, 5.133012788972775 ], [ -72.072728451442302, 5.133693492167869 ], [ -72.073509674933717, 5.134293379085318 ], [ -72.0761791078736, 5.135796380163718 ], [ -72.07698576465701, 5.136748744781751 ], [ -72.077173263975155, 5.137129071167016 ], [ -72.077679348582976, 5.138784783212714 ], [ -72.077646258190043, 5.14011276634474 ], [ -72.077750680614599, 5.140926389017426 ], [ -72.077691667883926, 5.142010310062238 ], [ -72.077610074083609, 5.142118354921731 ], [ -72.077696614669179, 5.140926141055006 ], [ -72.077592563238809, 5.140031205740951 ], [ -72.077598744371755, 5.138675994512081 ], [ -72.076985146721597, 5.136884265841204 ], [ -72.076582250606023, 5.136313218736438 ], [ -72.076043944286639, 5.135795760533173 ], [ -72.073428453487239, 5.134320111207343 ], [ -72.072701047815656, 5.133774680479311 ], [ -72.072055235949321, 5.133121205353127 ], [ -72.071488543280111, 5.13290176774889 ], [ -72.070677816595705, 5.132843837548092 ], [ -72.06992189823535, 5.132623530372459 ], [ -72.068249603965725, 5.13180271316198 ], [ -72.067222622584225, 5.1317437861989 ], [ -72.065465150628711, 5.131817022287601 ], [ -72.063845198601342, 5.13137590104503 ], [ -72.062737125714406, 5.131316594458693 ], [ -72.062224010268324, 5.131205815525856 ], [ -72.061358980642538, 5.131201834038106 ], [ -72.060738109960866, 5.131009244878408 ], [ -72.060440756439775, 5.131007875734503 ], [ -72.059222820655748, 5.131327518655658 ], [ -72.05881771161485, 5.131244339209557 ], [ -72.058548508644392, 5.130999159766781 ], [ -72.058549253978526, 5.130836537163817 ], [ -72.058821810478463, 5.130349914670779 ], [ -72.058878730917954, 5.129726776874578 ], [ -72.058749034215694, 5.128533588280859 ], [ -72.058429989067534, 5.12736663240345 ], [ -72.058135120787355, 5.126823187950446 ], [ -72.057812103658563, 5.126523552946903 ], [ -72.057433781539814, 5.126494706420059 ], [ -72.056919679364668, 5.126600755793485 ], [ -72.055754700778948, 5.127164578292618 ], [ -72.054807591806579, 5.127377046757483 ], [ -72.054103272148296, 5.127699050076454 ], [ -72.054021554946445, 5.127834194380767 ], [ -72.054047219042957, 5.128132459302518 ], [ -72.054234825632051, 5.128485679626288 ], [ -72.054339720065826, 5.129190873631953 ], [ -72.054820947416047, 5.130358575938706 ], [ -72.055385012733225, 5.131147201308753 ], [ -72.05638084623601, 5.132100444076023 ], [ -72.056487979841407, 5.132317772480585 ], [ -72.056458833794935, 5.132778410956444 ], [ -72.056156132147862, 5.133942498733552 ], [ -72.05539338321617, 5.135212879235008 ], [ -72.054822470594559, 5.135914953880429 ], [ -72.054712225086547, 5.136375216919475 ], [ -72.054764546254631, 5.136754917986662 ], [ -72.055005346010148, 5.137298115126048 ], [ -72.05565138144425, 5.137897392542239 ], [ -72.056136593617651, 5.138197780262718 ], [ -72.056647220345297, 5.138850640971548 ], [ -72.056699417613629, 5.139257446343731 ], [ -72.056616826313302, 5.139582316395184 ], [ -72.056371542230323, 5.140014852060785 ], [ -72.056154535652425, 5.140176475315179 ], [ -72.055802491470786, 5.1403103702733 ], [ -72.055342940541422, 5.140308246884327 ], [ -72.05402084635756, 5.139760051708935 ], [ -72.053210748887039, 5.139566577060801 ], [ -72.052724167260635, 5.139564327103713 ], [ -72.052155616032493, 5.139751426908177 ], [ -72.051236642944488, 5.13972007142511 ], [ -72.050697619476196, 5.139365223324802 ], [ -72.050402136291652, 5.138957293868775 ], [ -72.05034981848371, 5.138577593848729 ], [ -72.05062201166929, 5.13817229113788 ], [ -72.050597224595407, 5.137684301879136 ], [ -72.050436154097156, 5.137439619479233 ], [ -72.049465491894608, 5.136893046035511 ], [ -72.04835567814338, 5.137213158895122 ], [ -72.048058824346896, 5.137103368311911 ], [ -72.047953691500354, 5.136452383660235 ], [ -72.047634174249396, 5.13539384564688 ], [ -72.047312660581568, 5.134768963869622 ], [ -72.047043838469378, 5.134442470821724 ], [ -72.046828206883632, 5.134305952407527 ], [ -72.046342131334356, 5.13419528602301 ], [ -72.044720341973189, 5.134160671672003 ], [ -72.044395459825481, 5.134267582670759 ], [ -72.044017013578383, 5.134265829310568 ], [ -72.043396155331294, 5.134073224555721 ], [ -72.042992676915176, 5.133637691254947 ], [ -72.042857267927502, 5.133691271620018 ], [ -72.042748265948418, 5.133880494118174 ], [ -72.042773173347783, 5.134341376826726 ], [ -72.043204558308688, 5.13458731201045 ], [ -72.043632444925578, 5.135592142226309 ], [ -72.044465811762421, 5.136598852315975 ], [ -72.044867917946959, 5.137332523991154 ], [ -72.0448928256301, 5.13779340753041 ], [ -72.04450837719628, 5.139092617257351 ], [ -72.044506001796108, 5.139607582154635 ], [ -72.044586222936317, 5.139797682142276 ], [ -72.044990204581794, 5.14012480351463 ], [ -72.046286748371486, 5.140347646632728 ], [ -72.046745295934173, 5.140566604321049 ], [ -72.047283566262394, 5.141084075975467 ], [ -72.047981657356033, 5.142117265717621 ], [ -72.048034597470931, 5.142361447756129 ], [ -72.047978533602276, 5.142794853176317 ], [ -72.04784224727247, 5.143038158175898 ], [ -72.047598081417519, 5.143226754855828 ], [ -72.047488577153516, 5.143524391930907 ], [ -72.047428636758724, 5.144798004998019 ], [ -72.047590331056313, 5.144907171081328 ], [ -72.048400678575376, 5.145046448757412 ], [ -72.0488047903265, 5.145346467172073 ], [ -72.049074739979176, 5.145429030827285 ], [ -72.050021876121704, 5.145216587432395 ], [ -72.05110367534725, 5.145113182611644 ], [ -72.051723175518546, 5.145603926747237 ], [ -72.051882248998211, 5.146282267687529 ], [ -72.051879126828211, 5.146959857451066 ], [ -72.052334060230692, 5.147964819316004 ], [ -72.052224180895521, 5.148343768761661 ], [ -72.051815692453161, 5.148992376096102 ], [ -72.051812943449022, 5.149588655002483 ], [ -72.051675280432093, 5.150130100195344 ], [ -72.051752128989122, 5.15105199797484 ], [ -72.051237381299217, 5.15129354867828 ], [ -72.050750916681181, 5.151264188534507 ], [ -72.049460224991464, 5.14976747516508 ], [ -72.047921366623527, 5.149326669996069 ], [ -72.046813030544513, 5.149321525641908 ], [ -72.046136089623545, 5.149562318920608 ], [ -72.04553861815242, 5.150155832487972 ], [ -72.045050653938929, 5.150451709661287 ], [ -72.044805857356593, 5.15077582019606 ], [ -72.044507747138269, 5.150937058785127 ], [ -72.044183606797105, 5.150881344314657 ], [ -72.042834987660939, 5.15022457986843 ], [ -72.042267305009759, 5.150221940201708 ], [ -72.041831022788983, 5.151033028897644 ], [ -72.041424907813436, 5.151166659187663 ], [ -72.040911290065281, 5.151164269365998 ], [ -72.040776503941203, 5.15108233045518 ], [ -72.04055986753464, 5.15116263398668 ], [ -72.040287032682372, 5.151703441903194 ], [ -72.040282890752934, 5.152597850833633 ], [ -72.039794421683396, 5.153002134626607 ], [ -72.038982942915126, 5.15310677068837 ], [ -72.038578334113666, 5.152915158949464 ], [ -72.037551726937039, 5.152774856514013 ], [ -72.037067027080184, 5.152366040496739 ], [ -72.036771931928357, 5.151876796749636 ], [ -72.037072429610376, 5.151200601949331 ], [ -72.037158802405585, 5.150062644353029 ], [ -72.037349284827201, 5.149792493484617 ], [ -72.037809337300601, 5.149686220801022 ], [ -72.038351742215625, 5.149309292728282 ], [ -72.038460875827226, 5.149092970069078 ], [ -72.038490167334189, 5.148605237242203 ], [ -72.038790785609095, 5.147901936366596 ], [ -72.039413407178628, 5.147715106517275 ], [ -72.039956311220962, 5.147229762357658 ], [ -72.040202736796076, 5.146553311349565 ], [ -72.040479076668319, 5.145253609455605 ], [ -72.04048120728163, 5.144792853155532 ], [ -72.040347550068759, 5.144466985165064 ], [ -72.040105513496158, 5.144194821221369 ], [ -72.039835316939886, 5.144166461313247 ], [ -72.039266512935129, 5.144407751613476 ], [ -72.038642641175869, 5.144865615835046 ], [ -72.038128277214639, 5.14502584620935 ], [ -72.037749826772185, 5.145024085463482 ], [ -72.036995059304743, 5.144559808455684 ], [ -72.035941685239621, 5.144365179128618 ], [ -72.035157754693373, 5.144361529397896 ], [ -72.034291347165151, 5.144655635749493 ], [ -72.033396525430391, 5.145247749008063 ], [ -72.03307214061293, 5.145246237337252 ], [ -72.032505975443271, 5.144918354135521 ], [ -72.032240179029984, 5.143941382197091 ], [ -72.030840675593467, 5.142606778843961 ], [ -72.029678681789349, 5.142520050231608 ], [ -72.029191731077518, 5.142599090131123 ], [ -72.028732818438073, 5.142461431496633 ], [ -72.028029990832565, 5.142458152629056 ], [ -72.027463832479157, 5.142130267833826 ], [ -72.0270586072903, 5.142074169622037 ], [ -72.026735232645649, 5.141855831854937 ], [ -72.025898632776517, 5.141553787679279 ], [ -72.02560266834702, 5.141254267058835 ], [ -72.024557370117378, 5.13932503693815 ], [ -72.023857192238182, 5.138752594429515 ], [ -72.023507796191822, 5.138317307214376 ], [ -72.023161673400224, 5.137177344925738 ], [ -72.023244655760138, 5.136771180132082 ], [ -72.02340759964278, 5.136609319860278 ], [ -72.023840983888164, 5.136421618202923 ], [ -72.024140091309604, 5.136043565016756 ], [ -72.024440078762908, 5.135475791014628 ], [ -72.024823548756018, 5.134393439041035 ], [ -72.02525768550295, 5.134043117626223 ], [ -72.025665795844006, 5.13347584597985 ], [ -72.025802209416952, 5.133205446399376 ], [ -72.025803842945209, 5.132853107923372 ], [ -72.025452560954406, 5.13282436707782 ], [ -72.024800666145737, 5.133498916152753 ], [ -72.024367032811284, 5.13374082563602 ], [ -72.023225677786343, 5.135036468767082 ], [ -72.022737854478308, 5.135305226755428 ], [ -72.022599425282138, 5.136009270703134 ], [ -72.022490544394543, 5.136171383155053 ], [ -72.022084947271608, 5.136196592801753 ], [ -72.021734420302238, 5.1360052318016 ], [ -72.021546963215755, 5.135624908208868 ], [ -72.021549103412426, 5.135164159718933 ], [ -72.021659998114444, 5.134568401772762 ], [ -72.021959230581601, 5.134163246973658 ], [ -72.021988149505177, 5.133756830185787 ], [ -72.021746503705586, 5.133403357462577 ], [ -72.02120764009193, 5.133021394000865 ], [ -72.020562288574169, 5.132286588862493 ], [ -72.020213777827621, 5.131661583355703 ], [ -72.019890662468754, 5.131389040826396 ], [ -72.019408255647988, 5.130492376563144 ], [ -72.018922828790025, 5.130246179704691 ], [ -72.018384599255597, 5.129728702451257 ], [ -72.018253849881802, 5.128779474174356 ], [ -72.018363610097452, 5.12842764285276 ], [ -72.01852667699626, 5.128238680492929 ], [ -72.018797490245404, 5.128131531067197 ], [ -72.019367154027861, 5.127700535410565 ], [ -72.019854466541929, 5.127540188673144 ], [ -72.020232648984262, 5.127596159697525 ], [ -72.020770880118675, 5.12811363524661 ], [ -72.020904652123392, 5.128412396905619 ], [ -72.021039807405515, 5.12841302730605 ], [ -72.021202873905096, 5.128224063800602 ], [ -72.021204131189037, 5.127953035300757 ], [ -72.021584828509503, 5.127466948540214 ], [ -72.021936860382269, 5.127333072503324 ], [ -72.022342451642302, 5.127307859688853 ], [ -72.02250602007399, 5.127010483925581 ], [ -72.022317431108888, 5.126874087638875 ], [ -72.021966027841344, 5.126872449731055 ], [ -72.021721617607, 5.127115241455849 ], [ -72.021316152377082, 5.127113351078655 ], [ -72.021046722268267, 5.126922370755814 ], [ -72.020776663779984, 5.126866904614013 ], [ -72.019808578448277, 5.125778253385425 ], [ -72.019540281092716, 5.125343347707763 ], [ -72.018434782028578, 5.124741916825243 ], [ -72.018273477373981, 5.12455144075915 ], [ -72.018274357710283, 5.124361721296237 ], [ -72.018763175770815, 5.123876140546883 ], [ -72.019492630822313, 5.123960852244446 ], [ -72.019953034814719, 5.12377327489096 ], [ -72.020441349068918, 5.12339610318755 ], [ -72.021093606269048, 5.12264024652645 ], [ -72.021446011594136, 5.122425060679715 ], [ -72.021745234031329, 5.122019902632084 ], [ -72.022151826032584, 5.121777864956583 ], [ -72.022341418267715, 5.121697437351432 ], [ -72.023287245991781, 5.121756047485469 ], [ -72.024099802108424, 5.121407483493835 ], [ -72.024664690524062, 5.122006389249244 ], [ -72.025687851576606, 5.122878462483257 ], [ -72.025956279941255, 5.123286264457144 ], [ -72.026464601480626, 5.124426978707598 ], [ -72.026787343529278, 5.124780826514524 ], [ -72.027001459990288, 5.125242583374951 ], [ -72.027321568905776, 5.126165594382564 ], [ -72.027347094912969, 5.126490956181366 ], [ -72.02718327739143, 5.126842540569728 ], [ -72.027126706013959, 5.127384348958603 ], [ -72.026801328259936, 5.127599663252964 ], [ -72.026745509107045, 5.12797885344761 ], [ -72.026880288557152, 5.128060791531817 ], [ -72.027121436047253, 5.12852267481817 ], [ -72.027283121400458, 5.128631841734442 ], [ -72.027823745963858, 5.128634357878224 ], [ -72.028582125925368, 5.128312643326546 ], [ -72.029013748003862, 5.128504376575281 ], [ -72.02974296533398, 5.128643286505873 ], [ -72.030067466141134, 5.12861769193316 ], [ -72.030875396930981, 5.129271936560724 ], [ -72.031873802485293, 5.129656029604891 ], [ -72.033090215159561, 5.129661682676883 ], [ -72.034009909541211, 5.129530436528762 ], [ -72.034549411338645, 5.129776876029712 ], [ -72.035060505141047, 5.130321324888143 ], [ -72.035303287765359, 5.130430867406734 ], [ -72.035814257574785, 5.131002419531988 ], [ -72.03648879448015, 5.131276589318911 ], [ -72.037435399953225, 5.131172567909695 ], [ -72.038029594454841, 5.131283740612759 ], [ -72.038759823030034, 5.131205816931097 ], [ -72.039085452899371, 5.130936288708761 ], [ -72.039301580756756, 5.13096439497211 ], [ -72.039732836481008, 5.131237433752773 ], [ -72.040273844365629, 5.131158630681447 ], [ -72.040518379077625, 5.130888725366944 ], [ -72.040655036969341, 5.130564111984275 ], [ -72.040656161660777, 5.130320182028417 ], [ -72.040467565171227, 5.130183788321404 ], [ -72.039657367133302, 5.130017409017969 ], [ -72.03957702237642, 5.12985441321194 ], [ -72.039605428864263, 5.129556402204979 ], [ -72.039767993199519, 5.129475844182618 ], [ -72.040497845677407, 5.12947922716929 ], [ -72.041689359127687, 5.129023981371186 ], [ -72.041879329555272, 5.128862237717005 ], [ -72.042015736178683, 5.128591830104247 ], [ -72.041964794439494, 5.127913995651389 ], [ -72.041615007481482, 5.127560024605661 ], [ -72.041020813519111, 5.127448856868698 ], [ -72.040561028156446, 5.127500934810745 ], [ -72.039802022502826, 5.127958184201675 ], [ -72.039448488700558, 5.128417311669859 ], [ -72.039284424958296, 5.128823109299194 ], [ -72.039040391284587, 5.128984601151041 ], [ -72.037824348451508, 5.128897650366826 ], [ -72.036906904166557, 5.128541044723705 ], [ -72.036474651168305, 5.128484831573076 ], [ -72.035962680346415, 5.128130106477573 ], [ -72.035452837156186, 5.127314626850307 ], [ -72.035022337307026, 5.126878968570073 ], [ -72.033675277013415, 5.125896980966909 ], [ -72.033162684460464, 5.125677771431125 ], [ -72.031569595525724, 5.125290921555716 ], [ -72.030678944552818, 5.124988643641215 ], [ -72.02959982898183, 5.124522867262211 ], [ -72.028548749431096, 5.123840391333208 ], [ -72.028091602872891, 5.123323297693683 ], [ -72.02766374374734, 5.122318475546596 ], [ -72.027557750209951, 5.12185722173603 ], [ -72.027560757388571, 5.121206749428005 ], [ -72.027183702963285, 5.120906857520053 ], [ -72.026697898882432, 5.120741977974379 ], [ -72.025995221694359, 5.12071160770737 ], [ -72.024939639470446, 5.12100483778731 ], [ -72.024614266100031, 5.121220152456583 ], [ -72.024181772681032, 5.121218140311344 ], [ -72.023508009364662, 5.120781349142745 ], [ -72.022428409369581, 5.120423979268571 ], [ -72.02207851557344, 5.12009710893752 ], [ -72.021889174947077, 5.120123330976671 ], [ -72.021590079664477, 5.120501386814051 ], [ -72.021400487904387, 5.120581814349482 ], [ -72.020318254262321, 5.120793601312205 ], [ -72.019453397188087, 5.120762468447425 ], [ -72.018428869984817, 5.120188522732795 ], [ -72.018051823269857, 5.11988862825462 ], [ -72.016919177264271, 5.119314177717665 ], [ -72.016542132048031, 5.119014283051635 ], [ -72.016138936659658, 5.118524543193728 ], [ -72.015710345523814, 5.117682341995883 ], [ -72.015711476824251, 5.117438417492184 ], [ -72.016092919556058, 5.116789716264051 ], [ -72.016230207911789, 5.116329599737039 ], [ -72.016447456473742, 5.116113785635656 ], [ -72.016826636222092, 5.115952932586874 ], [ -72.016908983582965, 5.115682282892021 ], [ -72.015994597939809, 5.114675199225432 ], [ -72.015616926802522, 5.114510819432037 ], [ -72.014779740556975, 5.114344297754416 ], [ -72.014185073849561, 5.114341525560085 ], [ -72.013914142419878, 5.11447577869327 ], [ -72.013643839489816, 5.114474518275815 ], [ -72.013535089751642, 5.114609527432757 ], [ -72.013315201043298, 5.115394496248581 ], [ -72.013618946205682, 5.114013646779073 ], [ -72.014023269148538, 5.114259461361118 ], [ -72.014752961565534, 5.114289966354272 ], [ -72.015994974787418, 5.114593891028919 ], [ -72.016506039612466, 5.115138338790215 ], [ -72.016991456407268, 5.11538453038786 ], [ -72.017152634176782, 5.115602108020359 ], [ -72.0171245989943, 5.115818804166981 ], [ -72.016392390512976, 5.11633035562004 ], [ -72.015819724382553, 5.117411818889704 ] ] ], [ [ [ -72.077609950394361, 5.142145459144354 ], [ -72.077582917373334, 5.142145335128433 ], [ -72.077583041063718, 5.142118230906466 ], [ -72.077609950394361, 5.142145459144354 ] ] ], [ [ [ -72.066165943295161, 5.155861948278911 ], [ -72.065707995687191, 5.155507474999077 ], [ -72.063790128440829, 5.155173361787742 ], [ -72.063547327744473, 5.155063822021025 ], [ -72.063089632202264, 5.154655140282961 ], [ -72.062197911005583, 5.154569705349637 ], [ -72.062090276911846, 5.15446079012863 ], [ -72.062335195614679, 5.154109564902925 ], [ -72.06298635879179, 5.153597590158001 ], [ -72.063392977204316, 5.153355528913329 ], [ -72.063771939541056, 5.153248861744036 ], [ -72.064610092139063, 5.153225628278411 ], [ -72.066363392027725, 5.154073962187203 ], [ -72.066661131161908, 5.153994022862311 ], [ -72.067150591348195, 5.153372877422674 ], [ -72.06726170972307, 5.152722881262061 ], [ -72.067209757760139, 5.152261864512722 ], [ -72.066941415930799, 5.151826954181592 ], [ -72.066618261788065, 5.151554418215198 ], [ -72.066352159325049, 5.150631637088092 ], [ -72.065842013182547, 5.149870357616073 ], [ -72.066007569255945, 5.14913929959131 ], [ -72.065930946448944, 5.148163183987292 ], [ -72.065797770778715, 5.147728897815592 ], [ -72.065800381450231, 5.147159715277786 ], [ -72.065937037801206, 5.14683509124009 ], [ -72.06650833323738, 5.146051693575411 ], [ -72.067268112088101, 5.145431790121493 ], [ -72.068596822030784, 5.144543458851186 ], [ -72.069544339003428, 5.1442496698208 ], [ -72.069706660575704, 5.144223312220263 ], [ -72.070409392600467, 5.144253650293638 ], [ -72.071138289964281, 5.144473840412214 ], [ -72.071921750203799, 5.144585862289943 ], [ -72.072866417689283, 5.14491546188556 ], [ -72.073596185628105, 5.144945921237611 ], [ -72.074621955053928, 5.145275891793438 ], [ -72.075027327467808, 5.145304859082876 ], [ -72.074999922743942, 5.145386047350487 ], [ -72.074702682631951, 5.145357576887982 ], [ -72.073622970817297, 5.145000253736356 ], [ -72.072785194661861, 5.144942193133687 ], [ -72.071948535212883, 5.144640194770163 ], [ -72.071057067056287, 5.144500571430568 ], [ -72.070436177446894, 5.144307982756873 ], [ -72.069652346588526, 5.14427727147099 ], [ -72.068704953650752, 5.144543956663448 ], [ -72.067376367930478, 5.145405184274386 ], [ -72.066616713405978, 5.145997983984644 ], [ -72.066018260904514, 5.146808361169192 ], [ -72.065826419898684, 5.147376671363941 ], [ -72.066116820482165, 5.148895862855742 ], [ -72.066087673568987, 5.149356505101807 ], [ -72.065950518541626, 5.149789544614116 ], [ -72.066380187374349, 5.150414930249601 ], [ -72.066726270021135, 5.151582020989617 ], [ -72.067049299876359, 5.151881660892199 ], [ -72.067263824153187, 5.152262113911366 ], [ -72.067314159140864, 5.15307548219416 ], [ -72.067231193466299, 5.153481667447886 ], [ -72.066823330708232, 5.153994771435204 ], [ -72.066579409171368, 5.154129168279433 ], [ -72.066308952151289, 5.154155024436045 ], [ -72.065418722507985, 5.153744347192397 ], [ -72.064987560669607, 5.153444207089418 ], [ -72.064501710423727, 5.153279336720044 ], [ -72.064042146579595, 5.153277214272939 ], [ -72.063581960152973, 5.153410610850957 ], [ -72.063229532587656, 5.153625818183549 ], [ -72.062903639623627, 5.153949565522427 ], [ -72.062658347365954, 5.15438210272623 ], [ -72.063225171996876, 5.154574453351016 ], [ -72.063790502209443, 5.15509205016338 ], [ -72.065519385246176, 5.155371081488783 ], [ -72.066139532502888, 5.155726303788675 ], [ -72.066354180560623, 5.156079653566468 ], [ -72.066406379637172, 5.156486462287941 ], [ -72.066647314215899, 5.157002560691721 ], [ -72.066645446434293, 5.157409119833233 ], [ -72.066454469142613, 5.157787700993243 ], [ -72.066183014065231, 5.158030387654265 ], [ -72.065992285332712, 5.158354760554535 ], [ -72.065880912364634, 5.159058962942389 ], [ -72.066014459895044, 5.159411938566585 ], [ -72.066795565587071, 5.160038951595602 ], [ -72.066930110283138, 5.160175095846319 ], [ -72.066875794073454, 5.160229053928974 ], [ -72.066040870366265, 5.159547583120212 ], [ -72.065826845464017, 5.159058713098026 ], [ -72.065938218486281, 5.158354510753652 ], [ -72.066183512293705, 5.157921971931013 ], [ -72.066482249781501, 5.157625202228576 ], [ -72.066591877734922, 5.157300454368356 ], [ -72.066566338587918, 5.15697508222918 ], [ -72.066352063899743, 5.156540420484873 ], [ -72.066326649199354, 5.156187944480479 ], [ -72.066165943295161, 5.155861948278911 ] ] ], [ [ [ -72.054152426831223, 5.152282811504369 ], [ -72.054315248713863, 5.152148044790536 ], [ -72.054612485490594, 5.152176526074583 ], [ -72.055232993187076, 5.152450442822595 ], [ -72.055960384793181, 5.152995896886431 ], [ -72.056662243047555, 5.153215981217003 ], [ -72.057093522497084, 5.153489020942795 ], [ -72.057580241438117, 5.153464169911929 ], [ -72.058013892833245, 5.15322223836823 ], [ -72.058421883375786, 5.152682040047501 ], [ -72.058531637110605, 5.152330191644331 ], [ -72.059371904687296, 5.151846200440112 ], [ -72.060264492262519, 5.151741910422293 ], [ -72.06091203824225, 5.15201594775553 ], [ -72.061531804318776, 5.152452482733766 ], [ -72.061638316528402, 5.152805332226484 ], [ -72.061364620326785, 5.153535885731631 ], [ -72.061362750448893, 5.153942442981988 ], [ -72.061253620590392, 5.154158773524812 ], [ -72.061414572689571, 5.154430561675237 ], [ -72.061089177464368, 5.154645892077984 ], [ -72.060764530328356, 5.154698599380268 ], [ -72.060062542006975, 5.154505621640338 ], [ -72.05911600901365, 5.154582555178204 ], [ -72.058790987952079, 5.154716572655035 ], [ -72.058385366800806, 5.154741799506125 ], [ -72.057870739625145, 5.154956251569637 ], [ -72.057574998739526, 5.154602526312872 ], [ -72.057142844437223, 5.1545192123647 ], [ -72.056900296239249, 5.154355463431675 ], [ -72.055494829262656, 5.154294744701722 ], [ -72.055116867123431, 5.154184576472074 ], [ -72.054658556023369, 5.153911410349662 ], [ -72.054174337121665, 5.153394186063459 ], [ -72.054040671979379, 5.153068315986209 ], [ -72.054015513301366, 5.152661636142727 ], [ -72.054152426831223, 5.152282811504369 ] ], [ [ -72.059452754264044, 5.151900783048206 ], [ -72.058748275232503, 5.152249880912207 ], [ -72.058585328857546, 5.152411753033365 ], [ -72.058557422633754, 5.152601354206102 ], [ -72.058230531286611, 5.153141928025074 ], [ -72.057362479459698, 5.153788413393084 ], [ -72.057119307142514, 5.153760183231894 ], [ -72.056607552845762, 5.15335124937504 ], [ -72.055959885310131, 5.153104311626675 ], [ -72.055070795728184, 5.152449691518917 ], [ -72.054476946333665, 5.152257210840751 ], [ -72.054205618088204, 5.152472787512125 ], [ -72.054122145553123, 5.152987380899343 ], [ -72.054255560853235, 5.153367458260369 ], [ -72.054578206837846, 5.153748412620307 ], [ -72.055063425834049, 5.154048807637253 ], [ -72.055846508079668, 5.154242165458672 ], [ -72.05665749845528, 5.154245921878667 ], [ -72.056901170261924, 5.154165737482171 ], [ -72.057198159038435, 5.154248425585743 ], [ -72.057305666964098, 5.154384444856852 ], [ -72.058009150412119, 5.154252180286971 ], [ -72.058494372764585, 5.154552573818324 ], [ -72.059792709844018, 5.154395955888542 ], [ -72.06054951234546, 5.154426561117138 ], [ -72.060739118339853, 5.154346124936885 ], [ -72.061120075716119, 5.153805798976999 ], [ -72.061476242672242, 5.152777478683821 ], [ -72.061423422810904, 5.152506190577829 ], [ -72.060776873090205, 5.152015322930888 ], [ -72.060291151298401, 5.151823346781079 ], [ -72.05996687991157, 5.15179474310906 ], [ -72.059452754264044, 5.151900783048206 ] ] ], [ [ [ -72.061739469126579, 5.15432364628074 ], [ -72.061928576542201, 5.154351624961598 ], [ -72.061901044779177, 5.154459915302722 ], [ -72.061685028848046, 5.154404707785035 ], [ -72.061739469126579, 5.15432364628074 ] ] ], [ [ [ -72.041657448553167, 5.159326019918232 ], [ -72.041116665630341, 5.159350603844876 ], [ -72.040629194557354, 5.159538059113433 ], [ -72.03995098484792, 5.160049871021906 ], [ -72.03919217869597, 5.160452890230482 ], [ -72.038353783043675, 5.160530290619118 ], [ -72.03811099074764, 5.160420742460794 ], [ -72.037518911008647, 5.159848799456359 ], [ -72.037036599042636, 5.158925019328649 ], [ -72.036471428338643, 5.158380306007393 ], [ -72.035824405567965, 5.157997833342559 ], [ -72.035528556479463, 5.157671207215841 ], [ -72.035396791099387, 5.156938790556262 ], [ -72.035724327918729, 5.156262724847932 ], [ -72.03594134347415, 5.156101114753517 ], [ -72.036970217202409, 5.155753564771247 ], [ -72.037566317492448, 5.155458202498393 ], [ -72.037863927591459, 5.155405382366798 ], [ -72.038701687536687, 5.155463495071506 ], [ -72.039592759818674, 5.155684478351402 ], [ -72.040213129630487, 5.155985511317684 ], [ -72.041183167595364, 5.156667627332721 ], [ -72.041748344044876, 5.157212337919826 ], [ -72.042070728423582, 5.157647502115746 ], [ -72.042745293397644, 5.157921682812618 ], [ -72.043205353847213, 5.157815409092913 ], [ -72.04374839533962, 5.157302961721828 ], [ -72.044425471048541, 5.157035072873425 ], [ -72.044778277863117, 5.156738570493219 ], [ -72.045184146746791, 5.15665914654571 ], [ -72.045535072164355, 5.156769194813857 ], [ -72.04623504290123, 5.157395842620097 ], [ -72.046636900419855, 5.158183728355429 ], [ -72.046686075628742, 5.159241014450695 ], [ -72.046599457601317, 5.160433189009233 ], [ -72.046652394641583, 5.160677371609824 ], [ -72.047083418276713, 5.161004625445072 ], [ -72.04740768978786, 5.161033238046164 ], [ -72.047623327372648, 5.161169761416969 ], [ -72.048026566461772, 5.16165951022421 ], [ -72.048266854654727, 5.162311125603721 ], [ -72.048183622836248, 5.162771507618355 ], [ -72.047694391002906, 5.163338416631681 ], [ -72.047206287762208, 5.163661393608534 ], [ -72.046854730835506, 5.163686861209936 ], [ -72.046476894004428, 5.163549582080317 ], [ -72.046099810687522, 5.16324968221139 ], [ -72.045995946171743, 5.162327662046273 ], [ -72.045754154579541, 5.16200128825934 ], [ -72.044916757080003, 5.161861869364741 ], [ -72.043999894081708, 5.161369727831529 ], [ -72.043219830675625, 5.160525871681767 ], [ -72.04284413256093, 5.159927834825334 ], [ -72.042278451106071, 5.159491536710985 ], [ -72.041657448553167, 5.159326019918232 ] ], [ [ -72.04591190213533, 5.157123299591982 ], [ -72.045480755638664, 5.15682315019946 ], [ -72.044777901555634, 5.156819880715819 ], [ -72.044452252976853, 5.1570894054559 ], [ -72.043775177192117, 5.157357294305909 ], [ -72.043204977260572, 5.157896719196738 ], [ -72.042663943780227, 5.157975511884048 ], [ -72.042097258944807, 5.157756041377978 ], [ -72.04120982358549, 5.156749063205075 ], [ -72.040132031553398, 5.155985133498394 ], [ -72.039403531177285, 5.155683596623732 ], [ -72.038566398706891, 5.155489968365015 ], [ -72.037971806658376, 5.155460092935148 ], [ -72.03737646067178, 5.155592836338435 ], [ -72.037051063538968, 5.1558081494132 ], [ -72.035859616702041, 5.156236252323375 ], [ -72.035532583335339, 5.156803905473165 ], [ -72.035556973425869, 5.157373198415226 ], [ -72.035771095302294, 5.157834961884019 ], [ -72.036444773118788, 5.158298870248132 ], [ -72.036983162651424, 5.15878925096739 ], [ -72.037332323708767, 5.15927874874165 ], [ -72.037546195433833, 5.159794719148614 ], [ -72.038192215042841, 5.16039401761976 ], [ -72.03846216599888, 5.160476588623514 ], [ -72.039165397365409, 5.160398557606931 ], [ -72.039924203431653, 5.159995538402434 ], [ -72.040683637294578, 5.159457001211367 ], [ -72.041279365373299, 5.15924294643638 ], [ -72.041684858308756, 5.15924483588771 ], [ -72.042359800994504, 5.159437707821008 ], [ -72.042656158099788, 5.15965591981457 ], [ -72.0435965340194, 5.16090708171125 ], [ -72.044134933584928, 5.161397460745162 ], [ -72.0449710742988, 5.161807914308436 ], [ -72.045700841547429, 5.161838416004587 ], [ -72.045862663469919, 5.161920481355701 ], [ -72.04610420410647, 5.16230106198715 ], [ -72.046154379116544, 5.1631415201942 ], [ -72.046504303753252, 5.163468397602633 ], [ -72.047071498338966, 5.163579454083657 ], [ -72.047667734232846, 5.163256980413437 ], [ -72.048129807364376, 5.16271704911843 ], [ -72.04818537889976, 5.162392058810218 ], [ -72.047945341668495, 5.161686236469136 ], [ -72.047676515605545, 5.161359737237245 ], [ -72.047461254246812, 5.161141903432827 ], [ -72.046813213020002, 5.160976264254448 ], [ -72.046544262447583, 5.160676868487374 ], [ -72.046519487524563, 5.160188880654334 ], [ -72.046660296768067, 5.158969854190147 ], [ -72.046609365901048, 5.158292016441735 ], [ -72.04620775921893, 5.157449923787462 ], [ -72.04591190213533, 5.157123299591982 ] ] ], [ [ [ -72.055039676526903, 5.159198502994976 ], [ -72.055417516060416, 5.15933577661334 ], [ -72.055875205197296, 5.159744462948391 ], [ -72.055928396408149, 5.159934439422398 ], [ -72.055898737155928, 5.160503491283836 ], [ -72.055707002899069, 5.161044687037862 ], [ -72.054840061290349, 5.161447228349143 ], [ -72.054460343974398, 5.161716508367557 ], [ -72.054027561172205, 5.161768707941169 ], [ -72.052920449482372, 5.161492525814944 ], [ -72.052678778118121, 5.161139049217008 ], [ -72.052599055746043, 5.160840533057151 ], [ -72.052654499321832, 5.160542644540215 ], [ -72.053034716482614, 5.160164951202537 ], [ -72.053549348256539, 5.159950506427166 ], [ -72.054010539072777, 5.159600291993663 ], [ -72.054742186377496, 5.159224227334128 ], [ -72.055039676526903, 5.159198502994976 ] ], [ [ -72.054027811501285, 5.161714500680447 ], [ -72.05443356098192, 5.161662175615056 ], [ -72.055626153199412, 5.160990103486675 ], [ -72.055817887468294, 5.160448907786118 ], [ -72.055847171631541, 5.159961166996798 ], [ -72.055740289110716, 5.159689628769626 ], [ -72.055497990460196, 5.159471671068483 ], [ -72.055147309076659, 5.159307419167805 ], [ -72.054768844345986, 5.159305663684329 ], [ -72.053007182615701, 5.160273240134208 ], [ -72.05270806493472, 5.160651309973082 ], [ -72.05281369380684, 5.161193884070222 ], [ -72.053163623453798, 5.161520759160127 ], [ -72.054027811501285, 5.161714500680447 ] ] ], [ [ [ -72.062010958591586, 5.165817168970392 ], [ -72.062142753758806, 5.166549598481751 ], [ -72.062520850538021, 5.166632663527294 ], [ -72.062627736086398, 5.166904202871565 ], [ -72.062274298868076, 5.167336235778523 ], [ -72.062030745548938, 5.167389315903893 ], [ -72.061734124615654, 5.167225314800832 ], [ -72.061164542153378, 5.167629240358226 ], [ -72.060648276287608, 5.16819603843244 ], [ -72.060242395529116, 5.168275469164668 ], [ -72.059567678906177, 5.168028400364859 ], [ -72.059244775935184, 5.16770165036846 ], [ -72.059219118221918, 5.167403383677997 ], [ -72.05938607245885, 5.166374193325468 ], [ -72.059632875753451, 5.16561641625832 ], [ -72.059768668711129, 5.165481524133096 ], [ -72.060473166569821, 5.165132433286272 ], [ -72.061014088129852, 5.165080731419313 ], [ -72.061418717474908, 5.165272337053908 ], [ -72.062010958591586, 5.165817168970392 ] ], [ [ -72.059299468667902, 5.167566382419117 ], [ -72.059433511212745, 5.167810943257981 ], [ -72.059918866627328, 5.168084238092296 ], [ -72.060242895762542, 5.168167054056776 ], [ -72.060594458952238, 5.168141580129648 ], [ -72.061164917164689, 5.167547928958061 ], [ -72.061625989837722, 5.167224813612108 ], [ -72.062034119284164, 5.166657512716617 ], [ -72.062063027034441, 5.166251080640036 ], [ -72.061956641451744, 5.165871126111847 ], [ -72.061391433992966, 5.165326419407343 ], [ -72.061040746870475, 5.165162168089834 ], [ -72.06055401736063, 5.165187016749452 ], [ -72.059985187328266, 5.165428319241752 ], [ -72.059686692869022, 5.165670874478137 ], [ -72.059329128881032, 5.166997328961961 ], [ -72.059299468667902, 5.167566382419117 ] ] ], [ [ [ -72.062972678072924, 5.168315230916043 ], [ -72.062999711845464, 5.168315356183924 ], [ -72.062999586901668, 5.1683424600282 ], [ -72.062972678072924, 5.168315230916043 ] ] ], [ [ [ -72.062645773554507, 5.168855804320732 ], [ -72.062783066822959, 5.168395665525638 ], [ -72.062972553128006, 5.168342334759657 ], [ -72.062863418419894, 5.168558664400846 ], [ -72.062645773554507, 5.168855804320732 ] ] ], [ [ [ -72.062645648582546, 5.168882908155849 ], [ -72.062618614794587, 5.168882782859161 ], [ -72.0626187397677, 5.168855679024706 ], [ -72.062645648582546, 5.168882908155849 ] ] ], [ [ [ -72.062618489820807, 5.168909886693642 ], [ -72.062618364846372, 5.168936990528096 ], [ -72.06259133105678, 5.16893686522894 ], [ -72.062618489820807, 5.168909886693642 ] ] ], [ [ [ -72.047793144935781, 5.177026424256914 ], [ -72.048252844921365, 5.177001464772936 ], [ -72.04920141665329, 5.176490911318718 ], [ -72.049418818392908, 5.17624798816881 ], [ -72.049746240396431, 5.175599016231949 ], [ -72.049668155446156, 5.174948153914899 ], [ -72.049777672667716, 5.174650519226598 ], [ -72.05026754611275, 5.173948095049429 ], [ -72.050538636806593, 5.173786733251132 ], [ -72.051052402823728, 5.173762022187666 ], [ -72.051888439357938, 5.174199581881898 ], [ -72.052560391576918, 5.175042939698745 ], [ -72.052747242775439, 5.175558788959504 ], [ -72.053141951507854, 5.177891586285609 ], [ -72.053383749906459, 5.178217962723703 ], [ -72.053869858967929, 5.178328643496299 ], [ -72.054276122005874, 5.178167910119393 ], [ -72.054983273111318, 5.177249658791232 ], [ -72.05579717767759, 5.176630048839678 ], [ -72.056257758362477, 5.176415357480852 ], [ -72.056720972190774, 5.17563148823912 ], [ -72.056722602185431, 5.175279140338509 ], [ -72.056400326847225, 5.17481686930308 ], [ -72.054836376505421, 5.173942259959573 ], [ -72.054026867930844, 5.173613243454632 ], [ -72.053245523717436, 5.173040419778818 ], [ -72.05240885880373, 5.172738380109355 ], [ -72.051869691144134, 5.172410620542661 ], [ -72.050846680637846, 5.171484317273139 ], [ -72.050471223245992, 5.170832070248808 ], [ -72.049743200451232, 5.170422118782671 ], [ -72.049232577072502, 5.169769242656751 ], [ -72.049072761823581, 5.169253520758938 ], [ -72.049047862765974, 5.168792635341012 ], [ -72.05059604751186, 5.167227802895743 ], [ -72.050787413812614, 5.166767922965268 ], [ -72.050655256915363, 5.166116809153174 ], [ -72.050358642345657, 5.165952804723349 ], [ -72.049385943524968, 5.165839862975655 ], [ -72.048169318592642, 5.165861304865456 ], [ -72.047035175892674, 5.165584984031815 ], [ -72.045791269487566, 5.165660502552696 ], [ -72.045331201984752, 5.165766775127264 ], [ -72.044626830161576, 5.166088740576709 ], [ -72.043409203996106, 5.166326999881933 ], [ -72.042463042069329, 5.166322587296521 ], [ -72.042246399267825, 5.16640288851946 ], [ -72.041920491546392, 5.166726615122432 ], [ -72.041539636316415, 5.167239812298581 ], [ -72.041375171955067, 5.167726915009872 ], [ -72.041503793346706, 5.169136918361023 ], [ -72.041718926784114, 5.169381857846268 ], [ -72.041825675374994, 5.169680499202695 ], [ -72.041847043603951, 5.17090027498626 ], [ -72.04176506213031, 5.171089619535666 ], [ -72.041412243103721, 5.17138611475902 ], [ -72.040871071893577, 5.171492002484968 ], [ -72.040300095489442, 5.172194035590413 ], [ -72.040108719542317, 5.172653907008013 ], [ -72.040262979611768, 5.174362171864667 ], [ -72.03996485501186, 5.174523401221361 ], [ -72.039532067347253, 5.174575585198734 ], [ -72.03999214063046, 5.174469321071453 ], [ -72.040209164785949, 5.174307712535001 ], [ -72.040052510228492, 5.173114410028066 ], [ -72.040054904798509, 5.172599447753049 ], [ -72.040191835958296, 5.172220633546353 ], [ -72.040708745738769, 5.171518348033254 ], [ -72.040898609097511, 5.171383715573478 ], [ -72.041223135438287, 5.171358127589176 ], [ -72.041521258114372, 5.171196896592316 ], [ -72.041766321236196, 5.170818586321778 ], [ -72.041744197795353, 5.169761430554691 ], [ -72.04163744925863, 5.169462789199323 ], [ -72.041368501061953, 5.169163390643098 ], [ -72.041398429462362, 5.168540140627802 ], [ -72.041294324002891, 5.167672329856093 ], [ -72.041431503512086, 5.167239307666865 ], [ -72.041812610400527, 5.166671903953229 ], [ -72.04211148492233, 5.166348051311732 ], [ -72.042436511952971, 5.166214047834481 ], [ -72.043680164697378, 5.16619274349986 ], [ -72.044816691084762, 5.16595410551824 ], [ -72.04533145324767, 5.165712568300246 ], [ -72.04584571278852, 5.16557944414384 ], [ -72.046603020423063, 5.165501659449547 ], [ -72.047035552555556, 5.165503673665168 ], [ -72.048196602923625, 5.165807223736939 ], [ -72.049386319906915, 5.165758552436459 ], [ -72.050628976019269, 5.165954062152493 ], [ -72.050763265023406, 5.16614441565057 ], [ -72.05086926655872, 5.166605678918455 ], [ -72.050840978936833, 5.166876588654884 ], [ -72.050595294835134, 5.167390424144517 ], [ -72.049237222488244, 5.168766412920093 ], [ -72.049181649029165, 5.169091403253055 ], [ -72.049395154742683, 5.169688687442012 ], [ -72.049556853548737, 5.169797856759325 ], [ -72.049798271956547, 5.170205542392582 ], [ -72.050606391122514, 5.170832699545865 ], [ -72.051008756782011, 5.171512175973109 ], [ -72.051951043196254, 5.172356790919558 ], [ -72.052409360804418, 5.1726299657839 ], [ -72.053165049890126, 5.172904524382761 ], [ -72.054054152614128, 5.173559161990342 ], [ -72.054863661169605, 5.173888178429615 ], [ -72.056400702991226, 5.174735558270959 ], [ -72.05661609647197, 5.174926289644755 ], [ -72.056830487099532, 5.175333850518013 ], [ -72.056774413112791, 5.175767258089703 ], [ -72.056474531667519, 5.176307948739265 ], [ -72.055064249484545, 5.177277139904922 ], [ -72.054465736504838, 5.17808748035501 ], [ -72.054275619782842, 5.178276324608971 ], [ -72.054004777709935, 5.178383480208834 ], [ -72.053599268076013, 5.17838159165898 ], [ -72.053167980666771, 5.178108540968181 ], [ -72.053034066958617, 5.177836875413426 ], [ -72.052956984105663, 5.176969182736456 ], [ -72.052693049558428, 5.175585640783307 ], [ -72.052532855558823, 5.175151228152193 ], [ -72.052264526498291, 5.174716312089266 ], [ -72.051807212544318, 5.174226307791356 ], [ -72.051105967916484, 5.173870688196327 ], [ -72.050565168080226, 5.173895273322279 ], [ -72.050266792367992, 5.174110716215451 ], [ -72.05007630005521, 5.174380869761457 ], [ -72.04982998083149, 5.175030220421301 ], [ -72.049826964627442, 5.175680704800033 ], [ -72.04941806409451, 5.176410609198123 ], [ -72.049227947517238, 5.176599451372057 ], [ -72.048225433786783, 5.177082649090676 ], [ -72.04730641134303, 5.177051257237923 ], [ -72.046686522717664, 5.176641803961995 ], [ -72.04622745288043, 5.176531245288367 ], [ -72.045689044516763, 5.176040859983909 ], [ -72.045474663201901, 5.175633299278369 ], [ -72.045232115587567, 5.175469543087067 ], [ -72.043421366863456, 5.175352671778046 ], [ -72.042745275299822, 5.175403721281097 ], [ -72.042771427025315, 5.175593570979406 ], [ -72.043147881778737, 5.176028992777221 ], [ -72.042744015488111, 5.175674754696828 ], [ -72.042610359382408, 5.175348883075267 ], [ -72.04277281277983, 5.175295434213781 ], [ -72.045313719992095, 5.175361508057758 ], [ -72.045529485691077, 5.17547093119995 ], [ -72.045770397280421, 5.175987031726006 ], [ -72.046147232756724, 5.176341142766784 ], [ -72.046714185633107, 5.176506412934931 ], [ -72.047388015902982, 5.176943221859887 ], [ -72.047793144935781, 5.177026424256914 ] ] ], [ [ [ -72.060630638970878, 5.172017672128092 ], [ -72.060657672843334, 5.17201779758533 ], [ -72.060657547709951, 5.172044901369212 ], [ -72.060630638970878, 5.172017672128092 ] ] ], [ [ [ -72.060630513836344, 5.172044775911314 ], [ -72.060031763321533, 5.172909336130571 ], [ -72.059840397754442, 5.173369221538628 ], [ -72.059350531498623, 5.174071659429939 ], [ -72.059923752931113, 5.172881730336499 ], [ -72.060630513836344, 5.172044775911314 ] ] ], [ [ [ -72.047294094550153, 5.173880027054794 ], [ -72.047567448295197, 5.173230804632818 ], [ -72.048190855324762, 5.172881358141249 ], [ -72.048515258629791, 5.172882870169867 ], [ -72.048892724015531, 5.173101461952683 ], [ -72.048919003682315, 5.173264208908695 ], [ -72.048646907822175, 5.173642397813879 ], [ -72.04799634043583, 5.174018821892828 ], [ -72.047617617951275, 5.174071264072399 ], [ -72.047294094550153, 5.173880027054794 ] ], [ [ -72.047564682304838, 5.173827080792299 ], [ -72.047861800825714, 5.173882674308924 ], [ -72.048106360697687, 5.173612773942561 ], [ -72.048052921964199, 5.173477004510272 ], [ -72.047944787462953, 5.173476500382526 ], [ -72.047619629672084, 5.173637608667486 ], [ -72.047564682304838, 5.173827080792299 ] ] ], [ [ [ -72.059350281020016, 5.174125866930242 ], [ -72.059323247090006, 5.17412574136624 ], [ -72.059323497570915, 5.17407153386726 ], [ -72.059350281020016, 5.174125866930242 ] ] ], [ [ [ -72.059322871363648, 5.174207052614497 ], [ -72.059295837430852, 5.174206927047361 ], [ -72.05929621316065, 5.174125615801088 ], [ -72.059322871363648, 5.174207052614497 ] ] ], [ [ [ -72.059213733633527, 5.174423380312157 ], [ -72.059241519072799, 5.174260883404389 ], [ -72.059295837430852, 5.174206927047361 ], [ -72.059268052014275, 5.174369423967 ], [ -72.059213733633527, 5.174423380312157 ] ] ], [ [ [ -72.059213483126157, 5.174477587805201 ], [ -72.059186449184537, 5.174477462226852 ], [ -72.059186699694209, 5.174423254735131 ], [ -72.059213483126157, 5.174477587805201 ] ] ], [ [ [ -72.059186323928714, 5.174504565972605 ], [ -72.059186198672208, 5.174531669718384 ], [ -72.059159164728982, 5.174531544137562 ], [ -72.059186323928714, 5.174504565972605 ] ] ], [ [ [ -72.059131755006035, 5.174612729788834 ], [ -72.059158914211693, 5.174585751627718 ], [ -72.059158788952047, 5.174612855372791 ], [ -72.059131755006035, 5.174612729788834 ] ] ], [ [ [ -72.058967797526648, 5.174991428623918 ], [ -72.058994831484739, 5.174991554224036 ], [ -72.058994580931071, 5.175045761705367 ], [ -72.058967797526648, 5.174991428623918 ] ] ], [ [ [ -72.058967296412064, 5.175099843583867 ], [ -72.058940262450037, 5.175099717979954 ], [ -72.058940513010953, 5.17504551050134 ], [ -72.058967296412064, 5.175099843583867 ] ] ], [ [ [ -72.058940011886463, 5.175153925458383 ], [ -72.058939886603667, 5.175181029197581 ], [ -72.058912852638883, 5.175180903590534 ], [ -72.058940011886463, 5.175153925458383 ] ] ], [ [ [ -72.058748894722797, 5.175559602205369 ], [ -72.05877592869966, 5.175559727828578 ], [ -72.058775803400025, 5.175586831563399 ], [ -72.058748894722797, 5.175559602205369 ] ] ], [ [ [ -72.058584560554522, 5.176019611851954 ], [ -72.058558779727562, 5.175748448916953 ], [ -72.058748769421996, 5.17558670593953 ], [ -72.058693573710229, 5.175830388282845 ], [ -72.058584560554522, 5.176019611851954 ] ] ], [ [ [ -72.043497681276392, 5.176382978266584 ], [ -72.043336109333197, 5.176246703700759 ], [ -72.043147881778737, 5.176028992777221 ], [ -72.043255764298891, 5.176083704679256 ], [ -72.043497681276392, 5.176382978266584 ] ] ], [ [ [ -72.043524714915051, 5.176383104560651 ], [ -72.043524588946113, 5.176410207920713 ], [ -72.043497555306274, 5.176410081625982 ], [ -72.043524714915051, 5.176383104560651 ] ] ], [ [ [ -72.043551622586605, 5.176410334214298 ], [ -72.043551496618136, 5.176437437574964 ], [ -72.043524462976492, 5.176437311280716 ], [ -72.043551622586605, 5.176410334214298 ] ] ], [ [ [ -72.043578530260433, 5.17643756386806 ], [ -72.043578404292447, 5.176464667229397 ], [ -72.043551370648998, 5.176464540935637 ], [ -72.043578530260433, 5.17643756386806 ] ] ], [ [ [ -72.043605437936577, 5.176464793522008 ], [ -72.043605311969074, 5.176491896883901 ], [ -72.043578278323793, 5.176491770590625 ], [ -72.043605437936577, 5.176464793522008 ] ] ], [ [ [ -72.043632345615009, 5.176492023176026 ], [ -72.043632219647975, 5.176519126538609 ], [ -72.043605186000889, 5.176519000245818 ], [ -72.043632345615009, 5.176492023176026 ] ] ], [ [ [ -72.044008927393818, 5.17690034172048 ], [ -72.043793413839339, 5.176736711202811 ], [ -72.043632219647975, 5.176519126538609 ], [ -72.04384760712513, 5.176709860414022 ], [ -72.044008927393818, 5.17690034172048 ] ] ], [ [ [ -72.044143591941449, 5.177009386632247 ], [ -72.044143340024945, 5.177063593381679 ], [ -72.04400867547119, 5.176954548463443 ], [ -72.044143591941449, 5.177009386632247 ] ] ], [ [ [ -72.049934845744943, 5.181562797782433 ], [ -72.05041806125962, 5.18229686338383 ], [ -72.051171241257364, 5.183113501206133 ], [ -72.050821056043162, 5.182840826076749 ], [ -72.049933964973292, 5.181752522373457 ], [ -72.049610563435024, 5.181534180446649 ], [ -72.04920568265976, 5.18139677045863 ], [ -72.048259619264655, 5.181365250234297 ], [ -72.047558750968008, 5.180928313040638 ], [ -72.0469915422875, 5.180817248154447 ], [ -72.046263138373803, 5.18048859781184 ], [ -72.045562399307116, 5.180024556320444 ], [ -72.04529432847869, 5.179535432101071 ], [ -72.045003128904412, 5.178205976475174 ], [ -72.044143340024945, 5.177063593381679 ], [ -72.045004010539827, 5.178016252710704 ], [ -72.045191231682551, 5.178450790964339 ], [ -72.045402211816395, 5.179590144077308 ], [ -72.045643878740449, 5.17994362497322 ], [ -72.046182666506013, 5.180352701867827 ], [ -72.046883910373964, 5.18070832937664 ], [ -72.0476670126003, 5.18090171450041 ], [ -72.048286905005583, 5.181311169500512 ], [ -72.049449366121422, 5.181316595462821 ], [ -72.049934845744943, 5.181562797782433 ] ] ], [ [ [ -72.053528616351585, 5.181959015379645 ], [ -72.053825991721652, 5.181960401328753 ], [ -72.054096081726613, 5.182015868391095 ], [ -72.054714726112721, 5.182696356341328 ], [ -72.054740880763092, 5.182886207719013 ], [ -72.054362402169303, 5.182884443992714 ], [ -72.05422886494749, 5.182531467009514 ], [ -72.053554016608288, 5.182311488198865 ], [ -72.0532566411472, 5.182310102028291 ], [ -72.052984414158701, 5.182715395558946 ], [ -72.052848740558687, 5.182823179662202 ], [ -72.052686787194659, 5.182768216172131 ], [ -72.052769398324216, 5.182443351358192 ], [ -72.053149510242207, 5.182092769200633 ], [ -72.053528616351585, 5.181959015379645 ] ] ], [ [ [ -72.051602906600692, 5.183305244014145 ], [ -72.052224943323637, 5.18325393725668 ], [ -72.052632090235164, 5.182903481946061 ], [ -72.052631461527071, 5.183038999836347 ], [ -72.052278885849191, 5.183281293001163 ], [ -72.051602906600692, 5.183305244014145 ] ] ], [ [ [ -72.051225309483314, 5.183113753464721 ], [ -72.051252091988161, 5.183168086680434 ], [ -72.051198023756285, 5.1831678344215 ], [ -72.051225309483314, 5.183113753464721 ] ] ], [ [ [ -72.051306160222737, 5.183168338934758 ], [ -72.051332942736124, 5.183222672152197 ], [ -72.051278874495637, 5.183222419897525 ], [ -72.051306160222737, 5.183168338934758 ] ] ], [ [ [ -72.05146786175294, 5.18327750986726 ], [ -72.0513867593763, 5.18327713149683 ], [ -72.051332942736124, 5.183222672152197 ], [ -72.051414045101836, 5.183223050525562 ], [ -72.05146786175294, 5.18327750986726 ] ] ], [ [ [ -72.051494770081916, 5.183304739538328 ], [ -72.051494895879799, 5.18327763598843 ], [ -72.05160303239397, 5.183278140461597 ], [ -72.051494770081916, 5.183304739538328 ] ] ], [ [ [ -72.038356103465674, 5.08374507443706 ], [ -72.038435953127376, 5.084016480330181 ], [ -72.038273775374009, 5.084015734752324 ], [ -72.038193677940214, 5.083798535492874 ], [ -72.038356103465674, 5.08374507443706 ] ] ], [ [ [ -72.038564780680673, 5.085399370703089 ], [ -72.038185869239172, 5.08550604378362 ], [ -72.037672305372766, 5.085503681758402 ], [ -72.037212056997689, 5.085664187709572 ], [ -72.037050375087503, 5.085555028473522 ], [ -72.036755529355773, 5.085011595092108 ], [ -72.036785163157219, 5.084442550744482 ], [ -72.036948456720893, 5.084199367276308 ], [ -72.037596671430151, 5.0843107639522 ], [ -72.037838946377434, 5.084528709006092 ], [ -72.038487657792373, 5.084531691810994 ], [ -72.038784364378898, 5.084668575316835 ], [ -72.038809287271064, 5.085129456038949 ], [ -72.038564780680673, 5.085399370703089 ] ], [ [ -72.036919195202003, 5.084687101901072 ], [ -72.03694411671556, 5.085147981920263 ], [ -72.037158989769793, 5.085447112764904 ], [ -72.037320795703536, 5.085529168684831 ], [ -72.03772686066192, 5.085395517235378 ], [ -72.03826745414878, 5.085398003467922 ], [ -72.038511217109928, 5.085290708870924 ], [ -72.038701416418334, 5.085074752308817 ], [ -72.038675750014889, 5.084776491536779 ], [ -72.038297830547592, 5.084666338438048 ], [ -72.03778401936313, 5.084718183483328 ], [ -72.037271696151464, 5.08444478866661 ], [ -72.037028429627213, 5.084443669751319 ], [ -72.036919195202003, 5.084687101901072 ] ] ], [ [ [ -72.038413636367707, 5.088895076217044 ], [ -72.038737746323449, 5.088950775320983 ], [ -72.038710344386473, 5.089031960899423 ], [ -72.038413140193413, 5.089003489449479 ], [ -72.038413636367707, 5.088895076217044 ] ] ], [ [ [ -72.029377123832958, 5.090723583229283 ], [ -72.029675321556894, 5.090535234359471 ], [ -72.030162478108309, 5.090401964811179 ], [ -72.031027055376867, 5.09048726600532 ], [ -72.031512719753081, 5.090679232886911 ], [ -72.030837847386394, 5.090486392879649 ], [ -72.030216413067862, 5.090429317438534 ], [ -72.029377123832958, 5.090723583229283 ] ] ], [ [ [ -72.03172858455612, 5.090761539976685 ], [ -72.031566530478443, 5.090733688585356 ], [ -72.031512719753081, 5.090679232886911 ], [ -72.031674773808263, 5.090707084282496 ], [ -72.03172858455612, 5.090761539976685 ] ] ], [ [ [ -72.029376999367315, 5.090750686312974 ], [ -72.0293229399974, 5.090750436702757 ], [ -72.029323064465316, 5.0907233336204 ], [ -72.029376999367315, 5.090750686312974 ] ] ], [ [ [ -72.029295661373368, 5.090804518059131 ], [ -72.029241602002998, 5.090804268439452 ], [ -72.029268880630198, 5.090750187088011 ], [ -72.029295661373368, 5.090804518059131 ] ] ], [ [ [ -72.031944449450194, 5.090843847025753 ], [ -72.031782395313002, 5.090815995671501 ], [ -72.03172858455612, 5.090761539976685 ], [ -72.031890638670816, 5.090789391335177 ], [ -72.031944449450194, 5.090843847025753 ] ] ], [ [ [ -72.0289975879586, 5.090965763539894 ], [ -72.02913335879245, 5.090830872264084 ], [ -72.029241602002998, 5.090804268439452 ], [ -72.029132985354934, 5.090912181496672 ], [ -72.0289975879586, 5.090965763539894 ] ] ], [ [ [ -72.032160438788765, 5.090899050882025 ], [ -72.032295090203775, 5.091008086943898 ], [ -72.032052195394684, 5.090925655259503 ], [ -72.031944449450194, 5.090843847025753 ], [ -72.032160438788765, 5.090899050882025 ] ] ], [ [ [ -72.02891600093831, 5.091073801347428 ], [ -72.028861941564159, 5.091073551682708 ], [ -72.028943528589451, 5.090965513887306 ], [ -72.02891600093831, 5.091073801347428 ] ] ], [ [ [ -72.032429866016813, 5.091090019845008 ], [ -72.032321871272941, 5.091062417943395 ], [ -72.032295090203775, 5.091008086943898 ], [ -72.032403084936149, 5.091035688844102 ], [ -72.032429866016813, 5.091090019845008 ] ] ], [ [ [ -72.028861817068332, 5.09110065475334 ], [ -72.028834787381143, 5.091100529918615 ], [ -72.028834911878093, 5.091073426848649 ], [ -72.028861817068332, 5.09110065475334 ] ] ], [ [ [ -72.028834662883497, 5.091127632988552 ], [ -72.028807633195854, 5.091127508152028 ], [ -72.028807757694608, 5.091100405082758 ], [ -72.028834662883497, 5.091127632988552 ] ] ], [ [ [ -72.033050307779547, 5.091363919020168 ], [ -72.032726323226981, 5.09128111346392 ], [ -72.032429866016813, 5.091090019845008 ], [ -72.032996496835253, 5.091309463343308 ], [ -72.033050307779547, 5.091363919020168 ] ] ], [ [ [ -72.028563120911102, 5.091397415203546 ], [ -72.02850906152733, 5.09139716549337 ], [ -72.028753573822556, 5.091127258475582 ], [ -72.028563120911102, 5.091397415203546 ] ] ], [ [ [ -72.033293078748102, 5.09147345367635 ], [ -72.033211989314395, 5.091473079699526 ], [ -72.033050307779547, 5.091363919020168 ], [ -72.03313139718766, 5.091364293009358 ], [ -72.033293078748102, 5.09147345367635 ] ] ], [ [ [ -72.028508937008766, 5.09142426855501 ], [ -72.028481907316774, 5.091424143697557 ], [ -72.028482031836447, 5.091397040636585 ], [ -72.028508937008766, 5.09142426855501 ] ] ], [ [ [ -72.028481782796405, 5.091451246758503 ], [ -72.028454753103944, 5.091451121899249 ], [ -72.028454877625435, 5.091424018838971 ], [ -72.028481782796405, 5.091451246758503 ] ] ], [ [ [ -72.028454628581784, 5.091478224959501 ], [ -72.02842759888884, 5.091478100098448 ], [ -72.028427723412136, 5.091450997038865 ], [ -72.028454628581784, 5.091478224959501 ] ] ], [ [ [ -72.033347138373912, 5.091473702988571 ], [ -72.033347014056034, 5.091500806169639 ], [ -72.033292954427964, 5.091500556856083 ], [ -72.033347138373912, 5.091473702988571 ] ] ], [ [ [ -72.028427474364889, 5.091505203158039 ], [ -72.028400444671519, 5.091505078295187 ], [ -72.028400569196606, 5.091477975236263 ], [ -72.028427474364889, 5.091505203158039 ] ] ], [ [ [ -72.03340107368679, 5.091501055478667 ], [ -72.033400949370503, 5.091528158661076 ], [ -72.033346889737487, 5.091527909350711 ], [ -72.03340107368679, 5.091501055478667 ] ] ], [ [ [ -72.033455009006204, 5.091528407966913 ], [ -72.033454884691508, 5.091555511150594 ], [ -72.033400825053548, 5.091555261843424 ], [ -72.033455009006204, 5.091528407966913 ] ] ], [ [ [ -72.028373414978802, 5.091504953431203 ], [ -72.028400320145749, 5.09153218135405 ], [ -72.028373290451924, 5.091532056489398 ], [ -72.028373414978802, 5.091504953431203 ] ] ], [ [ [ -72.028237394783517, 5.091694050477719 ], [ -72.028183335391034, 5.091693800725687 ], [ -72.028319231066263, 5.0915318067567 ], [ -72.028237394783517, 5.091694050477719 ] ] ], [ [ [ -72.028183210851537, 5.091720903779025 ], [ -72.028156181155168, 5.091720778900641 ], [ -72.028156305695788, 5.091693675847972 ], [ -72.028183210851537, 5.091720903779025 ] ] ], [ [ [ -72.028156056613881, 5.091747881953285 ], [ -72.028129026917057, 5.091747757073104 ], [ -72.028129151459481, 5.091720654021127 ], [ -72.028156056613881, 5.091747881953285 ] ] ], [ [ [ -72.027993380244055, 5.091855544849519 ], [ -72.028074967525427, 5.091747507309344 ], [ -72.028129026917057, 5.091747757073104 ], [ -72.028047439640673, 5.091855794625414 ], [ -72.027993380244055, 5.091855544849519 ] ] ], [ [ [ -72.027993255692635, 5.091882647898026 ], [ -72.027966225994192, 5.091882523007712 ], [ -72.027966350546748, 5.091855419959874 ], [ -72.027993255692635, 5.091882647898026 ] ] ], [ [ [ -72.027803425011015, 5.092017288860809 ], [ -72.027912166599336, 5.09188227322369 ], [ -72.027966225994192, 5.091882523007712 ], [ -72.027857484411783, 5.092017538660566 ], [ -72.027803425011015, 5.092017288860809 ] ] ], [ [ [ -72.027803300447658, 5.092044391904485 ], [ -72.027776270747111, 5.092044267002239 ], [ -72.027776395311591, 5.092017163959231 ], [ -72.027803300447658, 5.092044391904485 ] ] ], [ [ [ -72.027504727984407, 5.092314048279416 ], [ -72.027504977148695, 5.092259842207223 ], [ -72.027776270747111, 5.092044267002239 ], [ -72.027667529096789, 5.092179282583292 ], [ -72.027504727984407, 5.092314048279416 ] ] ], [ [ [ -72.027504603401255, 5.092341151315407 ], [ -72.027477573695705, 5.09234102639336 ], [ -72.027477698279981, 5.092313923358037 ], [ -72.027504603401255, 5.092341151315407 ] ] ], [ [ [ -72.027477449110748, 5.092368129428706 ], [ -72.027450419404758, 5.092368004504861 ], [ -72.027450543990838, 5.092340901470182 ], [ -72.027477449110748, 5.092368129428706 ] ] ], [ [ [ -72.039061213914565, 5.095050639416523 ], [ -72.038819308906852, 5.094751382406161 ], [ -72.038662094893624, 5.09366650296425 ], [ -72.038475243514469, 5.093150668728002 ], [ -72.038180024009264, 5.09268854329011 ], [ -72.03782987584772, 5.092415892025381 ], [ -72.0370473731994, 5.0921141453583 ], [ -72.035344613103518, 5.092079195421312 ], [ -72.034372034721642, 5.091966296772061 ], [ -72.033454884691508, 5.091555511150594 ], [ -72.034426218725841, 5.091939442810447 ], [ -72.036993561697884, 5.092059689784546 ], [ -72.03788405992573, 5.09238903771045 ], [ -72.038260989819847, 5.092716020031322 ], [ -72.038555961121986, 5.093232352088802 ], [ -72.038716030819842, 5.093693855244163 ], [ -72.038793644650156, 5.09445312146051 ], [ -72.038927056756705, 5.09483319036521 ], [ -72.039519235961578, 5.095377995752558 ], [ -72.039061213914565, 5.095050639416523 ] ] ], [ [ [ -72.039546266090326, 5.095378120242977 ], [ -72.03954614193637, 5.095405223573541 ], [ -72.039519111806484, 5.095405099082455 ], [ -72.039546266090326, 5.095378120242977 ] ] ], [ [ [ -72.039600202198116, 5.095405472552314 ], [ -72.039734732123918, 5.095541611655385 ], [ -72.039626735721015, 5.095514010370167 ], [ -72.039600202198116, 5.095405472552314 ] ] ], [ [ [ -72.039788792406327, 5.095541860624955 ], [ -72.039788668258538, 5.095568963961403 ], [ -72.039734607973855, 5.095568714990502 ], [ -72.039788792406327, 5.095541860624955 ] ] ], [ [ [ -72.039788544110039, 5.095596067297827 ], [ -72.039869758690585, 5.095569337409263 ], [ -72.039869634545497, 5.095596440747682 ], [ -72.039788544110039, 5.095596067297827 ] ] ], [ [ [ -72.040409492853186, 5.095761550262711 ], [ -72.040031443015465, 5.095678497643959 ], [ -72.039869634545497, 5.095596440747682 ], [ -72.04016671792624, 5.095652016668036 ], [ -72.040409492853186, 5.095761550262711 ] ] ], [ [ [ -72.040490583355108, 5.095761923646387 ], [ -72.040490459231307, 5.09578902699993 ], [ -72.040409368725989, 5.095788653614258 ], [ -72.040490583355108, 5.095761923646387 ] ] ], [ [ [ -72.040625361848583, 5.095843856000377 ], [ -72.040544271326453, 5.095843482627702 ], [ -72.040490459231307, 5.09578902699993 ], [ -72.040571549742623, 5.095789400375409 ], [ -72.040625361848583, 5.095843856000377 ] ] ], [ [ [ -72.0406794222, 5.09584410490983 ], [ -72.040679298082111, 5.095871208267951 ], [ -72.04062523772842, 5.095870959357168 ], [ -72.0406794222, 5.09584410490983 ] ] ], [ [ [ -72.040733358438445, 5.095871457174205 ], [ -72.040733234322147, 5.095898560533632 ], [ -72.040679173963539, 5.095898311626049 ], [ -72.040733358438445, 5.095871457174205 ] ] ], [ [ [ -72.033848945576878, 5.117549832754122 ], [ -72.033336232953999, 5.117357730297801 ], [ -72.033040392670387, 5.117031114245323 ], [ -72.0330143614446, 5.116814163741116 ], [ -72.033204077301093, 5.116706628101911 ], [ -72.033474385997664, 5.11670788081562 ], [ -72.034257532192754, 5.116874132135808 ], [ -72.034338125290986, 5.116982920577406 ], [ -72.034255283835549, 5.117361989411174 ], [ -72.03406531786591, 5.117523731704307 ], [ -72.033848945576878, 5.117549832754122 ] ], [ [ -72.034068066091734, 5.116927461806074 ], [ -72.033609040662114, 5.11681691979499 ], [ -72.033311701012792, 5.116815541836863 ], [ -72.033203202684248, 5.116896350195698 ], [ -72.033202452986515, 5.11705896913217 ], [ -72.033363763654663, 5.11724944294556 ], [ -72.033714415699805, 5.117413690546335 ], [ -72.034066192336596, 5.11733400946531 ], [ -72.034175565138838, 5.117063478681339 ], [ -72.034068066091734, 5.116927461806074 ] ] ], [ [ [ -72.030888318330284, 5.120625924616689 ], [ -72.030967158747814, 5.121114156780605 ], [ -72.030830501914636, 5.121438766497734 ], [ -72.030640784211997, 5.121546300376144 ], [ -72.03004610223411, 5.12154353902446 ], [ -72.029453674425767, 5.121052922044818 ], [ -72.029132558520715, 5.12034673610237 ], [ -72.028566036394039, 5.12010017220771 ], [ -72.028513602458673, 5.119747581603067 ], [ -72.028649633308262, 5.119558488045816 ], [ -72.029136314329904, 5.119533644508928 ], [ -72.02945955843893, 5.119779078193082 ], [ -72.029647523062721, 5.120050987394559 ], [ -72.030484105301639, 5.120353011571011 ], [ -72.030888318330284, 5.120625924616689 ] ], [ [ -72.030885690312843, 5.121195089624202 ], [ -72.030914223057707, 5.120869977954422 ], [ -72.030699602102985, 5.120516633930182 ], [ -72.030402887296745, 5.120379738207282 ], [ -72.029808957569657, 5.120214358844916 ], [ -72.02953864830377, 5.120213103727669 ], [ -72.029402867742633, 5.12034799142373 ], [ -72.029374584848867, 5.120618896482751 ], [ -72.029507986749124, 5.120998967002802 ], [ -72.02999241583997, 5.121461978746187 ], [ -72.030722377893852, 5.121438264517331 ], [ -72.030885690312843, 5.121195089624202 ] ], [ [ -72.028891534020318, 5.11985775137076 ], [ -72.028863501483016, 5.120074450205435 ], [ -72.029214527665943, 5.120157391326988 ], [ -72.029350182993184, 5.120049606728289 ], [ -72.029296997481254, 5.119859634283431 ], [ -72.029162218545935, 5.119777697512644 ], [ -72.028891534020318, 5.11985775137076 ] ] ], [ [ [ -72.030654780060786, 5.165156149446242 ], [ -72.030226799490151, 5.164178414685129 ], [ -72.029714691546033, 5.163850773423201 ], [ -72.028611904970361, 5.16265305066506 ], [ -72.028371514960412, 5.162028542308465 ], [ -72.028319343515435, 5.161621744165237 ], [ -72.028377322241312, 5.160781804343538 ], [ -72.028952325900008, 5.159212486970671 ], [ -72.029173505981518, 5.158156481070981 ], [ -72.029150635478203, 5.157261954900159 ], [ -72.028940554751159, 5.155932895502446 ], [ -72.028325744607969, 5.154439322454048 ], [ -72.027492534279943, 5.153405489948244 ], [ -72.027197575086518, 5.152889142740728 ], [ -72.027037020792108, 5.152536045570438 ], [ -72.02687835773979, 5.151776403905467 ], [ -72.026961471313157, 5.1513431355441 ], [ -72.027260589800136, 5.150965084015554 ], [ -72.027506777695521, 5.150342852563906 ], [ -72.028239165227191, 5.149804203222459 ], [ -72.028837272564857, 5.149075199894465 ], [ -72.02911023779609, 5.148507298774319 ], [ -72.029462410487497, 5.148346321408837 ], [ -72.029813198598518, 5.14848347724983 ], [ -72.030028196975977, 5.148755517297378 ], [ -72.030134185820501, 5.149216773971511 ], [ -72.030048935123816, 5.150110796034062 ], [ -72.030506216638543, 5.150600796824106 ], [ -72.030641000128256, 5.15068273709863 ], [ -72.031019451467003, 5.150684504002137 ], [ -72.031777109552607, 5.150525418581163 ], [ -72.032156441896689, 5.150337463041588 ], [ -72.03237269997031, 5.150338472145887 ], [ -72.033315433680457, 5.151074670636367 ], [ -72.03387858474899, 5.152053031892055 ], [ -72.034116467312458, 5.153219602235565 ], [ -72.034085660531986, 5.154032570513156 ], [ -72.033947855712526, 5.15460110574603 ], [ -72.033703179000426, 5.154898104665786 ], [ -72.033511685884989, 5.155385077686244 ], [ -72.03329013797044, 5.15652239924782 ], [ -72.033285478593058, 5.157525214847415 ], [ -72.033472565759894, 5.157986851891061 ], [ -72.033524741770819, 5.158393651373612 ], [ -72.033765894357416, 5.158855541148886 ], [ -72.034244925079165, 5.160484002788925 ], [ -72.034942108322198, 5.161706928519775 ], [ -72.035479867524714, 5.162332827330893 ], [ -72.035934639530026, 5.163364895183991 ], [ -72.0360420153185, 5.163528019495288 ], [ -72.036365528564559, 5.163719257367022 ], [ -72.037203171811811, 5.163804481457727 ], [ -72.03755283735515, 5.164185567827261 ], [ -72.037550822488498, 5.164619219398411 ], [ -72.03730576228179, 5.164997528032016 ], [ -72.036763842543124, 5.165266034207112 ], [ -72.036083228759523, 5.166292797137596 ], [ -72.035699975896279, 5.167320948586432 ], [ -72.034884191518927, 5.168347075750964 ], [ -72.034584304444294, 5.168887747482832 ], [ -72.034306149218125, 5.17056687710541 ], [ -72.034302488605292, 5.171352868094253 ], [ -72.034463299230978, 5.171651762010914 ], [ -72.034436013535569, 5.171705841725966 ], [ -72.034221641492479, 5.171298282125677 ], [ -72.034222777623981, 5.171054353907673 ], [ -72.034365137465471, 5.169510107742062 ], [ -72.034530364410173, 5.168860391351283 ], [ -72.034830377630428, 5.168292616510776 ], [ -72.035428258265966, 5.167617819315734 ], [ -72.035673447151112, 5.167212409481604 ], [ -72.035947559446868, 5.166400578026258 ], [ -72.036519537582791, 5.165481722937402 ], [ -72.036684885228169, 5.164804900847503 ], [ -72.037227182293492, 5.164455084884975 ], [ -72.037309792473494, 5.164130225086534 ], [ -72.037121569227452, 5.163912515534979 ], [ -72.036661253383372, 5.164072988112066 ], [ -72.0359337577068, 5.163554617472887 ], [ -72.03563866345911, 5.163065370868085 ], [ -72.035452330803892, 5.162441113728857 ], [ -72.03494147844448, 5.161842444325182 ], [ -72.034190355698215, 5.160592162757933 ], [ -72.033949832652837, 5.159994756920402 ], [ -72.033684670434027, 5.158882265429694 ], [ -72.03347017268527, 5.158501811319376 ], [ -72.033391341977293, 5.158013576191572 ], [ -72.033204254886257, 5.157551939153641 ], [ -72.033209166255645, 5.156494917383461 ], [ -72.033485534529447, 5.155195229562846 ], [ -72.033649491608912, 5.154816542881814 ], [ -72.03386688411787, 5.154573624088383 ], [ -72.034004437328889, 5.154059295199904 ], [ -72.034035495839518, 5.153192120695187 ], [ -72.033796984490522, 5.152161066117038 ], [ -72.033287898227059, 5.151182957041676 ], [ -72.033099678331112, 5.150965249209502 ], [ -72.032371945135694, 5.150501090789827 ], [ -72.032128403106782, 5.150554161708712 ], [ -72.031938296460169, 5.150743000311988 ], [ -72.031505528551506, 5.150795187748074 ], [ -72.030909811961635, 5.151009236045839 ], [ -72.030369544724024, 5.150925402405237 ], [ -72.030100607402375, 5.150626006459413 ], [ -72.029857317466906, 5.150624870280302 ], [ -72.029505143162154, 5.150785847186643 ], [ -72.0288567481998, 5.150701507408294 ], [ -72.028614088362545, 5.150564855665626 ], [ -72.028262544110561, 5.150590316692673 ], [ -72.027883463770308, 5.150724063163493 ], [ -72.027232171192253, 5.151263090426367 ], [ -72.027041559373714, 5.151560338500323 ], [ -72.027013014414464, 5.151885447795793 ], [ -72.027091463481526, 5.152454989470542 ], [ -72.027278545733367, 5.152916624961829 ], [ -72.027600411206294, 5.153460201575701 ], [ -72.028218876043567, 5.15416778680846 ], [ -72.028701297812745, 5.155064461319146 ], [ -72.028994619580075, 5.155933148332118 ], [ -72.029178298491772, 5.15712656622572 ], [ -72.029199781701493, 5.158319225664881 ], [ -72.028978853785162, 5.159321025529743 ], [ -72.028431261224966, 5.160809160459396 ], [ -72.028399305163617, 5.161866050900805 ], [ -72.028639190188827, 5.162598971249287 ], [ -72.029715196534511, 5.163742361301829 ], [ -72.030308150337959, 5.164124588278982 ], [ -72.030549299681397, 5.16458647911317 ], [ -72.030868518090529, 5.165699223106722 ], [ -72.031022003330534, 5.167570093683683 ], [ -72.03090995622604, 5.16840978197373 ], [ -72.030960359010976, 5.169196023895353 ], [ -72.030446605304292, 5.169220720302826 ], [ -72.02985276377315, 5.169028211933951 ], [ -72.028960675442463, 5.16902403029874 ], [ -72.028690725044058, 5.168941453887704 ], [ -72.027153894596282, 5.168066932760054 ], [ -72.026561447963402, 5.167576290048445 ], [ -72.026831144156674, 5.167713072789988 ], [ -72.027423717661648, 5.168176612470358 ], [ -72.028718010833501, 5.16888737462916 ], [ -72.029825983523338, 5.168973879178838 ], [ -72.030365758970746, 5.169166134184069 ], [ -72.030852605906944, 5.169114208107898 ], [ -72.030828604629519, 5.168463608165085 ], [ -72.030940904460181, 5.167569713843102 ], [ -72.030838960161404, 5.166241157659217 ], [ -72.030654780060786, 5.165156149446242 ] ], [ [ -72.028563676876914, 5.149778615677387 ], [ -72.028616985460729, 5.149941486328373 ], [ -72.02896815162336, 5.149997333961009 ], [ -72.029482896086705, 5.149755805550979 ], [ -72.029726311509933, 5.149729838639422 ], [ -72.029943827783242, 5.149459817970245 ], [ -72.029838594412041, 5.148835943047414 ], [ -72.029542751548846, 5.148509318263573 ], [ -72.029353526760858, 5.148508434773074 ], [ -72.029163546625881, 5.148670169404281 ], [ -72.029026245601074, 5.149130289686986 ], [ -72.028781823110762, 5.149373080603056 ], [ -72.028563676876914, 5.149778615677387 ] ] ], [ [ [ -72.03486488436566, 5.172493858018032 ], [ -72.035133449720419, 5.172874567834308 ], [ -72.035698876840883, 5.173365082529918 ], [ -72.03542917487519, 5.173228301117042 ], [ -72.035079383153857, 5.172874314699931 ], [ -72.034810817844615, 5.172493604879325 ], [ -72.034463046753132, 5.171705968292654 ], [ -72.034624362427138, 5.171896449681774 ], [ -72.03486488436566, 5.172493858018032 ] ] ], [ [ [ -72.035752943479608, 5.17336533563539 ], [ -72.035752817253851, 5.173392438806605 ], [ -72.035698750612823, 5.173392185699799 ], [ -72.035752943479608, 5.17336533563539 ] ] ], [ [ [ -72.035779850575338, 5.173392565358283 ], [ -72.03577972435005, 5.173419668530121 ], [ -72.035752691027412, 5.173419541977777 ], [ -72.035779850575338, 5.173392565358283 ] ] ], [ [ [ -72.035833790997373, 5.17341992163136 ], [ -72.035833664773691, 5.173447024804522 ], [ -72.03577959812408, 5.17344677170195 ], [ -72.035833790997373, 5.17341992163136 ] ] ], [ [ [ -72.035860698099526, 5.173447151354082 ], [ -72.035860571876341, 5.173474254527884 ], [ -72.035833538549369, 5.173474127977657 ], [ -72.035860698099526, 5.173447151354082 ] ] ], [ [ [ -72.035887605203953, 5.173474381076961 ], [ -72.035887478981238, 5.173501484251403 ], [ -72.035860445652474, 5.17350135770166 ], [ -72.035887605203953, 5.173474381076961 ] ] ], [ [ [ -72.035887352757854, 5.173528587425819 ], [ -72.035941545640782, 5.173501737347439 ], [ -72.0359414194197, 5.173528840523189 ], [ -72.035887352757854, 5.173528587425819 ] ] ], [ [ [ -72.035968452751632, 5.173528967070148 ], [ -72.03596832653102, 5.173556070246572 ], [ -72.035941293197951, 5.173555943698945 ], [ -72.035968452751632, 5.173528967070148 ] ] ], [ [ [ -72.03602239319919, 5.173556323338373 ], [ -72.036022266980211, 5.173583426516069 ], [ -72.035968200309739, 5.173583173422935 ], [ -72.03602239319919, 5.173556323338373 ] ] ], [ [ [ -72.036049300316449, 5.173583553060912 ], [ -72.03604917409794, 5.17361065623928 ], [ -72.036022140760551, 5.173610529693772 ], [ -72.036049300316449, 5.173583553060912 ] ] ], [ [ [ -72.036103240774708, 5.173610909326849 ], [ -72.036103114557818, 5.173638012506442 ], [ -72.036049047878763, 5.173637759417542 ], [ -72.036103240774708, 5.173610909326849 ] ] ], [ [ [ -72.036130147898362, 5.173638139049165 ], [ -72.036130021681956, 5.17366524222945 ], [ -72.036102988340261, 5.173665115686059 ], [ -72.036130147898362, 5.173638139049165 ] ] ], [ [ [ -72.036184088367349, 5.173665495312781 ], [ -72.036183962152563, 5.173692598494371 ], [ -72.036129895464882, 5.173692345409706 ], [ -72.036184088367349, 5.173665495312781 ] ] ], [ [ [ -72.036210995497399, 5.173692725034979 ], [ -72.036210869283096, 5.173719828217208 ], [ -72.036183835937095, 5.173719701675934 ], [ -72.036210995497399, 5.173692725034979 ] ] ], [ [ [ -72.036237902629765, 5.173719954757332 ], [ -72.036237776415931, 5.173747057940234 ], [ -72.036210743068111, 5.173746931399445 ], [ -72.036237902629765, 5.173719954757332 ] ] ], [ [ [ -72.036264683551039, 5.173774287663335 ], [ -72.03626480976439, 5.173747184479875 ], [ -72.036291843113545, 5.173747311018364 ], [ -72.036264683551039, 5.173774287663335 ] ] ], [ [ [ -72.036318750252306, 5.173774540740497 ], [ -72.036318624040575, 5.173801643925312 ], [ -72.036291590688464, 5.173801517386641 ], [ -72.036318750252306, 5.173774540740497 ] ] ], [ [ [ -72.036345531182121, 5.173828873648292 ], [ -72.036345657393369, 5.173801770462836 ], [ -72.03637269074683, 5.173801896999207 ], [ -72.036345531182121, 5.173828873648292 ] ] ], [ [ [ -72.036399597891986, 5.173829126721219 ], [ -72.036399471682358, 5.173856229907982 ], [ -72.036372438325941, 5.173856103371427 ], [ -72.036399597891986, 5.173829126721219 ] ] ], [ [ [ -72.036426378830299, 5.173883459630824 ], [ -72.036426505039458, 5.173856356443387 ], [ -72.036453538397197, 5.173856482977641 ], [ -72.036426378830299, 5.173883459630824 ] ] ], [ [ [ -72.036480445548804, 5.173883712699515 ], [ -72.036480319341265, 5.173910815888208 ], [ -72.036453285980514, 5.173910689353772 ], [ -72.036480445548804, 5.173883712699515 ] ] ], [ [ [ -72.036534386064716, 5.173911068953631 ], [ -72.036507226495601, 5.173938045610896 ], [ -72.036507352702657, 5.173910942421494 ], [ -72.036534386064716, 5.173911068953631 ] ] ], [ [ [ -72.03656129322269, 5.173938298675351 ], [ -72.036561167017268, 5.173965401865956 ], [ -72.036534133652239, 5.173965275333636 ], [ -72.03656129322269, 5.173938298675351 ] ] ], [ [ [ -72.036588074178013, 5.173992631588421 ], [ -72.036588200382965, 5.173965528397125 ], [ -72.03661523374933, 5.173965654927144 ], [ -72.036588074178013, 5.173992631588421 ] ] ], [ [ [ -72.036669174282565, 5.173993011177026 ], [ -72.036669048080398, 5.174020114370295 ], [ -72.03661498134106, 5.174019861311042 ], [ -72.036669174282565, 5.173993011177026 ] ] ], [ [ [ -72.036696081451069, 5.174020240898195 ], [ -72.036695955249371, 5.174047344092086 ], [ -72.036668921877549, 5.174047217563521 ], [ -72.036696081451069, 5.174020240898195 ] ] ], [ [ [ -72.036722862420618, 5.174074573814053 ], [ -72.036722988621847, 5.174047470619502 ], [ -72.036750021995005, 5.17404759714577 ], [ -72.036722862420618, 5.174074573814053 ] ] ], [ [ [ -72.036803962545562, 5.174074953391401 ], [ -72.036803836347119, 5.174102056587923 ], [ -72.036749769594195, 5.174101803536175 ], [ -72.036803962545562, 5.174074953391401 ] ] ], [ [ [ -72.036857903102714, 5.174102309635069 ], [ -72.03685777690589, 5.174129412832897 ], [ -72.036803710147993, 5.174129159784419 ], [ -72.036857903102714, 5.174102309635069 ] ] ], [ [ [ -72.036884810285841, 5.174129539355413 ], [ -72.036884684089486, 5.17415664255388 ], [ -72.036857650708399, 5.174156516030698 ], [ -72.036884810285841, 5.174129539355413 ] ] ], [ [ [ -72.036938750853679, 5.17415689559679 ], [ -72.036938624658958, 5.174183998796548 ], [ -72.036884557892463, 5.174183745752305 ], [ -72.036938750853679, 5.17415689559679 ] ] ], [ [ [ -72.036992691428154, 5.17418425183619 ], [ -72.037019472429165, 5.174238584757837 ], [ -72.036965405654058, 5.174238331717831 ], [ -72.036992691428154, 5.17418425183619 ] ] ], [ [ [ -72.037073539206958, 5.174238837793242 ], [ -72.03707341301596, 5.174265940996219 ], [ -72.03701934623588, 5.174265687959481 ], [ -72.037073539206958, 5.174238837793242 ] ] ], [ [ [ -72.037127479798727, 5.174266194028355 ], [ -72.037127353609364, 5.174293297232687 ], [ -72.037073286824295, 5.174293044199219 ], [ -72.037127479798727, 5.174266194028355 ] ] ], [ [ [ -72.037235234815924, 5.174348009699739 ], [ -72.037154134624416, 5.174347630157616 ], [ -72.037127353609364, 5.174293297232687 ], [ -72.037235361002061, 5.174320906492794 ], [ -72.037235234815924, 5.174348009699739 ] ] ], [ [ [ -72.037289301613626, 5.174348262722071 ], [ -72.037289175429123, 5.174375365930355 ], [ -72.037235108629133, 5.174375112906692 ], [ -72.037289301613626, 5.174348262722071 ] ] ], [ [ [ -72.037370275634117, 5.174375745457223 ], [ -72.037424090081259, 5.174430204892418 ], [ -72.037342989865351, 5.174429825368455 ], [ -72.037289175429123, 5.174375365930355 ], [ -72.037370275634117, 5.174375745457223 ] ] ], [ [ [ -72.037505190303193, 5.174430584406028 ], [ -72.037505064125853, 5.17445768761953 ], [ -72.037423963900494, 5.17445730810392 ], [ -72.037505190303193, 5.174430584406028 ] ] ], [ [ [ -72.037613197769076, 5.174458193624237 ], [ -72.037613071595658, 5.174485296840378 ], [ -72.037504937947858, 5.174484790833005 ], [ -72.037613197769076, 5.174458193624237 ] ] ], [ [ [ -72.037694171838538, 5.174485676333828 ], [ -72.037694045667891, 5.174512779551972 ], [ -72.037612945421586, 5.174512400056523 ], [ -72.037694171838538, 5.174485676333828 ] ] ], [ [ [ -72.037802179339025, 5.1745132855298 ], [ -72.037802053172314, 5.174540388750549 ], [ -72.037693919496576, 5.174539882770058 ], [ -72.037802179339025, 5.1745132855298 ] ] ], [ [ [ -72.037964253706008, 5.174541147686779 ], [ -72.037964127545493, 5.174568250911531 ], [ -72.037801927004921, 5.174567491971305 ], [ -72.037964253706008, 5.174541147686779 ] ] ], [ [ [ -72.038180394970425, 5.174569262767414 ], [ -72.038180268818437, 5.174596365997385 ], [ -72.037964001384324, 5.174595354136175 ], [ -72.038180394970425, 5.174569262767414 ] ] ], [ [ [ -72.039531941252619, 5.174602688461994 ], [ -72.039396773933888, 5.174602056344945 ], [ -72.039396900034248, 5.174574953085012 ], [ -72.039531941252619, 5.174602688461994 ] ] ], [ [ [ -72.038369376713831, 5.174624354550208 ], [ -72.0382342095333, 5.174623722182511 ], [ -72.038234335683683, 5.174596618951184 ], [ -72.038369376713831, 5.174624354550208 ] ] ], [ [ [ -72.03936961436996, 5.174629033177372 ], [ -72.039207413606704, 5.174628274588055 ], [ -72.039207539715775, 5.17460117133276 ], [ -72.03936961436996, 5.174629033177372 ] ] ], [ [ [ -72.038666618437219, 5.174652848899869 ], [ -72.038450350888297, 5.17465183719365 ], [ -72.038450477030167, 5.174624733957023 ], [ -72.038666618437219, 5.174652848899869 ] ] ], [ [ [ -72.039180254037618, 5.17465525140708 ], [ -72.038909919480957, 5.174653986981365 ], [ -72.038910045603316, 5.17462688373342 ], [ -72.039180254037618, 5.17465525140708 ] ] ], [ [ [ -72.027450294817996, 5.092395107539513 ], [ -72.027423265111551, 5.092394982613867 ], [ -72.027423389699436, 5.092367879579883 ], [ -72.027450294817996, 5.092395107539513 ] ] ], [ [ [ -72.027423140522998, 5.092422085647826 ], [ -72.027396110816085, 5.09242196072038 ], [ -72.027396235405789, 5.092394857687089 ], [ -72.027423140522998, 5.092422085647826 ] ] ], [ [ [ -72.027395986225741, 5.092449063753678 ], [ -72.027368956518373, 5.092448938824432 ], [ -72.027369081109853, 5.0924218357918 ], [ -72.027395986225741, 5.092449063753678 ] ] ], [ [ [ -72.027341926811687, 5.092448813894053 ], [ -72.027368831926211, 5.092476041856986 ], [ -72.027341802218402, 5.092475916925939 ], [ -72.027341926811687, 5.092448813894053 ] ] ], [ [ [ -72.027341677624435, 5.092503019957865 ], [ -72.027314647916143, 5.092502895025018 ], [ -72.027314772511218, 5.09247579199376 ], [ -72.027341677624435, 5.092503019957865 ] ] ], [ [ [ -72.027314523320371, 5.09252999805615 ], [ -72.027287493611652, 5.092529873121503 ], [ -72.027287618208547, 5.092502770091039 ], [ -72.027314523320371, 5.09252999805615 ] ] ], [ [ [ -72.02728736901409, 5.092556976151991 ], [ -72.027260339304902, 5.092556851215544 ], [ -72.027260463903602, 5.092529748185722 ], [ -72.02728736901409, 5.092556976151991 ] ] ], [ [ [ -72.027260214705535, 5.092583954245338 ], [ -72.027233184995907, 5.09258382930709 ], [ -72.027233309596383, 5.092556726277964 ], [ -72.027260214705535, 5.092583954245338 ] ] ], [ [ [ -72.027233060394735, 5.092610932336173 ], [ -72.027206030684638, 5.092610807396125 ], [ -72.027206155286919, 5.092583704367711 ], [ -72.027233060394735, 5.092610932336173 ] ] ], [ [ [ -72.027205781478031, 5.092665013452912 ], [ -72.026771436765515, 5.093069559499045 ], [ -72.026771686028397, 5.093015353464385 ], [ -72.027205781478031, 5.092665013452912 ] ] ], [ [ [ -72.026771312133079, 5.093096662516317 ], [ -72.026744282414072, 5.093096537544994 ], [ -72.026744407047644, 5.09306943452839 ], [ -72.026771312133079, 5.093096662516317 ] ] ], [ [ [ -72.026744157779817, 5.093123640561607 ], [ -72.026717128060355, 5.093123515588485 ], [ -72.026717252695732, 5.093096412572539 ], [ -72.026744157779817, 5.093123640561607 ] ] ], [ [ [ -72.026717003424309, 5.093150618604319 ], [ -72.026689973704364, 5.093150493629396 ], [ -72.026690098341561, 5.093123390614228 ], [ -72.026717003424309, 5.093150618604319 ] ] ], [ [ [ -72.026689849066528, 5.093177596644585 ], [ -72.026662819346157, 5.093177471667863 ], [ -72.02666294398513, 5.093150368653339 ], [ -72.026689849066528, 5.093177596644585 ] ] ], [ [ [ -72.026662694706502, 5.093204574682359 ], [ -72.026635664985676, 5.093204449703835 ], [ -72.026635789626454, 5.093177346690007 ], [ -72.026662694706502, 5.093204574682359 ] ] ], [ [ [ -72.026635415702103, 5.093258655731397 ], [ -72.026499768498923, 5.09336644285657 ], [ -72.026500017799179, 5.093312236835899 ], [ -72.026635415702103, 5.093258655731397 ] ] ], [ [ [ -72.026499643847799, 5.093393545866926 ], [ -72.026472614123094, 5.093393420876929 ], [ -72.026472738775354, 5.093366317867241 ], [ -72.026499643847799, 5.093393545866926 ] ] ], [ [ [ -72.026472364816556, 5.093447626896109 ], [ -72.026391026323708, 5.093501457930397 ], [ -72.02639127563971, 5.093447251915315 ], [ -72.026472364816556, 5.093447626896109 ] ] ], [ [ [ -72.026390777005034, 5.093555663945409 ], [ -72.026309438492532, 5.09360949495722 ], [ -72.026309687820685, 5.093555288946405 ], [ -72.026391026323708, 5.093501457930397 ], [ -72.026390777005034, 5.093555663945409 ] ] ], [ [ [ -72.026309313827468, 5.093636597962612 ], [ -72.026282284097306, 5.093636472958675 ], [ -72.026282408763521, 5.09360936995395 ], [ -72.026309313827468, 5.093636597962612 ] ] ], [ [ [ -72.026200696225743, 5.093744509950754 ], [ -72.026200945569641, 5.093690303945463 ], [ -72.026282284097306, 5.093636472958675 ], [ -72.026282034762872, 5.09369067896808 ], [ -72.026200696225743, 5.093744509950754 ] ] ], [ [ [ -72.026200571552792, 5.093771612953295 ], [ -72.026173541819674, 5.093771487941485 ], [ -72.026173666493747, 5.093744384939614 ], [ -72.026200571552792, 5.093771612953295 ] ] ], [ [ [ -72.026173417144904, 5.093798590943381 ], [ -72.026146387411345, 5.093798465929772 ], [ -72.026146512087223, 5.093771362928544 ], [ -72.026173417144904, 5.093798590943381 ] ] ], [ [ [ -72.026146262734784, 5.093825568930971 ], [ -72.026119233000756, 5.09382544391556 ], [ -72.026119357678425, 5.093798340915028 ], [ -72.026146262734784, 5.093825568930971 ] ] ], [ [ [ -72.026118983643357, 5.093879649916532 ], [ -72.026010490650222, 5.093960458831486 ], [ -72.026010740020681, 5.093906252836 ], [ -72.026118983643357, 5.093879649916532 ] ] ], [ [ [ -72.026010365963984, 5.093987561829172 ], [ -72.02598333622656, 5.093987436804089 ], [ -72.02598346091392, 5.093960333807071 ], [ -72.026010365963984, 5.093987561829172 ] ] ], [ [ [ -72.025983211538502, 5.094014539801148 ], [ -72.025956181800609, 5.094014414774263 ], [ -72.025956306489775, 5.093987311777872 ], [ -72.025983211538502, 5.094014539801148 ] ] ], [ [ [ -72.025956057110761, 5.094041517770563 ], [ -72.025929027372413, 5.094041392741878 ], [ -72.02592915206337, 5.094014289746248 ], [ -72.025956057110761, 5.094041517770563 ] ] ], [ [ [ -72.025928902680761, 5.094068495737498 ], [ -72.02590187294193, 5.094068370707013 ], [ -72.025901997634705, 5.09404126771206 ], [ -72.025928902680761, 5.094068495737498 ] ] ], [ [ [ -72.025853531178456, 5.151256643844203 ], [ -72.025880185011772, 5.151338079114891 ], [ -72.025503374554944, 5.150983970751972 ], [ -72.025853531178456, 5.151256643844203 ] ] ], [ [ [ -72.026653777454698, 5.153564188291129 ], [ -72.026443320893279, 5.152316440516835 ], [ -72.025880185011772, 5.151338079114891 ], [ -72.026041621297352, 5.151501455396216 ], [ -72.026497511394211, 5.152289590421347 ], [ -72.026603370360149, 5.152777949468983 ], [ -72.026653777454698, 5.153564188291129 ] ] ], [ [ [ -72.026680809712275, 5.153564314745796 ], [ -72.026678917773623, 5.153970859203115 ], [ -72.026651885498893, 5.15397073273842 ], [ -72.026680809712275, 5.153564314745796 ] ] ], [ [ [ -72.026705571646573, 5.154052294559434 ], [ -72.026703679543544, 5.154458839019763 ], [ -72.026676647247584, 5.15445871254418 ], [ -72.026705571646573, 5.154052294559434 ] ] ], [ [ [ -72.026702165752255, 5.154784074583833 ], [ -72.026730459550649, 5.154513171423134 ], [ -72.026729198062597, 5.154784201066292 ], [ -72.026702165752255, 5.154784074583833 ] ] ], [ [ [ -72.026755978070256, 5.154838533477199 ], [ -72.026754716512968, 5.155109563123907 ], [ -72.026727684188202, 5.155109436634572 ], [ -72.026755978070256, 5.154838533477199 ] ] ], [ [ [ -72.026781370361519, 5.155190998507538 ], [ -72.026780613389633, 5.155353616297786 ], [ -72.026753581053939, 5.155353489803581 ], [ -72.026781370361519, 5.155190998507538 ] ] ], [ [ [ -72.026807267234418, 5.15543505168767 ], [ -72.026806762569564, 5.15554346354973 ], [ -72.026779730225201, 5.155543337051991 ], [ -72.026807267234418, 5.15543505168767 ] ] ], [ [ [ -72.02683341641233, 5.155624898944521 ], [ -72.02683278556178, 5.155760413774432 ], [ -72.026805753207583, 5.155760287272492 ], [ -72.02683341641233, 5.155624898944521 ] ] ], [ [ [ -72.026832407043372, 5.155841722672037 ], [ -72.026859439401662, 5.155841849174837 ], [ -72.026857041999676, 5.156356805533758 ], [ -72.026832407043372, 5.155841722672037 ] ] ], [ [ [ -72.026637123052851, 5.157141779225733 ], [ -72.026830009619673, 5.156356679018256 ], [ -72.026746262345256, 5.156925461689085 ], [ -72.026308442070089, 5.158061760970189 ], [ -72.026333833208881, 5.158414225918944 ], [ -72.0266263924279, 5.159445530722988 ], [ -72.026678942164352, 5.159771019427626 ], [ -72.026650899397652, 5.159987716484425 ], [ -72.026599233650217, 5.15947250707909 ], [ -72.026279894561497, 5.158386869791626 ], [ -72.026281914633302, 5.157953222588164 ], [ -72.026637123052851, 5.157141779225733 ] ] ], [ [ [ -72.026704838175192, 5.160015072666337 ], [ -72.026704585610048, 5.160069278584593 ], [ -72.026677553076723, 5.160069151971779 ], [ -72.026704838175192, 5.160015072666337 ] ] ], [ [ [ -72.026677047933802, 5.160177563805215 ], [ -72.026675911322869, 5.160421490429004 ], [ -72.026648878775333, 5.160421363806354 ], [ -72.026677047933802, 5.160177563805215 ] ] ], [ [ [ -72.026648499889504, 5.160502672678407 ], [ -72.026647994698962, 5.160611084507496 ], [ -72.026620962144108, 5.160610957879017 ], [ -72.026648499889504, 5.160502672678407 ] ] ], [ [ [ -72.026620709542499, 5.16066516379206 ], [ -72.026620204331266, 5.160773575617898 ], [ -72.026593171770216, 5.160773448984262 ], [ -72.026620709542499, 5.16066516379206 ] ] ], [ [ [ -72.026592919158276, 5.16082765489567 ], [ -72.026592413926323, 5.160936066718155 ], [ -72.026565381359077, 5.160935940079362 ], [ -72.026592919158276, 5.16082765489567 ] ] ], [ [ [ -72.026565255048268, 5.160963043034252 ], [ -72.026564876111792, 5.161044351898838 ], [ -72.026537843540623, 5.161044225256222 ], [ -72.026565255048268, 5.160963043034252 ] ] ], [ [ [ -72.026537717225978, 5.16107132821029 ], [ -72.026537338278004, 5.161152637072489 ], [ -72.026510305702942, 5.161152510426051 ], [ -72.026537717225978, 5.16107132821029 ] ] ], [ [ [ -72.026510179384474, 5.161179613379431 ], [ -72.026509800424989, 5.16126092223926 ], [ -72.026482767846048, 5.161260795589 ], [ -72.026510179384474, 5.161179613379431 ] ] ], [ [ [ -72.026455229969898, 5.161369080745121 ], [ -72.026482641523728, 5.161287898541575 ], [ -72.026482262552747, 5.161369207399201 ], [ -72.026455229969898, 5.161369080745121 ] ] ], [ [ [ -72.026455103643741, 5.161396183696869 ], [ -72.026454724661264, 5.161477492552093 ], [ -72.026427692074506, 5.161477365894192 ], [ -72.026455103643741, 5.161396183696869 ] ] ], [ [ [ -72.026427565744527, 5.161504468845219 ], [ -72.026427186750553, 5.161585777698138 ], [ -72.026400154159873, 5.161585651036416 ], [ -72.026427565744527, 5.161504468845219 ] ] ], [ [ [ -72.026400027826057, 5.161612753986653 ], [ -72.026399648820586, 5.161694062837288 ], [ -72.026372616225984, 5.161693936171743 ], [ -72.026400027826057, 5.161612753986653 ] ] ], [ [ [ -72.026372489888331, 5.161721039121222 ], [ -72.02637211087135, 5.161802347969538 ], [ -72.026345078272882, 5.161802221300172 ], [ -72.026372489888331, 5.161721039121222 ] ] ], [ [ [ -72.026317919332456, 5.161829197577645 ], [ -72.026344951931392, 5.161829324248827 ], [ -72.026344572902929, 5.161910633094791 ], [ -72.026317919332456, 5.161829197577645 ] ] ], [ [ [ -72.026317161262568, 5.16199181526539 ], [ -72.026290128657422, 5.161991688589049 ], [ -72.026290507698818, 5.161910379747267 ], [ -72.026317161262568, 5.16199181526539 ] ] ], [ [ [ -72.026290002308954, 5.162018791536185 ], [ -72.026289623259487, 5.16210010037757 ], [ -72.026262590650433, 5.162099973697407 ], [ -72.026290002308954, 5.162018791536185 ] ] ], [ [ [ -72.026262464298128, 5.162127076643819 ], [ -72.026262211591487, 5.162181282536566 ], [ -72.026235178979675, 5.162181155853251 ], [ -72.026262464298128, 5.162127076643819 ] ] ], [ [ [ -72.026235052624202, 5.162208258798917 ], [ -72.026234673553759, 5.162289567635774 ], [ -72.026207640938011, 5.162289440948636 ], [ -72.026235052624202, 5.162208258798917 ] ] ], [ [ [ -72.026207514578715, 5.162316543893528 ], [ -72.026207261858076, 5.162370749783235 ], [ -72.0261802292396, 5.162370623092944 ], [ -72.026207514578715, 5.162316543893528 ] ] ], [ [ [ -72.026180102877134, 5.162397726037091 ], [ -72.026179850150186, 5.162451931925286 ], [ -72.026152817528938, 5.16245180523184 ], [ -72.026180102877134, 5.162397726037091 ] ] ], [ [ [ -72.026152691163304, 5.162478908175239 ], [ -72.026152438430032, 5.162533114061958 ], [ -72.026125405806042, 5.162532987365361 ], [ -72.026152691163304, 5.162478908175239 ] ] ], [ [ [ -72.026125279437238, 5.162560090308045 ], [ -72.026124900326849, 5.162641399135826 ], [ -72.026097867698923, 5.162641272435406 ], [ -72.026125279437238, 5.162560090308045 ] ] ], [ [ [ -72.026097741326296, 5.162668375377284 ], [ -72.02609748857904, 5.162722581260943 ], [ -72.026070455948343, 5.16272245455737 ], [ -72.026097741326296, 5.162668375377284 ] ] ], [ [ [ -72.026070076818982, 5.162803763380685 ], [ -72.026043296941396, 5.162749430793111 ], [ -72.026070329572562, 5.162749557498502 ], [ -72.026070076818982, 5.162803763380685 ] ] ], [ [ [ -72.02604266504666, 5.162884945495064 ], [ -72.026015632410491, 5.162884818785184 ], [ -72.026016011552784, 5.162803509966084 ], [ -72.02604266504666, 5.162884945495064 ] ] ], [ [ [ -72.026015253262145, 5.162966127603998 ], [ -72.025988220623177, 5.162966000890965 ], [ -72.025988599774962, 5.162884692074156 ], [ -72.026015253262145, 5.162966127603998 ] ] ], [ [ [ -72.025987841465351, 5.163047309707538 ], [ -72.02596080882364, 5.163047182991351 ], [ -72.025961187984905, 5.162965874176782 ], [ -72.025987841465351, 5.163047309707538 ] ] ], [ [ [ -72.025960429656323, 5.1631284918057 ], [ -72.02593339701184, 5.163128365086357 ], [ -72.025933776182583, 5.163047056274015 ], [ -72.025960429656323, 5.1631284918057 ] ] ], [ [ [ -72.025933144227977, 5.163182570961155 ], [ -72.025906111581861, 5.163182444239328 ], [ -72.025906364368012, 5.163128238365869 ], [ -72.025933144227977, 5.163182570961155 ] ] ], [ [ [ -72.02590573239759, 5.163263753049256 ], [ -72.025878699748745, 5.163263626324277 ], [ -72.025879078936441, 5.163182317516354 ], [ -72.02590573239759, 5.163263753049256 ] ] ], [ [ [ -72.02587832055498, 5.163344935131979 ], [ -72.02585128790335, 5.163344808403845 ], [ -72.025851667100554, 5.163263499598148 ], [ -72.02587832055498, 5.163344935131979 ] ] ], [ [ [ -72.025796211361722, 5.163561378414141 ], [ -72.02579684339203, 5.163425863745566 ], [ -72.02585128790335, 5.163344808403845 ], [ -72.025823244021154, 5.163561505149921 ], [ -72.025796211361722, 5.163561378414141 ] ] ], [ [ [ -72.02562857896929, 5.164726043925418 ], [ -72.025631234135076, 5.164156882420979 ], [ -72.025796211361722, 5.163561378414141 ], [ -72.025658140387065, 5.164184112108072 ], [ -72.02562857896929, 5.164726043925418 ] ] ], [ [ [ -72.025623900098495, 5.165728852262343 ], [ -72.025596867352164, 5.16572872546503 ], [ -72.025601546265335, 5.164725917152848 ], [ -72.025623900098495, 5.165728852262343 ] ] ], [ [ [ -72.025622129474868, 5.166108293245341 ], [ -72.025621497077353, 5.166243807880867 ], [ -72.025594464309265, 5.166243681070847 ], [ -72.025622129474868, 5.166108293245341 ] ] ], [ [ [ -72.025648276884695, 5.166298140545091 ], [ -72.025647897437509, 5.166379449327985 ], [ -72.025620864663011, 5.16637932251577 ], [ -72.025648276884695, 5.166298140545091 ] ] ], [ [ [ -72.02567480373007, 5.166406679067287 ], [ -72.025674550762872, 5.166460884923681 ], [ -72.025647517984268, 5.166460758110609 ], [ -72.02567480373007, 5.166406679067287 ] ] ], [ [ [ -72.025701457058673, 5.166488114664415 ], [ -72.025701204089728, 5.166542320521988 ], [ -72.025674171307003, 5.166542193708059 ], [ -72.025701457058673, 5.166488114664415 ] ] ], [ [ [ -72.025728110388755, 5.166569550264186 ], [ -72.025700824631258, 5.166623629308187 ], [ -72.025701077604239, 5.166569423450737 ], [ -72.025728110388755, 5.166569550264186 ] ] ], [ [ [ -72.025754890205576, 5.166623882936615 ], [ -72.025754637234485, 5.166678088796636 ], [ -72.025727604444683, 5.166677961981659 ], [ -72.025754890205576, 5.166623882936615 ] ] ], [ [ [ -72.025781543539523, 5.166705318541036 ], [ -72.025781417053452, 5.166732421471632 ], [ -72.025754384260708, 5.166732294656467 ], [ -72.025781543539523, 5.166705318541036 ] ] ], [ [ [ -72.025781164079262, 5.166786627332748 ], [ -72.025781290566698, 5.166759524402203 ], [ -72.025808323361261, 5.166759651216887 ], [ -72.025781164079262, 5.166786627332748 ] ] ], [ [ [ -72.025835229671358, 5.166786880962308 ], [ -72.025834976699059, 5.166841086825976 ], [ -72.025807943900404, 5.166840960010434 ], [ -72.025835229671358, 5.166786880962308 ] ] ], [ [ [ -72.025862009498411, 5.166841213640371 ], [ -72.025861883012396, 5.166868316572844 ], [ -72.025834850211908, 5.16686818975778 ], [ -72.025862009498411, 5.166841213640371 ] ] ], [ [ [ -72.025861630038378, 5.166922522437694 ], [ -72.025861756525728, 5.166895419505289 ], [ -72.025888789328022, 5.166895546319871 ], [ -72.025861630038378, 5.166922522437694 ] ] ], [ [ [ -72.025915695645963, 5.166922776067048 ], [ -72.025915442673821, 5.166976981934518 ], [ -72.025888409867378, 5.166976855119077 ], [ -72.025915695645963, 5.166922776067048 ] ] ], [ [ [ -72.025942475480903, 5.166977108748811 ], [ -72.025942348994988, 5.167004211683157 ], [ -72.02591531618674, 5.167004084868196 ], [ -72.025942475480903, 5.166977108748811 ] ] ], [ [ [ -72.025969381803876, 5.167004338496968 ], [ -72.025969255318415, 5.167031441431959 ], [ -72.025942222508363, 5.167031314617478 ], [ -72.025969381803876, 5.167004338496968 ] ] ], [ [ [ -72.02599628812915, 5.167031568245291 ], [ -72.025996161644159, 5.167058671180922 ], [ -72.025969128832287, 5.167058544366922 ], [ -72.02599628812915, 5.167031568245291 ] ] ], [ [ [ -72.025995908672172, 5.167112877052093 ], [ -72.025996035158499, 5.16708577411653 ], [ -72.026023067972162, 5.167085900930051 ], [ -72.025995908672172, 5.167112877052093 ] ] ], [ [ [ -72.026049974302509, 5.167113130679321 ], [ -72.026049847817788, 5.167140233616214 ], [ -72.026022815001127, 5.167140106802504 ], [ -72.026049974302509, 5.167113130679321 ] ] ], [ [ [ -72.026076880635145, 5.167140360428775 ], [ -72.026076754150893, 5.167167463366309 ], [ -72.026049721332413, 5.167167336553081 ], [ -72.026076880635145, 5.167140360428775 ] ] ], [ [ [ -72.02610378697004, 5.167167590178391 ], [ -72.026103660486271, 5.167194693116565 ], [ -72.026076627665987, 5.167194566303817 ], [ -72.02610378697004, 5.167167590178391 ] ] ], [ [ [ -72.026265225027586, 5.167330968679507 ], [ -72.026292004898067, 5.167385301372932 ], [ -72.026157220196239, 5.167303358496478 ], [ -72.026103660486271, 5.167194693116565 ], [ -72.026265225027586, 5.167330968679507 ] ] ], [ [ [ -72.026319037731753, 5.167385428181172 ], [ -72.026318911251778, 5.167412531124487 ], [ -72.026291878416941, 5.167412404315579 ], [ -72.026319037731753, 5.167385428181172 ] ] ], [ [ [ -72.026561447963402, 5.167576290048445 ], [ -72.026453443054677, 5.167548679884687 ], [ -72.026318911251778, 5.167412531124487 ], [ -72.026534668064684, 5.167521957348789 ], [ -72.026561447963402, 5.167576290048445 ] ] ], [ [ [ -72.025901748248486, 5.094095473701937 ], [ -72.025874718509215, 5.094095348669651 ], [ -72.025874843203795, 5.094068245675395 ], [ -72.025901748248486, 5.094095473701937 ] ] ], [ [ [ -72.025874593813981, 5.094122451663884 ], [ -72.02584756407424, 5.094122326629797 ], [ -72.025847688770625, 5.094095223636232 ], [ -72.025874593813981, 5.094122451663884 ] ] ], [ [ [ -72.025847439377188, 5.094149429623333 ], [ -72.025820409637021, 5.094149304587445 ], [ -72.025820534335196, 5.094122201594577 ], [ -72.025847439377188, 5.094149429623333 ] ] ], [ [ [ -72.025820284938163, 5.09417640758027 ], [ -72.025793255197527, 5.09417628254258 ], [ -72.025793379897507, 5.094149179550422 ], [ -72.025820284938163, 5.09417640758027 ] ] ], [ [ [ -72.025793005795563, 5.094230488526851 ], [ -72.025575894885208, 5.094419209080582 ], [ -72.025576144314655, 5.094365003107422 ], [ -72.025793005795563, 5.094230488526851 ] ] ], [ [ [ -72.025575770169482, 5.094446312067147 ], [ -72.025548740423588, 5.09444618701258 ], [ -72.025548865140436, 5.094419084026684 ], [ -72.025575770169482, 5.094446312067147 ] ] ], [ [ [ -72.025548490987845, 5.094500392984283 ], [ -72.025467152302241, 5.09455422377738 ], [ -72.025467401747449, 5.094500017809776 ], [ -72.025548490987845, 5.094500392984283 ] ] ], [ [ [ -72.025467027578642, 5.094581326761142 ], [ -72.025439997829778, 5.094581201698702 ], [ -72.025440122554514, 5.094554098715609 ], [ -72.025467027578642, 5.094581326761142 ] ] ], [ [ [ -72.025331255184753, 5.094716216339346 ], [ -72.025331504649316, 5.094662010378739 ], [ -72.025439997829778, 5.094581201698702 ], [ -72.025439748378275, 5.094635407664847 ], [ -72.025331255184753, 5.094716216339346 ] ] ], [ [ [ -72.025331130451463, 5.09474331931961 ], [ -72.025304100699202, 5.094743194247496 ], [ -72.025304225433629, 5.0947160912679 ], [ -72.025331130451463, 5.09474331931961 ] ] ], [ [ [ -72.025303851228344, 5.094797400206592 ], [ -72.025222512488497, 5.094851230934441 ], [ -72.02522276196882, 5.094797024979441 ], [ -72.025303851228344, 5.094797400206592 ] ] ], [ [ [ -72.025222263005489, 5.094905436889335 ], [ -72.025140924246003, 5.09495926759478 ], [ -72.025141173738476, 5.094905061643968 ], [ -72.025222263005489, 5.094905436889335 ] ] ], [ [ [ -72.025086240979235, 5.095094532292657 ], [ -72.025004902185387, 5.095148362959971 ], [ -72.025059585476285, 5.095013098281856 ], [ -72.025140924246003, 5.09495926759478 ], [ -72.025086240979235, 5.095094532292657 ] ] ], [ [ [ -72.025004652669523, 5.095202568903597 ], [ -72.024923313856021, 5.095256399548523 ], [ -72.02492356338135, 5.09520219360898 ], [ -72.025004652669523, 5.095202568903597 ] ] ], [ [ [ -72.024841725494852, 5.095364436110367 ], [ -72.024841975032331, 5.095310230175128 ], [ -72.024923313856021, 5.095256399548523 ], [ -72.024923064327993, 5.095310605487964 ], [ -72.024841725494852, 5.095364436110367 ] ] ], [ [ [ -72.024841475954659, 5.095418642045538 ], [ -72.024732982556245, 5.095499450496427 ], [ -72.024733232109497, 5.095445244566745 ], [ -72.024841475954659, 5.095418642045538 ] ] ], [ [ [ -72.024732733000306, 5.095553656425988 ], [ -72.024108302564883, 5.096147043326361 ], [ -72.024108552202378, 5.096092837428693 ], [ -72.024732733000306, 5.095553656425988 ] ] ], [ [ [ -72.024108177745134, 5.096174146275142 ], [ -72.024081147963273, 5.09617402111661 ], [ -72.024081272784159, 5.0961469181685 ], [ -72.024108177745134, 5.096174146275142 ] ] ], [ [ [ -72.024081023141719, 5.096201124064763 ], [ -72.024053993359388, 5.096200998904431 ], [ -72.024054118182065, 5.096173895956947 ], [ -72.024081023141719, 5.096201124064763 ] ] ], [ [ [ -72.024053868536029, 5.096228101851819 ], [ -72.024026838753244, 5.096227976689685 ], [ -72.024026963577725, 5.096200873742966 ], [ -72.024053868536029, 5.096228101851819 ] ] ], [ [ [ -72.023700983303343, 5.096551709918265 ], [ -72.023755417410101, 5.096470651465289 ], [ -72.024026838753244, 5.096227976689685 ], [ -72.023945125259473, 5.096363115919785 ], [ -72.023700983303343, 5.096551709918265 ] ] ], [ [ [ -72.02370085845655, 5.096578812856587 ], [ -72.023673828667825, 5.09657868767103 ], [ -72.023673953515754, 5.096551584733375 ], [ -72.02370085845655, 5.096578812856587 ] ] ], [ [ [ -72.023673703819242, 5.096605790608707 ], [ -72.023646674030076, 5.096605665421348 ], [ -72.023646798879781, 5.096578562484338 ], [ -72.023673703819242, 5.096605790608707 ] ] ], [ [ [ -72.023510775947912, 5.096767657068976 ], [ -72.023456716364748, 5.096767406671499 ], [ -72.023592614453733, 5.096605415043229 ], [ -72.023510775947912, 5.096767657068976 ] ] ], [ [ [ -72.023456591502409, 5.096794509603626 ], [ -72.023429561710714, 5.096794384402521 ], [ -72.023429686574175, 5.096767281471062 ], [ -72.023456591502409, 5.096794509603626 ] ] ], [ [ [ -72.02342943684657, 5.096821487334019 ], [ -72.023402407054391, 5.09682136213111 ], [ -72.023402531919658, 5.096794259200279 ], [ -72.02342943684657, 5.096821487334019 ] ] ], [ [ [ -72.023293663533437, 5.09695637594826 ], [ -72.023239603945186, 5.096956125523288 ], [ -72.02334834747208, 5.096821111721894 ], [ -72.023293663533437, 5.09695637594826 ] ] ], [ [ [ -72.023185544359663, 5.096955875093785 ], [ -72.023158015045993, 5.097064161575571 ], [ -72.023103955455454, 5.097063911133918 ], [ -72.023185544359663, 5.096955875093785 ] ] ], [ [ [ -72.02299546161359, 5.09714471899842 ], [ -72.023049895867601, 5.097063660687732 ], [ -72.023103955455454, 5.097063911133918 ], [ -72.023049521205522, 5.097144969453153 ], [ -72.02299546161359, 5.09714471899842 ] ] ], [ [ [ -72.02245808919875, 5.148964063791942 ], [ -72.022457963008605, 5.148991166655334 ], [ -72.022430931048476, 5.148991040133279 ], [ -72.02245808919875, 5.148964063791942 ] ] ], [ [ [ -72.022512026930855, 5.14899141969601 ], [ -72.022511900742316, 5.149018522560713 ], [ -72.022457836817779, 5.149018269518699 ], [ -72.022512026930855, 5.14899141969601 ] ] ], [ [ [ -72.022538932705586, 5.149018649080004 ], [ -72.022538806517503, 5.149045751945351 ], [ -72.022511774553095, 5.14904562542539 ], [ -72.022538932705586, 5.149018649080004 ] ] ], [ [ [ -72.02256583848262, 5.149045878464166 ], [ -72.022565712295005, 5.149072981330139 ], [ -72.022538680328751, 5.149072854810655 ], [ -72.02256583848262, 5.149045878464166 ] ] ], [ [ [ -72.02261977622949, 5.149073234365675 ], [ -72.022619650043495, 5.149100337233028 ], [ -72.022565586106722, 5.149100084196154 ], [ -72.02261977622949, 5.149073234365675 ] ] ], [ [ [ -72.022646682012876, 5.14910046374975 ], [ -72.02264655582735, 5.14912756661773 ], [ -72.022619523856818, 5.149127440100339 ], [ -72.022646682012876, 5.14910046374975 ] ] ], [ [ [ -72.02267358779855, 5.149127693133975 ], [ -72.022673461613479, 5.149154796002513 ], [ -72.022646429641142, 5.149154669485597 ], [ -72.02267358779855, 5.149127693133975 ] ] ], [ [ [ -72.022727525560242, 5.149155049032909 ], [ -72.022727399376791, 5.149182151902812 ], [ -72.02267333542774, 5.149181898871076 ], [ -72.022727525560242, 5.149155049032909 ] ] ], [ [ [ -72.022754431352311, 5.149182278416962 ], [ -72.022754305169315, 5.149209381287507 ], [ -72.022727273192658, 5.149209254772688 ], [ -72.022754431352311, 5.149182278416962 ] ] ], [ [ [ -72.02278133714664, 5.149209507801182 ], [ -72.022781210964126, 5.149236610672371 ], [ -72.022754178985664, 5.149236484158028 ], [ -72.02278133714664, 5.149209507801182 ] ] ], [ [ [ -72.02280824294327, 5.149236737185571 ], [ -72.022808116761226, 5.149263840057436 ], [ -72.022781084780931, 5.149263713543567 ], [ -72.02280824294327, 5.149236737185571 ] ] ], [ [ [ -72.022835022560599, 5.149291069442587 ], [ -72.022835148742175, 5.149263966570162 ], [ -72.02286218072382, 5.149264093081742 ], [ -72.022835022560599, 5.149291069442587 ] ] ], [ [ [ -72.022889086526817, 5.149291322465942 ], [ -72.022888960346847, 5.149318425339729 ], [ -72.022861928362275, 5.149318298827955 ], [ -72.022889086526817, 5.149291322465942 ] ] ], [ [ [ -72.022888834166224, 5.149345528213491 ], [ -72.022915992332116, 5.149318551850358 ], [ -72.022915866152616, 5.14934565472479 ], [ -72.022888834166224, 5.149345528213491 ] ] ], [ [ [ -72.022942771960643, 5.149372884110018 ], [ -72.022942898139689, 5.149345781234945 ], [ -72.022969930127431, 5.149345907743955 ], [ -72.022942771960643, 5.149372884110018 ] ] ], [ [ [ -72.022996835939097, 5.149373137128231 ], [ -72.022996709761685, 5.149400240004652 ], [ -72.022969677770988, 5.149400113495449 ], [ -72.022996835939097, 5.149373137128231 ] ] ], [ [ [ -72.023050773745126, 5.149400493019625 ], [ -72.02305064756932, 5.149427595897325 ], [ -72.022996583583577, 5.149427342881013 ], [ -72.023050773745126, 5.149400493019625 ] ] ], [ [ [ -72.023077679563187, 5.149427722403765 ], [ -72.023077553387822, 5.149454825282141 ], [ -72.023050521392832, 5.149454698775032 ], [ -72.023077679563187, 5.149427722403765 ] ] ], [ [ [ -72.023104585383507, 5.149454951788105 ], [ -72.023104459208639, 5.149482054667041 ], [ -72.023077427211817, 5.149481928160408 ], [ -72.023104585383507, 5.149454951788105 ] ] ], [ [ [ -72.023131365031716, 5.149509284052158 ], [ -72.023131491206129, 5.149482181172528 ], [ -72.023158523204273, 5.149482307676873 ], [ -72.023131365031716, 5.149509284052158 ] ] ], [ [ [ -72.023185429031017, 5.149509537061039 ], [ -72.023185302858209, 5.149536639941981 ], [ -72.023158270857081, 5.149536513437443 ], [ -72.023185429031017, 5.149509537061039 ] ] ], [ [ [ -72.023212208687696, 5.149563869326942 ], [ -72.02321233486002, 5.149536766445373 ], [ -72.023239366862484, 5.149536892947621 ], [ -72.023212208687696, 5.149563869326942 ] ] ], [ [ [ -72.023266272695579, 5.149564122331632 ], [ -72.023266146524861, 5.14959122521453 ], [ -72.023239114519441, 5.149591098712088 ], [ -72.023266272695579, 5.149564122331632 ] ] ], [ [ [ -72.023293178530963, 5.149591351715827 ], [ -72.023293052360714, 5.149618454599366 ], [ -72.023266020353475, 5.149618328097399 ], [ -72.023293178530963, 5.149591351715827 ] ] ], [ [ [ -72.02331995819884, 5.149645683984372 ], [ -72.023320084368621, 5.14961858110019 ], [ -72.023347116377224, 5.149618707599867 ], [ -72.02331995819884, 5.149645683984372 ] ] ], [ [ [ -72.023374022218974, 5.149645936983921 ], [ -72.023373896050813, 5.149673039869417 ], [ -72.023346864039283, 5.149672913369544 ], [ -72.023374022218974, 5.149645936983921 ] ] ], [ [ [ -72.02340080189532, 5.149700269254266 ], [ -72.023400928063026, 5.149673166368144 ], [ -72.023427960075907, 5.149673292865725 ], [ -72.02340080189532, 5.149700269254266 ] ] ], [ [ [ -72.023454865924052, 5.149700522249624 ], [ -72.023454739757966, 5.149727625137124 ], [ -72.02342770774213, 5.149727498639348 ], [ -72.023454865924052, 5.149700522249624 ] ] ], [ [ [ -72.023508803791685, 5.149727878129242 ], [ -72.023481645608882, 5.149754854521833 ], [ -72.023481771774499, 5.149727751633756 ], [ -72.023508803791685, 5.149727878129242 ] ] ], [ [ [ -72.023562741665884, 5.149755234006866 ], [ -72.02356261550301, 5.149782336896941 ], [ -72.023508551462058, 5.149782083906726 ], [ -72.023562741665884, 5.149755234006866 ] ] ], [ [ [ -72.023589647524503, 5.149782463390332 ], [ -72.023589521362098, 5.149809566281052 ], [ -72.023562489339469, 5.149809439786992 ], [ -72.023589647524503, 5.149782463390332 ] ] ], [ [ [ -72.023616427223473, 5.149836795665327 ], [ -72.023616553385409, 5.149809692773967 ], [ -72.023643585409403, 5.149809819265736 ], [ -72.023616427223473, 5.149836795665327 ] ] ], [ [ [ -72.023697523300868, 5.149837175139212 ], [ -72.023697397141689, 5.149864278032555 ], [ -72.023643333087151, 5.14986402504977 ], [ -72.023697523300868, 5.149837175139212 ] ] ], [ [ [ -72.023724429169974, 5.14986440452223 ], [ -72.023724303011264, 5.14989150741625 ], [ -72.023697270981842, 5.149891380925905 ], [ -72.023724429169974, 5.14986440452223 ] ] ], [ [ [ -72.023751208883112, 5.149918736800028 ], [ -72.023751335041354, 5.149891633905448 ], [ -72.023778367072111, 5.149891760393503 ], [ -72.023751208883112, 5.149918736800028 ] ] ], [ [ [ -72.023832304980886, 5.149919116262764 ], [ -72.023832178825387, 5.149946219159374 ], [ -72.023778114757235, 5.149945966184022 ], [ -72.023832304980886, 5.149919116262764 ] ] ], [ [ [ -72.023886242896197, 5.149946472130146 ], [ -72.023886116742318, 5.149973575028068 ], [ -72.023832052669221, 5.149973322055957 ], [ -72.023886242896197, 5.149946472130146 ] ] ], [ [ [ -72.023940180818101, 5.149973827995599 ], [ -72.023940054665829, 5.150000930894834 ], [ -72.023885990587772, 5.150000677925965 ], [ -72.023940180818101, 5.149973827995599 ] ] ], [ [ [ -72.023994118746614, 5.150001183859125 ], [ -72.023993992595948, 5.150028286759706 ], [ -72.023939928512888, 5.150028033794076 ], [ -72.023994118746614, 5.150001183859125 ] ] ], [ [ [ -72.024021024638486, 5.150028413240801 ], [ -72.024020898488288, 5.150055516141991 ], [ -72.023993866444627, 5.150055389660227 ], [ -72.024021024638486, 5.150028413240801 ] ] ], [ [ [ -72.024074962577657, 5.150055769102091 ], [ -72.024074836429094, 5.150082872004625 ], [ -72.024047804382917, 5.150082745524479 ], [ -72.024074962577657, 5.150055769102091 ] ] ], [ [ [ -72.024101742327829, 5.150110101386721 ], [ -72.024101868475938, 5.150082998483627 ], [ -72.024128900523436, 5.150083124961482 ], [ -72.024101742327829, 5.150110101386721 ] ] ], [ [ [ -72.024182838475781, 5.150110480818863 ], [ -72.024182712330415, 5.150137583723988 ], [ -72.024128648228839, 5.150137330769033 ], [ -72.024182838475781, 5.150110480818863 ] ] ], [ [ [ -72.024182586184395, 5.150164686629088 ], [ -72.024236776434705, 5.150137836674363 ], [ -72.024236650290973, 5.150164939580802 ], [ -72.024182586184395, 5.150164686629088 ] ] ], [ [ [ -72.024290714400237, 5.150165192527934 ], [ -72.024290588258125, 5.150192295435667 ], [ -72.024236524146545, 5.150192042487195 ], [ -72.024290714400237, 5.150165192527934 ] ] ], [ [ [ -72.024344652372349, 5.150192548379559 ], [ -72.024344526231829, 5.150219651288621 ], [ -72.024290462115317, 5.15021939834339 ], [ -72.024344652372349, 5.150192548379559 ] ] ], [ [ [ -72.024371558291108, 5.15021977775952 ], [ -72.024371432151042, 5.150246880669225 ], [ -72.024344400090627, 5.150246754197657 ], [ -72.024371558291108, 5.15021977775952 ] ] ], [ [ [ -72.024425496273892, 5.150247133608925 ], [ -72.024425370135447, 5.150274236519942 ], [ -72.02439833807253, 5.150274110049994 ], [ -72.024425496273892, 5.150247133608925 ] ] ], [ [ [ -72.02447943426327, 5.1502744894564 ], [ -72.024479308126431, 5.150301592368727 ], [ -72.024452276061041, 5.150301465900402 ], [ -72.02447943426327, 5.1502744894564 ] ] ], [ [ [ -72.024533372259228, 5.150301845301946 ], [ -72.024533246124008, 5.150328948215568 ], [ -72.024506214056132, 5.150328821748864 ], [ -72.024533372259228, 5.150301845301946 ] ] ], [ [ [ -72.024560152057788, 5.150356177595462 ], [ -72.024560278192553, 5.150329074681129 ], [ -72.024587310261779, 5.150329201145545 ], [ -72.024560152057788, 5.150356177595462 ] ] ], [ [ [ -72.024641248270896, 5.150356556987282 ], [ -72.024641122138902, 5.150383659903529 ], [ -72.024587057993884, 5.150383406975457 ], [ -72.024641248270896, 5.150356556987282 ] ] ], [ [ [ -72.024695186286621, 5.150383912827023 ], [ -72.024695060156233, 5.150411015744597 ], [ -72.024640996006227, 5.150410762819766 ], [ -72.024695186286621, 5.150383912827023 ] ] ], [ [ [ -72.024749124308926, 5.15041126866485 ], [ -72.024748998180144, 5.150438371583736 ], [ -72.024694934025163, 5.150438118662146 ], [ -72.024749124308926, 5.15041126866485 ] ] ], [ [ [ -72.02480306233781, 5.150438624500746 ], [ -72.024802936210634, 5.150465727420945 ], [ -72.024748872050694, 5.150465474502598 ], [ -72.02480306233781, 5.150438624500746 ] ] ], [ [ [ -72.024857000373288, 5.150465980334713 ], [ -72.024856874247732, 5.150493083256223 ], [ -72.024802810082804, 5.150492830341117 ], [ -72.024857000373288, 5.150465980334713 ] ] ], [ [ [ -72.024883906331212, 5.15049320971206 ], [ -72.024883780206125, 5.150520312634197 ], [ -72.024856748121493, 5.150520186177692 ], [ -72.024883906331212, 5.15049320971206 ] ] ], [ [ [ -72.024937844377362, 5.150520565543771 ], [ -72.024937718253895, 5.150547668467236 ], [ -72.024883654080369, 5.150547415556324 ], [ -72.024937844377362, 5.150520565543771 ] ] ], [ [ [ -72.024937592129731, 5.150574771390676 ], [ -72.024991782430092, 5.150547921373568 ], [ -72.024991656308231, 5.150575024298345 ], [ -72.024937592129731, 5.150574771390676 ] ] ], [ [ [ -72.02501868839849, 5.150575150750464 ], [ -72.025018562277083, 5.150602253675883 ], [ -72.024991530185687, 5.150602127223096 ], [ -72.02501868839849, 5.150575150750464 ] ] ], [ [ [ -72.02507262646192, 5.150602506578021 ], [ -72.025072500342148, 5.150629609504753 ], [ -72.025018436155023, 5.150629356601276 ], [ -72.02507262646192, 5.150602506578021 ] ] ], [ [ [ -72.025126564531931, 5.150629862403649 ], [ -72.025153344393104, 5.150684194708812 ], [ -72.025099280197395, 5.150683941809529 ], [ -72.025126564531931, 5.150629862403649 ] ] ], [ [ [ -72.025207408591498, 5.150684447603515 ], [ -72.025234188461141, 5.150738779910436 ], [ -72.025180124256821, 5.150738527015349 ], [ -72.025207408591498, 5.150684447603515 ] ] ], [ [ [ -72.025261220564303, 5.150738906356263 ], [ -72.025261094449135, 5.150766009287546 ], [ -72.02523406234485, 5.150765882841052 ], [ -72.025261220564303, 5.150738906356263 ] ] ], [ [ [ -72.025315158659765, 5.150766262177103 ], [ -72.025341938540606, 5.150820594486664 ], [ -72.025287874324079, 5.150820341596722 ], [ -72.025315158659765, 5.150766262177103 ] ] ], [ [ [ -72.025476594657562, 5.150929638437524 ], [ -72.025422530425161, 5.150929385553683 ], [ -72.025341938540606, 5.150820594486664 ], [ -72.025396002759862, 5.150820847372025 ], [ -72.025476594657562, 5.150929638437524 ] ] ], [ [ [ -72.025503626774793, 5.150929764877729 ], [ -72.025503500665209, 5.150956867814829 ], [ -72.025476468546827, 5.150956741373956 ], [ -72.025503626774793, 5.150929764877729 ] ] ], [ [ [ -72.012108289067996, 5.084138839429484 ], [ -72.012298242058492, 5.083977100969697 ], [ -72.012487319935545, 5.084005081092953 ], [ -72.012567906881841, 5.084113867819942 ], [ -72.013135765852795, 5.084062294471132 ], [ -72.014408503347553, 5.083553231670725 ], [ -72.014732851582622, 5.083554734654685 ], [ -72.015056575467483, 5.083691751150448 ], [ -72.015570501905344, 5.083612822105539 ], [ -72.016137612655214, 5.083723862275403 ], [ -72.017490314641719, 5.083459092267709 ], [ -72.017734325089236, 5.083297601528252 ], [ -72.017897622461888, 5.083054426914714 ], [ -72.01806316496247, 5.082323401599349 ], [ -72.018093935631782, 5.081510442321325 ], [ -72.017799609586817, 5.08085859937448 ], [ -72.017805345376672, 5.079611870304277 ], [ -72.017430805455319, 5.078769933243102 ], [ -72.017512390794394, 5.078661897072295 ], [ -72.018270446233259, 5.078394368588707 ], [ -72.018704154705773, 5.078125339617003 ], [ -72.018867075647691, 5.077963472245307 ], [ -72.018895474984276, 5.077665465991251 ], [ -72.018652713443331, 5.077555930322744 ], [ -72.017868502606504, 5.077633615295962 ], [ -72.01721719246855, 5.078199774467665 ], [ -72.016108011979355, 5.078411470384476 ], [ -72.015349957111695, 5.0786789957841 ], [ -72.014890342226778, 5.078703971719564 ], [ -72.014402825095573, 5.078918541228224 ], [ -72.01329327059446, 5.079211539109715 ], [ -72.011883900925255, 5.080045209862449 ], [ -72.011666296082623, 5.080342336815446 ], [ -72.011608489582912, 5.081155165780693 ], [ -72.011334826344694, 5.081885683979933 ], [ -72.011328075247889, 5.083349226711713 ], [ -72.01178569180054, 5.08375789780632 ], [ -72.012081135058452, 5.084165816723192 ], [ -72.011864528100901, 5.084246121707908 ], [ -72.011135121052575, 5.084161428148969 ], [ -72.01086595716292, 5.083916250342772 ], [ -72.01067913097306, 5.083400422529881 ], [ -72.009951727195102, 5.082882086542258 ], [ -72.009790929907908, 5.082583205315158 ], [ -72.009521767163847, 5.082338027622849 ], [ -72.009039376324935, 5.08144138433101 ], [ -72.009041752856049, 5.08092643517033 ], [ -72.008934638377085, 5.080709112817829 ], [ -72.008477025842566, 5.080300441992891 ], [ -72.008072095315953, 5.080190150249771 ], [ -72.007614734070245, 5.079727274237038 ], [ -72.007185277890386, 5.079074805932259 ], [ -72.006489414634203, 5.077580904963658 ], [ -72.006193351471097, 5.077308499856241 ], [ -72.006005778017851, 5.076955289009137 ], [ -72.005739496027402, 5.076086754211477 ], [ -72.005390252440279, 5.075624380947138 ], [ -72.005124221092316, 5.07470164168426 ], [ -72.004693517870265, 5.074320199930762 ], [ -72.00391194698129, 5.073828717458968 ], [ -72.003535426994532, 5.073420424120509 ], [ -72.003103974968511, 5.073201597026038 ], [ -72.002727080488654, 5.072874611036561 ], [ -72.002646871624194, 5.07268451754028 ], [ -72.002704556789666, 5.071898797826116 ], [ -72.0026242227718, 5.071735806832953 ], [ -72.002328914212768, 5.0713007878755 ], [ -72.001816754897689, 5.071000277367506 ], [ -72.001305972754906, 5.070401640291782 ], [ -72.000848121388373, 5.070047175865912 ], [ -72.000310938508022, 5.069312901585505 ], [ -72.000070439255296, 5.068715519858014 ], [ -71.999558533698348, 5.068360804641037 ], [ -71.999128213455435, 5.067898056481616 ], [ -71.998807883051398, 5.06702927528756 ], [ -71.998703150399763, 5.066297010043583 ], [ -71.998109162430637, 5.066158737408756 ], [ -71.997463247382001, 5.065559474016089 ], [ -71.997139414033569, 5.065449558466843 ], [ -71.997112886947576, 5.065341023721434 ], [ -71.998112041027369, 5.065535383869777 ], [ -71.998354666103282, 5.065672024935091 ], [ -71.998625069995029, 5.065646177404316 ], [ -71.999083543117322, 5.065865129128789 ], [ -71.99910994543221, 5.066000766352488 ], [ -71.998918247448188, 5.066541935034991 ], [ -71.998916620571023, 5.066894265548587 ], [ -71.999236450558939, 5.06787145615557 ], [ -71.999666770915169, 5.06833420427845 ], [ -72.000151773667909, 5.06866169157056 ], [ -72.000391897581608, 5.069340380446651 ], [ -72.000794690892036, 5.069911412926128 ], [ -72.001252417019387, 5.070292979719651 ], [ -72.001790102107449, 5.070918844647442 ], [ -72.002356192646914, 5.071246708476052 ], [ -72.002571292333357, 5.071491634006602 ], [ -72.002758863494918, 5.07184484386348 ], [ -72.002701303568742, 5.072603461188761 ], [ -72.002861971635113, 5.072929443311746 ], [ -72.003616637083283, 5.073393698040522 ], [ -72.003885419080831, 5.073720182141881 ], [ -72.00517840300779, 5.074674790038243 ], [ -72.005339072584732, 5.075000772565862 ], [ -72.005444809731827, 5.075516221810684 ], [ -72.005900666270875, 5.076304326907474 ], [ -72.006059960183791, 5.07692843738028 ], [ -72.006220630226565, 5.077254420260679 ], [ -72.006543596871538, 5.077554053313613 ], [ -72.007212681851755, 5.0789936237485 ], [ -72.007964856138358, 5.079999930557049 ], [ -72.008558487277995, 5.080219510531229 ], [ -72.008962667694178, 5.080492417544642 ], [ -72.009177396998325, 5.080818651870647 ], [ -72.009174270141401, 5.081496216640442 ], [ -72.009549171268617, 5.082256845255256 ], [ -72.009818334014014, 5.082502022922897 ], [ -72.010006035113818, 5.082828132171436 ], [ -72.01051858338576, 5.083047335969785 ], [ -72.010787746889747, 5.083292513636692 ], [ -72.01105791102411, 5.083320870223952 ], [ -72.011194055973078, 5.083104676046655 ], [ -72.011253864743239, 5.081858205303186 ], [ -72.011555056757558, 5.081019401900647 ], [ -72.011558305787148, 5.080314732989972 ], [ -72.011857371852443, 5.079936673953124 ], [ -72.012317735951314, 5.079749084748367 ], [ -72.012697513066271, 5.079452708655283 ], [ -72.013239337837916, 5.07918418602308 ], [ -72.014457132336801, 5.078864586061615 ], [ -72.01489059177527, 5.078649766249757 ], [ -72.015350206620553, 5.078624790291441 ], [ -72.017082422176657, 5.078117841052859 ], [ -72.017597964822542, 5.077686571194177 ], [ -72.017815815748278, 5.07733523447006 ], [ -72.018842413875888, 5.077448393472012 ], [ -72.019031117699384, 5.07755767923763 ], [ -72.019056776240532, 5.077855935381876 ], [ -72.018893356992152, 5.078126214184813 ], [ -72.017673940841348, 5.078798161103403 ], [ -72.017672569529623, 5.079096291944633 ], [ -72.017886432185861, 5.079612245348178 ], [ -72.017853792266493, 5.080831746659936 ], [ -72.018094933293156, 5.081293619824176 ], [ -72.018174399156322, 5.081646331538646 ], [ -72.01800561403924, 5.083082030101972 ], [ -72.017787759420401, 5.083433365760027 ], [ -72.017516595022556, 5.083621834167224 ], [ -72.016732626721478, 5.083645307790075 ], [ -72.016164267181097, 5.083805295748856 ], [ -72.015678118639698, 5.083721733930496 ], [ -72.014974988774895, 5.083799786381431 ], [ -72.014380849744171, 5.083688620005337 ], [ -72.013432585072962, 5.084172083713688 ], [ -72.013268911201479, 5.084496564102953 ], [ -72.013267161334568, 5.084876001757085 ], [ -72.013669597372925, 5.085528346446692 ], [ -72.013801617846639, 5.086206540654433 ], [ -72.013962292489353, 5.086532525175818 ], [ -72.014231333818586, 5.086804805711568 ], [ -72.01458158786501, 5.087050359555004 ], [ -72.015579918058933, 5.087434434571433 ], [ -72.017065026587005, 5.087766557830011 ], [ -72.017711730772547, 5.088203208199445 ], [ -72.018306375343101, 5.088205963010197 ], [ -72.018874739964957, 5.088045975136572 ], [ -72.01936326472817, 5.087614582754402 ], [ -72.019986685860516, 5.087238020889161 ], [ -72.020826465695777, 5.08683535569071 ], [ -72.021611313540006, 5.086622158996412 ], [ -72.021693149611835, 5.086459916695298 ], [ -72.022072557422803, 5.086244843630575 ], [ -72.022235605900562, 5.08605587323553 ], [ -72.022345218848827, 5.085731138216517 ], [ -72.022346963696705, 5.085351697419655 ], [ -72.022566064055439, 5.084729329960021 ], [ -72.022783544111803, 5.08445930020576 ], [ -72.022973122685897, 5.084378865872605 ], [ -72.023405217280256, 5.084462173218475 ], [ -72.02364711068941, 5.084761429695907 ], [ -72.023833077226527, 5.085466980686077 ], [ -72.024128656035614, 5.085847796011505 ], [ -72.024314124497536, 5.086661759180531 ], [ -72.024772378611843, 5.086934912326246 ], [ -72.025609792607156, 5.08704719577625 ], [ -72.026718747042551, 5.086889696428983 ], [ -72.026989664012362, 5.08675542944372 ], [ -72.027611466212164, 5.086731196649321 ], [ -72.028259800545086, 5.086815500216136 ], [ -72.028988602017961, 5.087035692797118 ], [ -72.029772831481154, 5.086958000185933 ], [ -72.031044836351015, 5.086611518919845 ], [ -72.031639610970188, 5.086587157425552 ], [ -72.032287575322044, 5.086752766628684 ], [ -72.032693267711352, 5.086700428926108 ], [ -72.033155255016155, 5.086160482771646 ], [ -72.033647250738099, 5.0849701836799 ], [ -72.033785377654965, 5.084320329341953 ], [ -72.034848585706428, 5.082346647086506 ], [ -72.035174923582247, 5.081914487692312 ], [ -72.036097892242822, 5.081051410537557 ], [ -72.036612814986455, 5.08075563577883 ], [ -72.037155510184405, 5.080297364852315 ], [ -72.037994661638891, 5.08003018215828 ], [ -72.038537603243867, 5.079517702492947 ], [ -72.038780001657713, 5.079708543033182 ], [ -72.039537693077435, 5.079522295110192 ], [ -72.040269468617453, 5.079091991714151 ], [ -72.0412171082356, 5.078743989207755 ], [ -72.041488392330564, 5.078528402157801 ], [ -72.043221740220574, 5.077777439524831 ], [ -72.04354597053387, 5.077806029773074 ], [ -72.04384267728328, 5.07794290979675 ], [ -72.04419109595986, 5.078595003231481 ], [ -72.044731810477387, 5.078570377262266 ], [ -72.045030123707079, 5.078354911851511 ], [ -72.045167123938356, 5.077948978814925 ], [ -72.045090851134546, 5.076891571521386 ], [ -72.045388545977289, 5.07681162286419 ], [ -72.045333499303382, 5.077028203183901 ], [ -72.045384224644025, 5.077760244995233 ], [ -72.045165271482816, 5.07835553106474 ], [ -72.045217848552241, 5.078681020553773 ], [ -72.044999635645837, 5.079113685411491 ], [ -72.044621468615745, 5.079057744249753 ], [ -72.044458920542326, 5.079138311346814 ], [ -72.044162213096527, 5.079001431216302 ], [ -72.044109142454062, 5.078784355765352 ], [ -72.043920182756608, 5.078729281571935 ], [ -72.043812682424573, 5.07859326871066 ], [ -72.043733200150811, 5.078240552176792 ], [ -72.043598670389528, 5.078104415453891 ], [ -72.043058451112643, 5.078020626947162 ], [ -72.042408136544537, 5.078369996945868 ], [ -72.04181262241805, 5.078556993453043 ], [ -72.041162059833809, 5.078960568250337 ], [ -72.040214419848397, 5.079308570471424 ], [ -72.039563732407657, 5.079739245967628 ], [ -72.039237893283058, 5.080062996621352 ], [ -72.038289385055364, 5.080600717638626 ], [ -72.037938001851089, 5.080599103171056 ], [ -72.037722385420167, 5.080462593067065 ], [ -72.037262884664344, 5.080460481455293 ], [ -72.036178732697209, 5.081105989907543 ], [ -72.035201581023145, 5.081995921741163 ], [ -72.034875243084585, 5.082428081134349 ], [ -72.033839188463958, 5.084374784662029 ], [ -72.033755741361361, 5.084889372015361 ], [ -72.033290775525671, 5.086079795871586 ], [ -72.032882474915695, 5.086701300859469 ], [ -72.032665616960699, 5.086835820200704 ], [ -72.032044060521372, 5.086805851631155 ], [ -72.031693297303406, 5.086668716070834 ], [ -72.031071617317224, 5.086665849810026 ], [ -72.029420825692881, 5.087091894499174 ], [ -72.028799146588369, 5.087089025808204 ], [ -72.028259427294032, 5.08689680939399 ], [ -72.027502850532457, 5.086839109683849 ], [ -72.026555947847228, 5.087024462567547 ], [ -72.025934145913482, 5.087048694152278 ], [ -72.025636323914526, 5.087155732624013 ], [ -72.024609703855319, 5.087042574758519 ], [ -72.024150951475207, 5.086877833323889 ], [ -72.023989771864706, 5.086660260102793 ], [ -72.02401879459579, 5.086226737756927 ], [ -72.023858611704654, 5.085792341010331 ], [ -72.023696809403205, 5.085710282662959 ], [ -72.023618835766669, 5.085032334258917 ], [ -72.023188111086895, 5.084650894527792 ], [ -72.02294497219286, 5.084622667323407 ], [ -72.022700836601075, 5.08481126342801 ], [ -72.022537165654995, 5.085135748807041 ], [ -72.022478620469712, 5.08611120392175 ], [ -72.022315572003691, 5.086300174411619 ], [ -72.021882354847008, 5.086460791816999 ], [ -72.02155663143148, 5.086757423404389 ], [ -72.020880274867821, 5.086889811575477 ], [ -72.020121832405138, 5.087238646435003 ], [ -72.019417073732058, 5.087669038726347 ], [ -72.018928424080173, 5.088127533972912 ], [ -72.017981649075097, 5.088285768864867 ], [ -72.017684451695089, 5.088257288560285 ], [ -72.016956784651683, 5.08779315960945 ], [ -72.015552638925897, 5.087488514757143 ], [ -72.014419412883157, 5.087049607529996 ], [ -72.013881080095402, 5.086559251831902 ], [ -72.01353420198177, 5.085581925148714 ], [ -72.013265411335382, 5.085255439406107 ], [ -72.013024399996212, 5.084766462955481 ], [ -72.01253887769451, 5.08454738522156 ], [ -72.012108289067996, 5.084138839429484 ] ], [ [ -72.011433189964634, 5.084000191697481 ], [ -72.01154168094601, 5.083919385311218 ], [ -72.011542306156144, 5.08378387207433 ], [ -72.011299795887041, 5.083620127748399 ], [ -72.011110593314513, 5.08361925000897 ], [ -72.011028380961264, 5.083862797530418 ], [ -72.011189929347992, 5.083999063131378 ], [ -72.011433189964634, 5.084000191697481 ] ] ], [ [ [ -72.02039035217696, 5.099355125958665 ], [ -72.020903168732971, 5.099520125405622 ], [ -72.021063847393052, 5.099846112078726 ], [ -72.020295377156586, 5.102363166191042 ], [ -72.020425896746801, 5.10336659905109 ], [ -72.020207529001695, 5.103826343483552 ], [ -72.019854135905064, 5.104258357153016 ], [ -72.019394250089434, 5.104337531369855 ], [ -72.019097420971335, 5.104227738910769 ], [ -72.018855152930897, 5.104009786274511 ], [ -72.017888587431017, 5.102595919978924 ], [ -72.017648699871771, 5.101863014584029 ], [ -72.017300192219324, 5.101238018254201 ], [ -72.017196330518232, 5.10031602167049 ], [ -72.018035881405737, 5.099967576843595 ], [ -72.018578479597679, 5.099536441801255 ], [ -72.019903940540146, 5.099325765873643 ], [ -72.02039035217696, 5.099355125958665 ] ], [ [ -72.017331103827402, 5.100397957738627 ], [ -72.017276042539862, 5.100614528850247 ], [ -72.017381532151973, 5.10118418939843 ], [ -72.017703135277671, 5.101781957363827 ], [ -72.017889338853934, 5.10243330324284 ], [ -72.019016957140678, 5.104091848127775 ], [ -72.019367595739809, 5.104256097339449 ], [ -72.019827481483617, 5.104176923109519 ], [ -72.020262465187969, 5.103636874570149 ], [ -72.020372462525486, 5.103230833819429 ], [ -72.020266470130622, 5.102769583444736 ], [ -72.020268722607796, 5.102281732174998 ], [ -72.020954477495764, 5.10011663924096 ], [ -72.020955727956334, 5.099845610566028 ], [ -72.020848483844375, 5.099655388979974 ], [ -72.020308762473775, 5.099463161184776 ], [ -72.019497742906765, 5.099486501558468 ], [ -72.019253974247093, 5.099593783918879 ], [ -72.018767312733502, 5.099618628524061 ], [ -72.017331103827402, 5.100397957738627 ] ] ], [ [ [ -72.017505424237498, 5.138587389480275 ], [ -72.017505550380605, 5.13856028673086 ], [ -72.01753258177888, 5.138560413206019 ], [ -72.017505424237498, 5.138587389480275 ] ] ], [ [ [ -72.017559487037005, 5.138587642430791 ], [ -72.017559360895504, 5.138614745181539 ], [ -72.017532329494273, 5.138614618706182 ], [ -72.017559487037005, 5.138587642430791 ] ] ], [ [ [ -72.017586392297403, 5.138614871655756 ], [ -72.017586140014672, 5.138669077158513 ], [ -72.017559108610484, 5.138668950682957 ], [ -72.017586392297403, 5.138614871655756 ] ] ], [ [ [ -72.017613171419526, 5.138669203632928 ], [ -72.017613045278296, 5.138696306384938 ], [ -72.017586013872275, 5.138696179909852 ], [ -72.017613171419526, 5.138669203632928 ] ] ], [ [ [ -72.017612792993788, 5.138750511888914 ], [ -72.01764007668497, 5.138696432858881 ], [ -72.017639824402735, 5.138750638364199 ], [ -72.017612792993788, 5.138750511888914 ] ] ], [ [ [ -72.017666855812365, 5.13875076483834 ], [ -72.017666729671376, 5.138777867591647 ], [ -72.017639698260609, 5.138777741116835 ], [ -72.017666855812365, 5.13875076483834 ] ] ], [ [ [ -72.017693761082796, 5.138777994065316 ], [ -72.017693508801088, 5.138832199573075 ], [ -72.017666477387365, 5.138832073098065 ], [ -72.017693761082796, 5.138777994065316 ] ] ], [ [ [ -72.017720540215478, 5.138832326046945 ], [ -72.017720414074745, 5.138859428801481 ], [ -72.017693382659218, 5.138859302326941 ], [ -72.017720540215478, 5.138832326046945 ] ] ], [ [ [ -72.01772016179126, 5.138913634310459 ], [ -72.017720287933344, 5.13888653155599 ], [ -72.017747319350676, 5.138886658030057 ], [ -72.01772016179126, 5.138913634310459 ] ] ], [ [ [ -72.017774224628909, 5.138913887258792 ], [ -72.017773972347285, 5.138968092770362 ], [ -72.017746940925832, 5.138967966295426 ], [ -72.017774224628909, 5.138913887258792 ] ] ], [ [ [ -72.017801003769392, 5.138968219244156 ], [ -72.017800877628716, 5.138995322000574 ], [ -72.017773846205458, 5.13899519552611 ], [ -72.017801003769392, 5.138968219244156 ] ] ], [ [ [ -72.017800625345316, 5.139049527513365 ], [ -72.017800751487357, 5.139022424756964 ], [ -72.017827782912406, 5.139022551230958 ], [ -72.017800625345316, 5.139049527513365 ] ] ], [ [ [ -72.017854688198383, 5.13904978046155 ], [ -72.01785443591686, 5.139103985976866 ], [ -72.01782740448769, 5.139103859502004 ], [ -72.017854688198383, 5.13904978046155 ] ] ], [ [ [ -72.017881467346669, 5.139104112450585 ], [ -72.017881215064705, 5.139158317967156 ], [ -72.017854183632636, 5.139158191492096 ], [ -72.017881467346669, 5.139104112450585 ] ] ], [ [ [ -72.017908246497541, 5.139158444441075 ], [ -72.017907994215165, 5.139212649958865 ], [ -72.017880962780055, 5.139212523483605 ], [ -72.017908246497541, 5.139158444441075 ] ] ], [ [ [ -72.0179350256509, 5.139212776432981 ], [ -72.017934773368097, 5.139266981952026 ], [ -72.017907741930102, 5.139266855476567 ], [ -72.0179350256509, 5.139212776432981 ] ] ], [ [ [ -72.017961804806802, 5.139267108426341 ], [ -72.017961678665529, 5.139294211186494 ], [ -72.017934647225701, 5.139294084711509 ], [ -72.017961804806802, 5.139267108426341 ] ] ], [ [ [ -72.017988583965234, 5.139321440421135 ], [ -72.017988457823762, 5.13934854318189 ], [ -72.017961426380978, 5.139348416706705 ], [ -72.017988583965234, 5.139321440421135 ] ] ], [ [ [ -72.01798807939528, 5.139429851464081 ], [ -72.017988331681607, 5.139375645942685 ], [ -72.018015363126196, 5.139375772417398 ], [ -72.01798807939528, 5.139429851464081 ] ] ], [ [ [ -72.018014858555418, 5.139484183462783 ], [ -72.018042142289701, 5.139430104415045 ], [ -72.018041890005236, 5.139484309939036 ], [ -72.018014858555418, 5.139484183462783 ] ] ], [ [ [ -72.01806892145575, 5.139484436414144 ], [ -72.018068543027425, 5.139565744701929 ], [ -72.0180415115735, 5.139565618224808 ], [ -72.01806892145575, 5.139484436414144 ] ] ], [ [ [ -72.018095574482018, 5.139565871177907 ], [ -72.018095196051036, 5.139647179467485 ], [ -72.018068164593032, 5.139647052989495 ], [ -72.018095574482018, 5.139565871177907 ] ] ], [ [ [ -72.018122227509735, 5.13964730594433 ], [ -72.01812184907611, 5.139728614235754 ], [ -72.018094817614013, 5.139728487756894 ], [ -72.018122227509735, 5.13964730594433 ] ] ], [ [ [ -72.018148880538888, 5.139728740713468 ], [ -72.018148502102605, 5.139810049006548 ], [ -72.018121470636416, 5.139809922526823 ], [ -72.018148880538888, 5.139728740713468 ] ] ], [ [ [ -72.018175407423854, 5.139837278250112 ], [ -72.018175028982895, 5.139918586544941 ], [ -72.018147997511491, 5.139918460063676 ], [ -72.018175407423854, 5.139837278250112 ] ] ], [ [ [ -72.018201934307811, 5.139945815790625 ], [ -72.01820142971232, 5.140054226852627 ], [ -72.018174398234535, 5.140054100369151 ], [ -72.018201934307811, 5.139945815790625 ] ] ], [ [ [ -72.018228208891287, 5.140108558867135 ], [ -72.018227704284172, 5.14021696993116 ], [ -72.018200672798855, 5.140216843444805 ], [ -72.018228208891287, 5.140108558867135 ] ] ], [ [ [ -72.018254609617841, 5.140244199182988 ], [ -72.018254105001802, 5.140352610249256 ], [ -72.018227073510118, 5.140352483760691 ], [ -72.018254609617841, 5.140244199182988 ] ] ], [ [ [ -72.018280884184378, 5.140406942270912 ], [ -72.018280379556728, 5.140515353339151 ], [ -72.018253348057527, 5.140515226847708 ], [ -72.018280884184378, 5.140406942270912 ] ] ], [ [ [ -72.018307158740981, 5.140569685364766 ], [ -72.018306780262549, 5.140650993667556 ], [ -72.018279748756981, 5.140650867173902 ], [ -72.018307158740981, 5.140569685364766 ] ] ], [ [ [ -72.01833355944872, 5.140705325696459 ], [ -72.018333180963594, 5.140786634000886 ], [ -72.018306149451661, 5.140786507505024 ], [ -72.01833355944872, 5.140705325696459 ] ] ], [ [ [ -72.018360086314274, 5.140813863264305 ], [ -72.018359455494561, 5.140949377107694 ], [ -72.018332423975124, 5.140949250608953 ], [ -72.018360086314274, 5.140813863264305 ] ] ], [ [ [ -72.018358193804602, 5.1412204047924 ], [ -72.018359329328604, 5.140976479876321 ], [ -72.018386360849874, 5.14097660637459 ], [ -72.018358193804602, 5.1412204047924 ] ] ], [ [ [ -72.018516092986275, 5.142142658046507 ], [ -72.018808518968015, 5.143201058061726 ], [ -72.01875180527523, 5.143769963291383 ], [ -72.018423512016994, 5.144608630392726 ], [ -72.018370079935892, 5.144472863390879 ], [ -72.018670962775644, 5.143715378086068 ], [ -72.018727297887565, 5.143227781229273 ], [ -72.018462156030054, 5.142115302232454 ], [ -72.018385225336132, 5.141220531296702 ], [ -72.018516092986275, 5.142142658046507 ] ] ], [ [ [ -72.0192524048568, 5.146563954644921 ], [ -72.018767979728452, 5.146100928534286 ], [ -72.018768358551753, 5.146019620211058 ], [ -72.02014117174808, 5.147272804759197 ], [ -72.0192524048568, 5.146563954644921 ] ] ], [ [ [ -72.020168203579061, 5.147272931336329 ], [ -72.020168077333651, 5.147300034144415 ], [ -72.020141045501518, 5.147299907566612 ], [ -72.020168203579061, 5.147272931336329 ] ] ], [ [ [ -72.020195109166423, 5.147300160721074 ], [ -72.020194982921481, 5.147327263529803 ], [ -72.020167951087544, 5.147327136952475 ], [ -72.020195109166423, 5.147300160721074 ] ] ], [ [ [ -72.020222014756101, 5.147327390105988 ], [ -72.020221888511614, 5.14735449291536 ], [ -72.020194856675857, 5.147354366338506 ], [ -72.020222014756101, 5.147327390105988 ] ] ], [ [ [ -72.020275825942264, 5.147381848876305 ], [ -72.020275573454498, 5.147436054497602 ], [ -72.020221636020636, 5.147408698534011 ], [ -72.020275825942264, 5.147381848876305 ] ] ], [ [ [ -72.020302605295683, 5.147436181073033 ], [ -72.020302479051921, 5.147463283884311 ], [ -72.020275447209599, 5.147463157308208 ], [ -72.020302605295683, 5.147436181073033 ] ] ], [ [ [ -72.020329510894939, 5.147463410459268 ], [ -72.02032938465166, 5.147490513271173 ], [ -72.020302352807505, 5.147490386695547 ], [ -72.020329510894939, 5.147463410459268 ] ] ], [ [ [ -72.020356416496469, 5.147490639845657 ], [ -72.020356290253645, 5.147517742658273 ], [ -72.020329258407685, 5.147517616083121 ], [ -72.020356416496469, 5.147490639845657 ] ] ], [ [ [ -72.020383322100301, 5.147517869232281 ], [ -72.02038319585796, 5.147544972045476 ], [ -72.020356164010153, 5.147544845470795 ], [ -72.020383322100301, 5.147517869232281 ] ] ], [ [ [ -72.020382943371231, 5.147599177671816 ], [ -72.020383069614923, 5.147572074858658 ], [ -72.02041010146452, 5.147572201432862 ], [ -72.020382943371231, 5.147599177671816 ] ] ], [ [ [ -72.020437007073369, 5.14759943082042 ], [ -72.020436880831284, 5.147626533634892 ], [ -72.02040984897873, 5.147626407060492 ], [ -72.020437007073369, 5.14759943082042 ] ] ], [ [ [ -72.020463912684505, 5.147626660208147 ], [ -72.020463786442875, 5.147653763023263 ], [ -72.020436754588516, 5.147653636449338 ], [ -72.020463912684505, 5.147626660208147 ] ] ], [ [ [ -72.020490818297915, 5.147653889596045 ], [ -72.020490692056754, 5.147680992411786 ], [ -72.020463660200576, 5.147680865838334 ], [ -72.020490818297915, 5.147653889596045 ] ] ], [ [ [ -72.020517723913599, 5.147681118984092 ], [ -72.020517597672921, 5.147708221800495 ], [ -72.020490565814924, 5.147708095227518 ], [ -72.020517723913599, 5.147681118984092 ] ] ], [ [ [ -72.020544629531599, 5.147708348372327 ], [ -72.020544503291376, 5.147735451189375 ], [ -72.02051747143156, 5.147735324616871 ], [ -72.020544629531599, 5.147708348372327 ] ] ], [ [ [ -72.020544377050498, 5.147762554006395 ], [ -72.020571535151859, 5.147735577760733 ], [ -72.020571408912119, 5.147762680578421 ], [ -72.020544377050498, 5.147762554006395 ] ] ], [ [ [ -72.020598440774407, 5.147762807149306 ], [ -72.020598314535121, 5.147789909967639 ], [ -72.020571282671682, 5.147789783396087 ], [ -72.020598440774407, 5.147762807149306 ] ] ], [ [ [ -72.020625346399243, 5.147790036538049 ], [ -72.020625220160412, 5.147817139357061 ], [ -72.020598188295168, 5.147817012785981 ], [ -72.020625346399243, 5.147790036538049 ] ] ], [ [ [ -72.02065212578799, 5.147844368746616 ], [ -72.020652252026352, 5.147817265926996 ], [ -72.02067928389296, 5.147817392495786 ], [ -72.02065212578799, 5.147844368746616 ] ] ], [ [ [ -72.020706189524162, 5.147844621884393 ], [ -72.02070606328742, 5.147871724705362 ], [ -72.02067903141787, 5.147871598136377 ], [ -72.020706189524162, 5.147844621884393 ] ] ], [ [ [ -72.020733095157652, 5.147871851273203 ], [ -72.020732968921379, 5.14789895409473 ], [ -72.02070593705001, 5.14789882752622 ], [ -72.020733095157652, 5.147871851273203 ] ] ], [ [ [ -72.020760000793416, 5.147899080662098 ], [ -72.020759874557612, 5.147926183484321 ], [ -72.020732842684424, 5.147926056916282 ], [ -72.020760000793416, 5.147899080662098 ] ] ], [ [ [ -72.020786906431468, 5.147926310051214 ], [ -72.020786780196133, 5.147953412874081 ], [ -72.020759748321126, 5.147953286306518 ], [ -72.020786906431468, 5.147926310051214 ] ] ], [ [ [ -72.020813685836927, 5.147980642264008 ], [ -72.020813812071808, 5.147953539440499 ], [ -72.020840843948179, 5.147953666005773 ], [ -72.020813685836927, 5.147980642264008 ] ] ], [ [ [ -72.020867749592611, 5.147980895394753 ], [ -72.020867623359351, 5.148007998219559 ], [ -72.020840591480038, 5.148007871654089 ], [ -72.020867749592611, 5.147980895394753 ] ] ], [ [ [ -72.020894655239317, 5.148008124783884 ], [ -72.020894529006526, 5.14803522760935 ], [ -72.020867497125408, 5.148035101044355 ], [ -72.020894655239317, 5.148008124783884 ] ] ], [ [ [ -72.020921434655989, 5.148062456999311 ], [ -72.020921560888311, 5.1480353541732 ], [ -72.020948592770779, 5.148035480735906 ], [ -72.020921434655989, 5.148062456999311 ] ] ], [ [ [ -72.020975498423866, 5.14806271012492 ], [ -72.020975372193163, 5.148089812952343 ], [ -72.02094834030774, 5.148089686389442 ], [ -72.020975498423866, 5.14806271012492 ] ] ], [ [ [ -72.021002404079269, 5.148089939514101 ], [ -72.021002277849021, 5.148117042342151 ], [ -72.020975245961765, 5.148116915779724 ], [ -72.021002404079269, 5.148089939514101 ] ] ], [ [ [ -72.021029183507153, 5.148144271732195 ], [ -72.021029309736946, 5.148117168903434 ], [ -72.02105634162551, 5.148117295463572 ], [ -72.021029183507153, 5.148144271732195 ] ] ], [ [ [ -72.021056089167558, 5.148171501122342 ], [ -72.021110279178345, 5.148144651411185 ], [ -72.021110152951323, 5.148171754241864 ], [ -72.021056089167558, 5.148171501122342 ] ] ], [ [ [ -72.021137184844193, 5.148171880799908 ], [ -72.02113705861764, 5.148198983631247 ], [ -72.021110026723619, 5.148198857072533 ], [ -72.021137184844193, 5.148171880799908 ] ] ], [ [ [ -72.021163964286259, 5.148226213020799 ], [ -72.021164090512343, 5.148199110188817 ], [ -72.021191122407728, 5.148199236745243 ], [ -72.021163964286259, 5.148226213020799 ] ] ], [ [ [ -72.021245059977815, 5.148226592688651 ], [ -72.021244933754474, 5.148253695522617 ], [ -72.021190869957138, 5.148253442410519 ], [ -72.021245059977815, 5.148226592688651 ] ] ], [ [ [ -72.021271965654137, 5.148253822076948 ], [ -72.02127183943125, 5.148280924911556 ], [ -72.021244807530465, 5.148280798356555 ], [ -72.021271965654137, 5.148253822076948 ] ] ], [ [ [ -72.021298745110386, 5.148308154300649 ], [ -72.021298871332789, 5.148281051465413 ], [ -72.021325903234938, 5.148281178018127 ], [ -72.021298745110386, 5.148308154300649 ] ] ], [ [ [ -72.021379840822306, 5.148308533957365 ], [ -72.021379714602659, 5.1483356367946 ], [ -72.021325650791752, 5.148335383689927 ], [ -72.021379840822306, 5.148308533957365 ] ] ], [ [ [ -72.021406746509115, 5.148335763345218 ], [ -72.021406620289937, 5.148362866183097 ], [ -72.021379588382317, 5.148362739631808 ], [ -72.021406746509115, 5.148335763345218 ] ] ], [ [ [ -72.021460684107183, 5.148363119282242 ], [ -72.021460557889597, 5.148390222121434 ], [ -72.021433525979504, 5.148390095571763 ], [ -72.021460684107183, 5.148363119282242 ] ] ], [ [ [ -72.021487463583256, 5.148417451509795 ], [ -72.021487589800387, 5.14839034866996 ], [ -72.021514621711816, 5.14839047521734 ], [ -72.021487463583256, 5.148417451509795 ] ] ], [ [ [ -72.021568559323043, 5.148417831150514 ], [ -72.021568433108683, 5.148444933992366 ], [ -72.021514369279217, 5.148444680898358 ], [ -72.021568559323043, 5.148417831150514 ] ] ], [ [ [ -72.021595465024419, 5.148445060537652 ], [ -72.021595338810528, 5.148472163380114 ], [ -72.021568306893641, 5.148472036834158 ], [ -72.021595465024419, 5.148445060537652 ] ] ], [ [ [ -72.021649402646347, 5.148472416468593 ], [ -72.021649276434061, 5.148499519312401 ], [ -72.021595212595955, 5.148499266222583 ], [ -72.021649402646347, 5.148472416468593 ] ] ], [ [ [ -72.021676308354117, 5.148499645855595 ], [ -72.021676182142301, 5.148526748699964 ], [ -72.021649150221094, 5.148526622156101 ], [ -72.021676308354117, 5.148499645855595 ] ] ], [ [ [ -72.021730245986689, 5.148527001784257 ], [ -72.021730119776493, 5.148554104629987 ], [ -72.021703087852799, 5.148553978087744 ], [ -72.021730245986689, 5.148527001784257 ] ] ], [ [ [ -72.021784183625869, 5.148554357711041 ], [ -72.021757025491084, 5.148581334017461 ], [ -72.021757151700825, 5.148554231171087 ], [ -72.021784183625869, 5.148554357711041 ] ] ], [ [ [ -72.021838121271628, 5.148581713635901 ], [ -72.021837995064644, 5.148608816484258 ], [ -72.021783931208006, 5.148608563405104 ], [ -72.021838121271628, 5.148581713635901 ] ] ], [ [ [ -72.021865026993979, 5.148608943022118 ], [ -72.021864900787449, 5.148636045871154 ], [ -72.021837868856977, 5.148635919332624 ], [ -72.021865026993979, 5.148608943022118 ] ] ], [ [ [ -72.021918964650396, 5.148636298944781 ], [ -72.021918838445501, 5.148663401795044 ], [ -72.021891806512542, 5.148663275258133 ], [ -72.021918964650396, 5.148636298944781 ] ] ], [ [ [ -72.021945744174701, 5.148690631181768 ], [ -72.021945870379156, 5.148663528330811 ], [ -72.021972902313451, 5.148663654865432 ], [ -72.021945744174701, 5.148690631181768 ] ] ], [ [ [ -72.022026839983056, 5.148691010784208 ], [ -72.022026713781372, 5.148718113637147 ], [ -72.021972649906189, 5.148717860568659 ], [ -72.022026839983056, 5.148691010784208 ] ] ], [ [ [ -72.022053745719973, 5.148718240169676 ], [ -72.022053619518758, 5.148745343023259 ], [ -72.022026587579006, 5.148745216490062 ], [ -72.022053745719973, 5.148718240169676 ] ] ], [ [ [ -72.022107683400279, 5.148745596086219 ], [ -72.02210755720067, 5.14877269894115 ], [ -72.022080525258446, 5.148772572409572 ], [ -72.022107683400279, 5.148745596086219 ] ] ], [ [ [ -72.022134462944436, 5.148799928327106 ], [ -72.02213458914359, 5.148772825471582 ], [ -72.022161621087164, 5.148772952000872 ], [ -72.022134462944436, 5.148799928327106 ] ] ], [ [ [ -72.022215558780616, 5.148800307913547 ], [ -72.022215432584218, 5.14882741077112 ], [ -72.022161368690476, 5.148827157713298 ], [ -72.022215558780616, 5.148800307913547 ] ] ], [ [ [ -72.022242464532127, 5.148827537298312 ], [ -72.022242338336213, 5.148854640156428 ], [ -72.022215306387167, 5.148854513628565 ], [ -72.022242464532127, 5.148827537298312 ] ] ], [ [ [ -72.022269244090452, 5.148881869541958 ], [ -72.022269370285898, 5.148854766683148 ], [ -72.022296402236279, 5.148854893208722 ], [ -72.022269244090452, 5.148881869541958 ] ] ], [ [ [ -72.02235033994701, 5.148882249117255 ], [ -72.022350213754308, 5.148909351978047 ], [ -72.02229614984698, 5.148909098927653 ], [ -72.02235033994701, 5.148882249117255 ] ] ], [ [ [ -72.022377245708981, 5.148909478501527 ], [ -72.022377119516747, 5.148936581362944 ], [ -72.022350087560923, 5.148936454838795 ], [ -72.022377245708981, 5.148909478501527 ] ] ], [ [ [ -72.022431183430399, 5.14893683440781 ], [ -72.022431057239785, 5.148963937270558 ], [ -72.022376993323832, 5.148963684224354 ], [ -72.022431183430399, 5.14893683440781 ] ] ], [ [ [ -72.016013208516796, 5.122318420930746 ], [ -72.016174637794336, 5.122481794131505 ], [ -72.01611994738883, 5.12261705549753 ], [ -72.015984793933413, 5.122616424768531 ], [ -72.015823238901604, 5.122480154250108 ], [ -72.015851024463458, 5.122317664069482 ], [ -72.016013208516796, 5.122318420930746 ] ] ], [ [ [ -72.013588763612816, 5.132145582625307 ], [ -72.013588637462718, 5.132172685282907 ], [ -72.013561606431111, 5.132172558797631 ], [ -72.013588763612816, 5.132145582625307 ] ] ], [ [ [ -72.013615668494964, 5.132172811767043 ], [ -72.013615542345335, 5.132199914425305 ], [ -72.013588511311937, 5.132199787940499 ], [ -72.013615668494964, 5.132172811767043 ] ] ], [ [ [ -72.0136425733794, 5.132200040908971 ], [ -72.013642447230225, 5.13222714356788 ], [ -72.013615416195023, 5.132227017083543 ], [ -72.0136425733794, 5.132200040908971 ] ] ], [ [ [ -72.01366947826611, 5.132227270051077 ], [ -72.01366935211739, 5.132254372710631 ], [ -72.013642321080383, 5.132254246226764 ], [ -72.01366947826611, 5.132227270051077 ] ] ], [ [ [ -72.013696383155064, 5.132254499193359 ], [ -72.013696257006814, 5.132281601853559 ], [ -72.013669225968002, 5.13228147537016 ], [ -72.013696383155064, 5.132254499193359 ] ] ], [ [ [ -72.013723288046336, 5.132281728335816 ], [ -72.013723161898554, 5.132308830996643 ], [ -72.01369613085788, 5.132308704513716 ], [ -72.013723288046336, 5.132281728335816 ] ] ], [ [ [ -72.013750192939895, 5.132308957478433 ], [ -72.013750066792568, 5.132336060139924 ], [ -72.01372303575009, 5.132335933657465 ], [ -72.013750192939895, 5.132308957478433 ] ] ], [ [ [ -72.0137770978357, 5.132336186621242 ], [ -72.013776971688841, 5.132363289283378 ], [ -72.013749940644573, 5.132363162801387 ], [ -72.0137770978357, 5.132336186621242 ] ] ], [ [ [ -72.013804002733778, 5.132363415764228 ], [ -72.013803876587389, 5.13239051842701 ], [ -72.013776845541315, 5.132390391945489 ], [ -72.013804002733778, 5.132363415764228 ] ] ], [ [ [ -72.013830907634144, 5.13239064490739 ], [ -72.01383078148821, 5.132417747570816 ], [ -72.013803750440317, 5.132417621089763 ], [ -72.013830907634144, 5.13239064490739 ] ] ], [ [ [ -72.01385781253677, 5.132417874050726 ], [ -72.013857686391304, 5.132444976714831 ], [ -72.013830655341593, 5.132444850234251 ], [ -72.01385781253677, 5.132417874050726 ] ] ], [ [ [ -72.013884717441698, 5.132445103194272 ], [ -72.013884591296687, 5.13247220585899 ], [ -72.013857560245157, 5.132472079378877 ], [ -72.013884717441698, 5.132445103194272 ] ] ], [ [ [ -72.013911622348886, 5.132472332337963 ], [ -72.013911496204329, 5.132499435003359 ], [ -72.013884465151008, 5.132499308523716 ], [ -72.013911622348886, 5.132472332337963 ] ] ], [ [ [ -72.013938527258347, 5.132499561481861 ], [ -72.01393840111426, 5.132526664147816 ], [ -72.013911370059105, 5.132526537668642 ], [ -72.013938527258347, 5.132499561481861 ] ] ], [ [ [ -72.013938274969505, 5.1325537668138 ], [ -72.013965432170082, 5.13252679062585 ], [ -72.013965306026464, 5.132553893292503 ], [ -72.013938274969505, 5.1325537668138 ] ] ], [ [ [ -72.01399233708409, 5.132554019770068 ], [ -72.013992210940927, 5.132581122437364 ], [ -72.013965179882163, 5.13258099595913 ], [ -72.01399233708409, 5.132554019770068 ] ] ], [ [ [ -72.014019242000373, 5.132581248914459 ], [ -72.014019115857664, 5.132608351582402 ], [ -72.013992084797096, 5.132608225104637 ], [ -72.014019242000373, 5.132581248914459 ] ] ], [ [ [ -72.014046146918957, 5.132608478059026 ], [ -72.014046020776718, 5.132635580727597 ], [ -72.014018989714302, 5.132635454250302 ], [ -72.014046146918957, 5.132608478059026 ] ] ], [ [ [ -72.014126861688297, 5.132690165493768 ], [ -72.014126609405935, 5.132744370834791 ], [ -72.014045768490234, 5.132689786064698 ], [ -72.014126861688297, 5.132690165493768 ] ] ], [ [ [ -72.014153640475584, 5.132744497310207 ], [ -72.014153514334524, 5.132771599981385 ], [ -72.014126483263738, 5.132771473505295 ], [ -72.014153640475584, 5.132744497310207 ] ] ], [ [ [ -72.014180545405978, 5.132771726456332 ], [ -72.014180419265386, 5.132798829128106 ], [ -72.014153388192796, 5.132798702652485 ], [ -72.014180545405978, 5.132771726456332 ] ] ], [ [ [ -72.014207450338674, 5.132798955602583 ], [ -72.014207324198551, 5.132826058275067 ], [ -72.014180293124113, 5.132825931799917 ], [ -72.014207450338674, 5.132798955602583 ] ] ], [ [ [ -72.014234355273629, 5.132826184749077 ], [ -72.014234229133962, 5.132853287422106 ], [ -72.014207198057733, 5.132853160947426 ], [ -72.014234355273629, 5.132826184749077 ] ] ], [ [ [ -72.014341975036203, 5.132935101336535 ], [ -72.014341722759895, 5.132989306687831 ], [ -72.014233976852609, 5.132907492768187 ], [ -72.014341975036203, 5.132935101336535 ] ] ], [ [ [ -72.014368753845204, 5.13298943316016 ], [ -72.014368627707185, 5.133016535836441 ], [ -72.014341596620724, 5.133016409363438 ], [ -72.014368753845204, 5.13298943316016 ] ] ], [ [ [ -72.014395658794285, 5.133016662308304 ], [ -72.014395532656721, 5.133043764985228 ], [ -72.01436850156847, 5.133043638512695 ], [ -72.014395658794285, 5.133016662308304 ] ] ], [ [ [ -72.015201294796228, 5.134158769187684 ], [ -72.015442935590485, 5.134512242452748 ], [ -72.015602473926307, 5.135082158028417 ], [ -72.015335441554583, 5.134376223093486 ], [ -72.015120453601185, 5.134104184398825 ], [ -72.015094936017292, 5.133778825608903 ], [ -72.014395532656721, 5.133043764985228 ], [ -72.014960663250548, 5.133588474459778 ], [ -72.015068913880611, 5.133561877603168 ], [ -72.015097080070902, 5.133318079812932 ], [ -72.015232613991955, 5.133237403951247 ], [ -72.01571879595194, 5.133320987838351 ], [ -72.016015129823373, 5.133539200154239 ], [ -72.016067679121335, 5.133864685597811 ], [ -72.015931640637532, 5.134053772476836 ], [ -72.015202051572658, 5.133996153011331 ], [ -72.015201294796228, 5.134158769187684 ] ], [ [ -72.015418426901405, 5.13397006196307 ], [ -72.015796737006283, 5.133998934882039 ], [ -72.015959554468523, 5.133864179903281 ], [ -72.015906753056626, 5.133592899910757 ], [ -72.015691134360665, 5.13345637495907 ], [ -72.015258762349731, 5.133427249278766 ], [ -72.015176912276232, 5.133589486114664 ], [ -72.015202808324801, 5.133833536834074 ], [ -72.015418426901405, 5.13397006196307 ] ] ], [ [ [ -72.015655527234543, 5.135299232619195 ], [ -72.015628496020128, 5.135299106144598 ], [ -72.015602473926307, 5.135082158028417 ], [ -72.015656157928163, 5.135163719087381 ], [ -72.015655527234543, 5.135299232619195 ] ] ], [ [ [ -72.015682558449626, 5.135299359092651 ], [ -72.015682053887133, 5.135407769920273 ], [ -72.015655022667488, 5.135407643444134 ], [ -72.015682558449626, 5.135299359092651 ] ] ], [ [ [ -72.01568154931384, 5.135516180747479 ], [ -72.015709085107446, 5.135407896395272 ], [ -72.015708580538714, 5.135516307225161 ], [ -72.01568154931384, 5.135516180747479 ] ] ], [ [ [ -72.015708075959196, 5.135624718054668 ], [ -72.01570845439484, 5.135543409932573 ], [ -72.015735485621533, 5.135543536409784 ], [ -72.015708075959196, 5.135624718054668 ] ] ], [ [ [ -72.015762138420072, 5.135624971011974 ], [ -72.015761759985182, 5.135706279137843 ], [ -72.015734728750971, 5.135706152657747 ], [ -72.015762138420072, 5.135624971011974 ] ] ], [ [ [ -72.015788665074865, 5.13573350832604 ], [ -72.015788412782499, 5.135787713744429 ], [ -72.015761381544209, 5.135787587263462 ], [ -72.015788665074865, 5.13573350832604 ] ] ], [ [ [ -72.015787908189637, 5.13589612458096 ], [ -72.015788286635285, 5.135814816453591 ], [ -72.015815317875393, 5.135814942934087 ], [ -72.015787908189637, 5.13589612458096 ] ] ], [ [ [ -72.015841970677343, 5.135896377544837 ], [ -72.015841592232434, 5.135977685675946 ], [ -72.01581456098485, 5.135977559192566 ], [ -72.015841970677343, 5.135896377544837 ] ] ], [ [ [ -72.015894771683946, 5.136167657620371 ], [ -72.015841087629823, 5.136086096517116 ], [ -72.015841592232434, 5.135977685675946 ], [ -72.015895276285562, 5.136059246774197 ], [ -72.015894771683946, 5.136167657620371 ] ] ], [ [ [ -72.015921802941534, 5.136167784105023 ], [ -72.015921424486649, 5.136249092241422 ], [ -72.015894393225651, 5.136248965754759 ], [ -72.015921802941534, 5.136167784105023 ] ] ], [ [ [ -72.015974856250466, 5.136384858778134 ], [ -72.01592104602571, 5.13633040037757 ], [ -72.015921424486649, 5.136249092241422 ], [ -72.01597523470862, 5.136303550638134 ], [ -72.015974856250466, 5.136384858778134 ] ] ], [ [ [ -72.016001887519195, 5.136384985264726 ], [ -72.01600163521266, 5.136439190692617 ], [ -72.015974603941643, 5.136439064204682 ], [ -72.016001887519195, 5.136384985264726 ] ] ], [ [ [ -72.016028666484317, 5.13643931717941 ], [ -72.016028540331178, 5.136466419893988 ], [ -72.01600150905837, 5.136466293406523 ], [ -72.016028666484317, 5.13643931717941 ] ] ], [ [ [ -72.016055571604696, 5.136466546380309 ], [ -72.016055319298673, 5.136520751810709 ], [ -72.016028288022866, 5.136520625323044 ], [ -72.016055571604696, 5.136466546380309 ] ] ], [ [ [ -72.016082350575118, 5.136520878297232 ], [ -72.01608222442222, 5.136547981013122 ], [ -72.016055193144638, 5.136547854525928 ], [ -72.016082350575118, 5.136520878297232 ] ] ], [ [ [ -72.016109255700485, 5.136548107499174 ], [ -72.016109003394959, 5.136602312932101 ], [ -72.016081972114407, 5.136602186444708 ], [ -72.016109255700485, 5.136548107499174 ] ] ], [ [ [ -72.016136034676165, 5.136602439418352 ], [ -72.016135782370213, 5.136656644852533 ], [ -72.016108751086733, 5.136656518364941 ], [ -72.016136034676165, 5.136602439418352 ] ] ], [ [ [ -72.016135656216235, 5.136683747569585 ], [ -72.01616281365439, 5.136656771338984 ], [ -72.016162687501534, 5.136683874056708 ], [ -72.016135656216235, 5.136683747569585 ] ] ], [ [ [ -72.016189718787501, 5.136684000542688 ], [ -72.016189466482061, 5.136738205979379 ], [ -72.01616243519382, 5.136738079492058 ], [ -72.016189718787501, 5.136684000542688 ] ] ], [ [ [ -72.016216497771012, 5.136738332465559 ], [ -72.016216371618427, 5.136765435184547 ], [ -72.016189340328339, 5.136765308697695 ], [ -72.016216497771012, 5.136738332465559 ] ] ], [ [ [ -72.016243402909154, 5.136765561670256 ], [ -72.016243150604225, 5.136819767109492 ], [ -72.01621611931121, 5.13681964062244 ], [ -72.016243402909154, 5.136765561670256 ] ] ], [ [ [ -72.016270181897923, 5.136819893595401 ], [ -72.016270055745593, 5.136846996315683 ], [ -72.016243024450759, 5.136846869829104 ], [ -72.016270181897923, 5.136819893595401 ] ] ], [ [ [ -72.016297087041096, 5.136847122801122 ], [ -72.016296834736679, 5.136901328242918 ], [ -72.016269803438888, 5.136901201756137 ], [ -72.016297087041096, 5.136847122801122 ] ] ], [ [ [ -72.016323866035137, 5.136901454728556 ], [ -72.016323739883049, 5.136928557450018 ], [ -72.01629670858344, 5.136928430963708 ], [ -72.016323866035137, 5.136901454728556 ] ] ], [ [ [ -72.016350771183312, 5.136928683935184 ], [ -72.016350518879392, 5.136982889379475 ], [ -72.016323487576855, 5.136982762892966 ], [ -72.016350771183312, 5.136928683935184 ] ] ], [ [ [ -72.016377550182639, 5.136983015864844 ], [ -72.016377424030807, 5.137010118587601 ], [ -72.016350392726437, 5.137009992101564 ], [ -72.016377550182639, 5.136983015864844 ] ] ], [ [ [ -72.016377171725125, 5.137064324033075 ], [ -72.016377297878307, 5.137037221310351 ], [ -72.016404329184482, 5.137037347795917 ], [ -72.016377171725125, 5.137064324033075 ] ] ], [ [ [ -72.01643123434043, 5.137064577004409 ], [ -72.016431108188854, 5.137091679728448 ], [ -72.016404076879738, 5.137091553242681 ], [ -72.01643123434043, 5.137064577004409 ] ] ], [ [ [ -72.016430855883684, 5.137145885176431 ], [ -72.01643098203661, 5.137118782452461 ], [ -72.016458013347545, 5.137118908937757 ], [ -72.016430855883684, 5.137145885176431 ] ] ], [ [ [ -72.016484918508496, 5.137146138147222 ], [ -72.016484792357176, 5.137173240872576 ], [ -72.016457761043299, 5.13717311438708 ], [ -72.016484918508496, 5.137146138147222 ] ] ], [ [ [ -72.016511823671777, 5.137173367356929 ], [ -72.016511571369392, 5.137227572808782 ], [ -72.016484540052517, 5.137227446323086 ], [ -72.016511823671777, 5.137173367356929 ] ] ], [ [ [ -72.016538602686907, 5.137227699293335 ], [ -72.016538476535843, 5.137254802019902 ], [ -72.016511445217191, 5.137254675534677 ], [ -72.016538602686907, 5.137227699293335 ] ] ], [ [ [ -72.016538224231681, 5.137309007472955 ], [ -72.016565507855177, 5.137254928503982 ], [ -72.016565255553303, 5.137309133958378 ], [ -72.016538224231681, 5.137309007472955 ] ] ], [ [ [ -72.016592286875564, 5.13730926044266 ], [ -72.016592160724755, 5.137336363170522 ], [ -72.016565129401343, 5.13733623668557 ], [ -72.016592286875564, 5.13730926044266 ] ] ], [ [ [ -72.016619192048864, 5.137336489654333 ], [ -72.016618939747502, 5.137390695111204 ], [ -72.01659190842112, 5.137390568626052 ], [ -72.016619192048864, 5.137336489654333 ] ] ], [ [ [ -72.016645971074553, 5.137390821595214 ], [ -72.016645844923985, 5.137417924324307 ], [ -72.016618813595798, 5.137417797839626 ], [ -72.016645971074553, 5.137390821595214 ] ] ], [ [ [ -72.016672876252855, 5.137418050807846 ], [ -72.016672623952005, 5.137472256267329 ], [ -72.016645592620847, 5.137472129782449 ], [ -72.016672876252855, 5.137418050807846 ] ] ], [ [ [ -72.016699655283816, 5.137472382751067 ], [ -72.016699529133518, 5.137499485481421 ], [ -72.01667249780057, 5.137499358997014 ], [ -72.016699655283816, 5.137472382751067 ] ] ], [ [ [ -72.016726560467148, 5.13749961196469 ], [ -72.01672643431732, 5.137526714695724 ], [ -72.016699402982539, 5.137526588211786 ], [ -72.016726560467148, 5.13749961196469 ] ] ], [ [ [ -72.016726182015617, 5.137580920157597 ], [ -72.016726308166795, 5.137553817426649 ], [ -72.016753339503367, 5.137553943910115 ], [ -72.016726182015617, 5.137580920157597 ] ] ], [ [ [ -72.016780244691731, 5.13758117312473 ], [ -72.016780118542144, 5.137608275856993 ], [ -72.016753087202602, 5.137608149373326 ], [ -72.016780244691731, 5.13758117312473 ] ] ], [ [ [ -72.016807149882339, 5.137608402339517 ], [ -72.016807023733222, 5.137635505072409 ], [ -72.016779992391889, 5.137635378589214 ], [ -72.016807149882339, 5.137608402339517 ] ] ], [ [ [ -72.016834055075265, 5.137635631554462 ], [ -72.016833928926616, 5.137662734288014 ], [ -72.016806897583422, 5.13766260780529 ], [ -72.016834055075265, 5.137635631554462 ] ] ], [ [ [ -72.016833676627286, 5.137716939755043 ], [ -72.016833802777271, 5.137689837021543 ], [ -72.016860834122241, 5.137689963503793 ], [ -72.016833676627286, 5.137716939755043 ] ] ], [ [ [ -72.016887739320168, 5.137717192719745 ], [ -72.016887613171775, 5.137744295454562 ], [ -72.016860581823849, 5.137744168972112 ], [ -72.016887739320168, 5.137717192719745 ] ] ], [ [ [ -72.016914644520369, 5.137744421935873 ], [ -72.016914518372431, 5.137771524671315 ], [ -72.016887487022714, 5.137771398189336 ], [ -72.016914644520369, 5.137744421935873 ] ] ], [ [ [ -72.016941549722844, 5.137771651152154 ], [ -72.016941423575389, 5.137798753888311 ], [ -72.016914392223825, 5.137798627406801 ], [ -72.016941549722844, 5.137771651152154 ] ] ], [ [ [ -72.016968328780592, 5.137825983105411 ], [ -72.016941171278418, 5.137852959360425 ], [ -72.016941297427238, 5.137825856624374 ], [ -72.016968328780592, 5.137825983105411 ] ] ], [ [ [ -72.016995233988112, 5.1378532123227 ], [ -72.016995107840884, 5.137880315060069 ], [ -72.016968076484559, 5.137880188578833 ], [ -72.016995233988112, 5.1378532123227 ] ] ], [ [ [ -72.017022139197877, 5.137880441540164 ], [ -72.017022013051147, 5.137907544278177 ], [ -72.016994981693003, 5.137907417797411 ], [ -72.017022139197877, 5.137880441540164 ] ] ], [ [ [ -72.017049044409944, 5.1379076707578 ], [ -72.01704891826364, 5.13793477349646 ], [ -72.01702188690372, 5.137934647016165 ], [ -72.017049044409944, 5.1379076707578 ] ] ], [ [ [ -72.017048665969057, 5.13798897897368 ], [ -72.017048792116697, 5.137961876235073 ], [ -72.01707582347845, 5.137962002714895 ], [ -72.017048665969057, 5.13798897897368 ] ] ], [ [ [ -72.017102728695519, 5.137989231933522 ], [ -72.0171026025495, 5.138016334673445 ], [ -72.017075571184776, 5.138016208193423 ], [ -72.017102728695519, 5.137989231933522 ] ] ], [ [ [ -72.017129633914877, 5.138016461152323 ], [ -72.017129507769297, 5.138043563892889 ], [ -72.017102476402798, 5.13804343741334 ], [ -72.017129633914877, 5.138016461152323 ] ] ], [ [ [ -72.017156539136522, 5.138043690371298 ], [ -72.017156412991426, 5.138070793112506 ], [ -72.017129381623079, 5.138070666633427 ], [ -72.017156539136522, 5.138043690371298 ] ] ], [ [ [ -72.017156160699201, 5.138124998594883 ], [ -72.017156286845648, 5.138097895853726 ], [ -72.0171833182158, 5.138098022332332 ], [ -72.017156160699201, 5.138124998594883 ] ] ], [ [ [ -72.017210223442447, 5.138125251552296 ], [ -72.017210097297607, 5.138152354294804 ], [ -72.017183065924513, 5.138152227815998 ], [ -72.017210223442447, 5.138125251552296 ] ] ], [ [ [ -72.017237128671383, 5.138152480772468 ], [ -72.017237002526997, 5.138179583515535 ], [ -72.01720997115207, 5.138179457037198 ], [ -72.017237128671383, 5.138152480772468 ] ] ], [ [ [ -72.017264033902578, 5.138179709992727 ], [ -72.017263907758661, 5.138206812736489 ], [ -72.017236876381943, 5.138206686258625 ], [ -72.017264033902578, 5.138179709992727 ] ] ], [ [ [ -72.01726365546881, 5.138261018223937 ], [ -72.017263781614076, 5.138233915480226 ], [ -72.017290812992641, 5.138234041957618 ], [ -72.01726365546881, 5.138261018223937 ] ] ], [ [ [ -72.017317718228867, 5.138261271178919 ], [ -72.017317592085206, 5.138288373923928 ], [ -72.017290560703714, 5.138288247446336 ], [ -72.017317718228867, 5.138261271178919 ] ] ], [ [ [ -72.017344623467366, 5.138288500400377 ], [ -72.017344497324174, 5.138315603146046 ], [ -72.017317465940863, 5.138315476668926 ], [ -72.017344623467366, 5.138288500400377 ] ] ], [ [ [ -72.017344245035758, 5.138369808637308 ], [ -72.017371528708154, 5.138315729622022 ], [ -72.017371276422011, 5.138369935114626 ], [ -72.017344245035758, 5.138369808637308 ] ] ], [ [ [ -72.017398307808961, 5.138370061590802 ], [ -72.01739818166601, 5.138397164337717 ], [ -72.017371150277938, 5.138397037860871 ], [ -72.017398307808961, 5.138370061590802 ] ] ], [ [ [ -72.01742521305475, 5.138397290813423 ], [ -72.017425086912283, 5.138424393561049 ], [ -72.017398055522392, 5.138424267084675 ], [ -72.01742521305475, 5.138397290813423 ] ] ], [ [ [ -72.017452118302856, 5.138424520036282 ], [ -72.017451866018163, 5.138478725532683 ], [ -72.017424834625302, 5.13847859905611 ], [ -72.017452118302856, 5.138424520036282 ] ] ], [ [ [ -72.017478897411678, 5.138478852008116 ], [ -72.017478771269467, 5.138505954756957 ], [ -72.017451739874801, 5.138505828280853 ], [ -72.017478897411678, 5.138478852008116 ] ] ], [ [ [ -72.017505802664786, 5.138506081231918 ], [ -72.017505676523029, 5.138533183981401 ], [ -72.017478645126559, 5.13853305750577 ], [ -72.017505802664786, 5.138506081231918 ] ] ], [ [ [ -72.007455725806423, 5.102411850150331 ], [ -72.007430455538795, 5.102032288722971 ], [ -72.007568367939456, 5.101436662986871 ], [ -72.007732806859792, 5.100949573176748 ], [ -72.008468884527502, 5.099597845927092 ], [ -72.008718176022214, 5.09829805588376 ], [ -72.008936671008797, 5.097811216431199 ], [ -72.009290438272799, 5.097297903182822 ], [ -72.010049772095442, 5.096759373386113 ], [ -72.011346309291824, 5.096955127131168 ], [ -72.011805058732051, 5.097119879953054 ], [ -72.012181967873914, 5.09744687144135 ], [ -72.013041900364385, 5.098534999868699 ], [ -72.013607141091683, 5.099052589957786 ], [ -72.014254098389785, 5.09943504353688 ], [ -72.01560395457669, 5.099793660284217 ], [ -72.015982370768654, 5.099795418632056 ], [ -72.016334383519194, 5.099661537419197 ], [ -72.016662496645935, 5.098849961332466 ], [ -72.016852580947827, 5.098661120692995 ], [ -72.017908992463575, 5.098178164984756 ], [ -72.019045992074254, 5.097803994120616 ], [ -72.019776170024244, 5.097726071275107 ], [ -72.02015583665802, 5.097456797960131 ], [ -72.020453288823262, 5.097431073944881 ], [ -72.020803800614701, 5.097622423360535 ], [ -72.020935574490721, 5.098354827463555 ], [ -72.021043193661598, 5.098463740317441 ], [ -72.02139470613713, 5.098438266799535 ], [ -72.021747093499513, 5.098223072853145 ], [ -72.022019265926176, 5.097817782438241 ], [ -72.02299546161359, 5.09714471899842 ], [ -72.022127135240254, 5.097872489369921 ], [ -72.021610694674834, 5.098493475153172 ], [ -72.021366801376018, 5.098627861623914 ], [ -72.020961229183044, 5.098653084365618 ], [ -72.020637496659063, 5.098516065768414 ], [ -72.020556782355897, 5.098434381102996 ], [ -72.020557782531441, 5.098217558230791 ], [ -72.02069468156381, 5.097838744925726 ], [ -72.020533378031303, 5.097648272839667 ], [ -72.02018224130704, 5.097592437567086 ], [ -72.019748264980848, 5.097915665772283 ], [ -72.018910218057627, 5.097938881146033 ], [ -72.01850389651517, 5.098126719382015 ], [ -72.017908617072578, 5.098259473365069 ], [ -72.016960574599167, 5.09868872554905 ], [ -72.016661620242303, 5.099039680665789 ], [ -72.016523341237104, 5.099716621898851 ], [ -72.016225262667888, 5.099877857132155 ], [ -72.01576563188685, 5.099902824844695 ], [ -72.014253847761253, 5.099489248940244 ], [ -72.013633794741381, 5.09913402368699 ], [ -72.012853319872676, 5.098398606735362 ], [ -72.012047196248389, 5.097364935029441 ], [ -72.011750874337039, 5.097146731195786 ], [ -72.011211036424541, 5.096981601178038 ], [ -72.010130484210777, 5.096841058474602 ], [ -72.00937140119737, 5.097325383184637 ], [ -72.008990604465936, 5.097838570672685 ], [ -72.00877223500369, 5.098298307595364 ], [ -72.008523069162919, 5.099570995164567 ], [ -72.007732304356182, 5.101057983329694 ], [ -72.007595146246459, 5.101490994037774 ], [ -72.007484891751005, 5.101951233133046 ], [ -72.007509785069374, 5.102412102170699 ], [ -72.007750161428689, 5.103036594563398 ], [ -72.008126063466122, 5.10358040957521 ], [ -72.008206147178271, 5.103797607988043 ], [ -72.008151333687891, 5.103959971235627 ], [ -72.00747546536779, 5.10398392290629 ], [ -72.006934242887581, 5.104116914274392 ], [ -72.005961803392125, 5.103976862372247 ], [ -72.004285714133601, 5.104023246102498 ], [ -72.003557047509517, 5.103775916823857 ], [ -72.002857299757068, 5.103122177054278 ], [ -72.003611232560104, 5.103749066806285 ], [ -72.004285965822888, 5.103969041202776 ], [ -72.005907995625918, 5.103922405163819 ], [ -72.006799345932919, 5.10406207885913 ], [ -72.007394627705978, 5.103929339698855 ], [ -72.008097525629751, 5.103905514103266 ], [ -72.008125309414893, 5.103743024849981 ], [ -72.008018447391564, 5.103471495345678 ], [ -72.007695976423463, 5.103063445068116 ], [ -72.007455725806423, 5.102411850150331 ] ] ], [ [ [ -72.013314823798211, 5.11547580424336 ], [ -72.013287793475087, 5.115475678156878 ], [ -72.013288170723555, 5.115394370164113 ], [ -72.013314823798211, 5.11547580424336 ] ] ], [ [ [ -72.013287416220535, 5.115556986149445 ], [ -72.013260385894668, 5.11555686005981 ], [ -72.013260763152616, 5.115475552069259 ], [ -72.013287416220535, 5.115556986149445 ] ] ], [ [ [ -72.013260008630624, 5.115638168050076 ], [ -72.013232978302042, 5.115638041957291 ], [ -72.013233355569469, 5.115556733969039 ], [ -72.013260008630624, 5.115638168050076 ] ] ], [ [ [ -72.013232601028534, 5.115719349945357 ], [ -72.01320557069721, 5.115719223849424 ], [ -72.013205947974114, 5.115637915863367 ], [ -72.013232601028534, 5.115719349945357 ] ] ], [ [ [ -72.013205193414223, 5.11580053183516 ], [ -72.013178163080184, 5.115800405736071 ], [ -72.013178540366567, 5.115719097752348 ], [ -72.013205193414223, 5.11580053183516 ] ] ], [ [ [ -72.013177785787732, 5.115881713719644 ], [ -72.013150755450937, 5.115881587617404 ], [ -72.013151132746785, 5.115800279635846 ], [ -72.013177785787732, 5.115881713719644 ] ] ], [ [ [ -72.013150252380328, 5.115989998259058 ], [ -72.013123222039681, 5.115989872152995 ], [ -72.013123725114824, 5.115881461514028 ], [ -72.013150252380328, 5.115989998259058 ] ] ], [ [ [ -72.01312284472624, 5.116071180131942 ], [ -72.013095814382879, 5.116071054022728 ], [ -72.013096191699717, 5.115989746045794 ], [ -72.01312284472624, 5.116071180131942 ] ] ], [ [ [ -72.013095311284289, 5.116179464658333 ], [ -72.013068658265425, 5.116098030570638 ], [ -72.013095688609241, 5.116098156681661 ], [ -72.013095311284289, 5.116179464658333 ] ] ], [ [ [ -72.013067652042992, 5.116314851835802 ], [ -72.013040621690763, 5.116314725718269 ], [ -72.013041250590518, 5.116179212431121 ], [ -72.013067652042992, 5.116314851835802 ] ] ], [ [ [ -72.013039741202761, 5.116504444319228 ], [ -72.013012710843256, 5.116504318195857 ], [ -72.013013591339217, 5.1163145995996 ], [ -72.013039741202761, 5.116504444319228 ] ] ], [ [ [ -72.013011830314241, 5.116694036790793 ], [ -72.012984799947489, 5.116693910661585 ], [ -72.012985680484448, 5.11650419207135 ], [ -72.013011830314241, 5.116694036790793 ] ] ], [ [ [ -72.01298417097226, 5.116829423939586 ], [ -72.01295714060052, 5.116829297805882 ], [ -72.012957769581405, 5.11669378453124 ], [ -72.01298417097226, 5.116829423939586 ] ] ], [ [ [ -72.012956511602738, 5.116964811079844 ], [ -72.012929481225996, 5.116964684941646 ], [ -72.012930110229448, 5.116829171671043 ], [ -72.012956511602738, 5.116964811079844 ] ] ], [ [ [ -72.012928978011089, 5.117073095557674 ], [ -72.012901947630468, 5.117072969415654 ], [ -72.012902450849936, 5.116964558802312 ], [ -72.012928978011089, 5.117073095557674 ] ] ], [ [ [ -72.012901444400228, 5.117181380028597 ], [ -72.012874414015755, 5.117181253882753 ], [ -72.012874917250542, 5.117072843272494 ], [ -72.012901444400228, 5.117181380028597 ] ] ], [ [ [ -72.012873910770168, 5.117289664492613 ], [ -72.012846880381815, 5.117289538342944 ], [ -72.01284738363195, 5.117181127735771 ], [ -72.012873910770168, 5.117289664492613 ] ] ], [ [ [ -72.012846502937137, 5.117370846297975 ], [ -72.012819472546084, 5.117370720145155 ], [ -72.012819849994173, 5.117289412192139 ], [ -72.012846502937137, 5.117370846297975 ] ] ], [ [ [ -72.012819095091913, 5.117452028098006 ], [ -72.012792064698132, 5.117451901942033 ], [ -72.0127924421557, 5.117370593991197 ], [ -72.012819095091913, 5.117452028098006 ] ] ], [ [ [ -72.012791687234483, 5.117533209892619 ], [ -72.012764656837973, 5.117533083733495 ], [ -72.012765034305019, 5.117451775784923 ], [ -72.012791687234483, 5.117533209892619 ] ] ], [ [ [ -72.012764279364845, 5.117614391681816 ], [ -72.012737248965607, 5.117614265519538 ], [ -72.012737626442131, 5.117532957573232 ], [ -72.012764279364845, 5.117614391681816 ] ] ], [ [ [ -72.012682559016739, 5.117749526428241 ], [ -72.012682936510203, 5.117668218486304 ], [ -72.012737248965607, 5.117614265519538 ], [ -72.012736871483, 5.117695573465627 ], [ -72.012682559016739, 5.117749526428241 ] ] ], [ [ [ -72.012682307351056, 5.117803731722697 ], [ -72.012655276945893, 5.117803605552306 ], [ -72.012655528613848, 5.117749400259193 ], [ -72.012682307351056, 5.117803731722697 ] ] ], [ [ [ -72.012628246541411, 5.11780347938078 ], [ -72.012655025275251, 5.117857810845331 ], [ -72.012627994868495, 5.11785768467246 ], [ -72.012628246541411, 5.11780347938078 ] ] ], [ [ [ -72.01262774319288, 5.117911889964073 ], [ -72.01257355653577, 5.117938740256589 ], [ -72.012573808217283, 5.117884534967764 ], [ -72.01262774319288, 5.117911889964073 ] ] ], [ [ [ -72.012573304851557, 5.117992945545324 ], [ -72.012546274441178, 5.117992819365683 ], [ -72.01254652612765, 5.117938614078291 ], [ -72.012573304851557, 5.117992945545324 ] ] ], [ [ [ -72.012546022751991, 5.118047024653006 ], [ -72.012518992339977, 5.118046898470883 ], [ -72.012519244031424, 5.117992693184903 ], [ -72.012546022751991, 5.118047024653006 ] ] ], [ [ [ -72.012518740645831, 5.118101103756758 ], [ -72.012464553968954, 5.118127954027903 ], [ -72.012464805669012, 5.118073748744815 ], [ -72.012518740645831, 5.118101103756758 ] ] ], [ [ [ -72.012464302266224, 5.118182159310901 ], [ -72.012437271850587, 5.118182033122008 ], [ -72.012437523555604, 5.118127827840351 ], [ -72.012464302266224, 5.118182159310901 ] ] ], [ [ [ -72.012437020142883, 5.118236238403544 ], [ -72.012382833451923, 5.118263088659052 ], [ -72.012383085165538, 5.118208883380238 ], [ -72.012437020142883, 5.118236238403544 ] ] ], [ [ [ -72.012382581735636, 5.118317293937763 ], [ -72.012328395036306, 5.118344144183251 ], [ -72.012328646758505, 5.118289938907295 ], [ -72.012382581735636, 5.118317293937763 ] ] ], [ [ [ -72.011411999322263, 5.129397970617567 ], [ -72.011411873148248, 5.129425073223412 ], [ -72.011384842286205, 5.129424946713597 ], [ -72.011411999322263, 5.129397970617567 ] ] ], [ [ [ -72.011492713395072, 5.129479657961636 ], [ -72.011492461049102, 5.129533863177174 ], [ -72.011411620798171, 5.129479278435005 ], [ -72.011492713395072, 5.129479657961636 ] ] ], [ [ [ -72.011519491918364, 5.129533989685115 ], [ -72.011519365745514, 5.129561092293516 ], [ -72.011492334875115, 5.129560965784903 ], [ -72.011519491918364, 5.129533989685115 ] ] ], [ [ [ -72.011546396616581, 5.129561218800988 ], [ -72.011546270444185, 5.129588321410035 ], [ -72.011519239571982, 5.129588194901891 ], [ -72.011546396616581, 5.129561218800988 ] ] ], [ [ [ -72.011573301317085, 5.129588447917039 ], [ -72.011573175145159, 5.129615550526767 ], [ -72.011546144271122, 5.129615424019089 ], [ -72.011573301317085, 5.129588447917039 ] ] ], [ [ [ -72.011653763090436, 5.129724340489512 ], [ -72.011572922799274, 5.12966975574611 ], [ -72.011573175145159, 5.129615550526767 ], [ -72.0116540154322, 5.129670135266328 ], [ -72.011653763090436, 5.129724340489512 ] ] ], [ [ [ -72.011680793971692, 5.129724466995314 ], [ -72.011680667800931, 5.129751569607566 ], [ -72.011653636918552, 5.12975144310109 ], [ -72.011680793971692, 5.129724466995314 ] ] ], [ [ [ -72.011680541629488, 5.129778672219788 ], [ -72.011707698684049, 5.129751696112899 ], [ -72.011707572513757, 5.129778798725797 ], [ -72.011680541629488, 5.129778672219788 ] ] ], [ [ [ -72.011734603398651, 5.129778925230662 ], [ -72.011734477228813, 5.129806027844237 ], [ -72.011707446342797, 5.129805901338698 ], [ -72.011734603398651, 5.129778925230662 ] ] ], [ [ [ -72.011761508115526, 5.129806154348635 ], [ -72.011761381946144, 5.129833256962772 ], [ -72.011734351058294, 5.129833130457702 ], [ -72.011761508115526, 5.129806154348635 ] ] ], [ [ [ -72.011869127005767, 5.129915070822116 ], [ -72.011868874670043, 5.129969276055649 ], [ -72.011761129605375, 5.12988746219107 ], [ -72.011869127005767, 5.129915070822116 ] ] ], [ [ [ -72.011895905566945, 5.129969402558376 ], [ -72.011895779399211, 5.129996505175817 ], [ -72.011868748501158, 5.129996378672419 ], [ -72.011895905566945, 5.129969402558376 ] ] ], [ [ [ -72.011922810297932, 5.129996631678077 ], [ -72.011922684130653, 5.130023734296062 ], [ -72.011895653230795, 5.130023607793131 ], [ -72.011922810297932, 5.129996631678077 ] ] ], [ [ [ -72.011949715031179, 5.130023860797853 ], [ -72.011949588864368, 5.130050963416535 ], [ -72.011922557962706, 5.130050836914072 ], [ -72.011949715031179, 5.130023860797853 ] ] ], [ [ [ -72.011976619766713, 5.130051089917856 ], [ -72.011976493600358, 5.130078192537185 ], [ -72.011949462696876, 5.130078066035191 ], [ -72.011976619766713, 5.130051089917856 ] ] ], [ [ [ -72.012003524504507, 5.130078319038038 ], [ -72.012003398338621, 5.130105421657995 ], [ -72.01197636743332, 5.130105295156469 ], [ -72.012003524504507, 5.130078319038038 ] ] ], [ [ [ -72.012030429244604, 5.130105548158379 ], [ -72.012030303079172, 5.130132650778997 ], [ -72.012003272172038, 5.130132524277941 ], [ -72.012030429244604, 5.130105548158379 ] ] ], [ [ [ -72.012057333986959, 5.130132777278915 ], [ -72.012057207821982, 5.13015987990018 ], [ -72.012030176913072, 5.130159753399592 ], [ -72.012057333986959, 5.130132777278915 ] ] ], [ [ [ -72.012164952979106, 5.130241693762813 ], [ -72.012164700652178, 5.130295899010567 ], [ -72.012056955490024, 5.130214085142631 ], [ -72.012164952979106, 5.130241693762813 ] ] ], [ [ [ -72.012191731570198, 5.130296025508811 ], [ -72.012191605406855, 5.130323128133228 ], [ -72.012164574487727, 5.130323001634312 ], [ -72.012191731570198, 5.130296025508811 ] ] ], [ [ [ -72.012218636326651, 5.130323254631005 ], [ -72.012218510163791, 5.13035035725612 ], [ -72.012191479242844, 5.130350230757672 ], [ -72.012218636326651, 5.130323254631005 ] ] ], [ [ [ -72.012245541085392, 5.130350483753428 ], [ -72.012245414922972, 5.130377586379185 ], [ -72.012218384000221, 5.130377459881204 ], [ -72.012245541085392, 5.130350483753428 ] ] ], [ [ [ -72.012245288759885, 5.130404689004918 ], [ -72.012272445846392, 5.130377712876025 ], [ -72.012272319684442, 5.13040481550243 ], [ -72.012245288759885, 5.130404689004918 ] ] ], [ [ [ -72.012380064913202, 5.130486629368172 ], [ -72.012379812592329, 5.130540834626121 ], [ -72.012272067358523, 5.130459020755143 ], [ -72.012380064913202, 5.130486629368172 ] ] ], [ [ [ -72.012406843525937, 5.130540961121287 ], [ -72.012406717365621, 5.130568063750929 ], [ -72.012379686430876, 5.13056793725509 ], [ -72.012406843525937, 5.130540961121287 ] ] ], [ [ [ -72.012433748301063, 5.130568190245628 ], [ -72.012433622141202, 5.130595292875879 ], [ -72.012406591204623, 5.130595166380508 ], [ -72.012433748301063, 5.130568190245628 ] ] ], [ [ [ -72.012460653078463, 5.13059541937011 ], [ -72.012460526919071, 5.130622522001042 ], [ -72.012433495980687, 5.130622395506141 ], [ -72.012460653078463, 5.13059541937011 ] ] ], [ [ [ -72.012514462640084, 5.13064987761959 ], [ -72.012514210322479, 5.130704082883942 ], [ -72.012460274598254, 5.13067672726271 ], [ -72.012514462640084, 5.13064987761959 ] ] ], [ [ [ -72.012541241266305, 5.130704209377438 ], [ -72.012541115107609, 5.13073131201023 ], [ -72.01251408416266, 5.130731185516063 ], [ -72.012541241266305, 5.130704209377438 ] ] ], [ [ [ -72.012595050842478, 5.130758667629269 ], [ -72.012594798526294, 5.130812872897444 ], [ -72.012540862788228, 5.13078551727577 ], [ -72.012595050842478, 5.130758667629269 ] ] ], [ [ [ -72.012621829476686, 5.130812999390206 ], [ -72.012621703318729, 5.130840102024925 ], [ -72.012594672367186, 5.130839975531491 ], [ -72.012621829476686, 5.130812999390206 ] ] ], [ [ [ -72.01264873427094, 5.130840228517217 ], [ -72.012648608113437, 5.130867331152565 ], [ -72.012621577160076, 5.130867204659602 ], [ -72.01264873427094, 5.130840228517217 ] ] ], [ [ [ -72.012675639067467, 5.13086745764439 ], [ -72.012675386752704, 5.130921662916419 ], [ -72.012648355796401, 5.130921536423251 ], [ -72.012675639067467, 5.13086745764439 ] ] ], [ [ [ -72.01270241770969, 5.130921789408445 ], [ -72.012702291552429, 5.130948892045074 ], [ -72.012675260594307, 5.130948765552377 ], [ -72.01270241770969, 5.130921789408445 ] ] ], [ [ [ -72.012756227315009, 5.130976247664996 ], [ -72.012755975001667, 5.131030452940815 ], [ -72.012702039235876, 5.131003097318258 ], [ -72.012756227315009, 5.130976247664996 ] ] ], [ [ [ -72.012809910774052, 5.131057808561502 ], [ -72.012809658461208, 5.131112013839799 ], [ -72.012755722685625, 5.131084658216507 ], [ -72.012809910774052, 5.131057808561502 ] ] ], [ [ [ -72.01283668942952, 5.131112140330823 ], [ -72.012836437116249, 5.131166345610409 ], [ -72.012809406145649, 5.131166219118041 ], [ -72.01283668942952, 5.131112140330823 ] ] ], [ [ [ -72.012836310958605, 5.131193448250197 ], [ -72.012863468087502, 5.131166472101636 ], [ -72.012863341930995, 5.131193574742096 ], [ -72.012836310958605, 5.131193448250197 ] ] ], [ [ [ -72.012890372904053, 5.131193701232854 ], [ -72.012890120591294, 5.131247906515004 ], [ -72.012863089615948, 5.131247780022901 ], [ -72.012890372904053, 5.131193701232854 ] ] ], [ [ [ -72.012917151567322, 5.131248033005966 ], [ -72.012917025411056, 5.131275135647607 ], [ -72.012889994433891, 5.131275009155972 ], [ -72.012917151567322, 5.131248033005966 ] ] ], [ [ [ -72.012944056388889, 5.131275262138098 ], [ -72.012943804076627, 5.131329467422744 ], [ -72.012916773096507, 5.131329340930909 ], [ -72.012944056388889, 5.131275262138098 ] ] ], [ [ [ -72.01297083505743, 5.131329593913438 ], [ -72.01297070890142, 5.131356696556377 ], [ -72.01294367791948, 5.131356570065011 ], [ -72.01297083505743, 5.131329593913438 ] ] ], [ [ [ -72.012997739884014, 5.131356823046604 ], [ -72.01299748757225, 5.131411028333779 ], [ -72.012970456587368, 5.131410901842211 ], [ -72.012997739884014, 5.131356823046604 ] ] ], [ [ [ -72.013024518557785, 5.131411154824209 ], [ -72.013024392402031, 5.131438257468428 ], [ -72.012997361415344, 5.131438130977329 ], [ -72.013024518557785, 5.131411154824209 ] ] ], [ [ [ -72.013051423389385, 5.131438383958388 ], [ -72.013051297234099, 5.131465486603254 ], [ -72.013024266245594, 5.131465360112624 ], [ -72.013051423389385, 5.131438383958388 ] ] ], [ [ [ -72.013078328223258, 5.131465613092746 ], [ -72.013078075912915, 5.131519818383774 ], [ -72.013051044921468, 5.131519691892941 ], [ -72.013078328223258, 5.131465613092746 ] ] ], [ [ [ -72.013105106905059, 5.131519944873467 ], [ -72.013104980750015, 5.131547047519582 ], [ -72.013077949756735, 5.131546921029217 ], [ -72.013105106905059, 5.131519944873467 ] ] ], [ [ [ -72.013132011743949, 5.131547174008805 ], [ -72.01313188558936, 5.131574276655583 ], [ -72.013104854594289, 5.131574150165687 ], [ -72.013132011743949, 5.131547174008805 ] ] ], [ [ [ -72.013158916585112, 5.131574403144338 ], [ -72.01315866427619, 5.131628608439153 ], [ -72.013131633278149, 5.131628481949057 ], [ -72.013158916585112, 5.131574403144338 ] ] ], [ [ [ -72.013185695274885, 5.13162873492811 ], [ -72.013185569120537, 5.131655837576152 ], [ -72.013158538120706, 5.131655711086523 ], [ -72.013185695274885, 5.13162873492811 ] ] ], [ [ [ -72.013212600121065, 5.13165596406464 ], [ -72.013212473967187, 5.13168306671331 ], [ -72.013185442965536, 5.131682940224152 ], [ -72.013212600121065, 5.13165596406464 ] ] ], [ [ [ -72.013239504969505, 5.13168319320133 ], [ -72.013239252662018, 5.131737398499967 ], [ -72.013212221657412, 5.131737272010605 ], [ -72.013239504969505, 5.13168319320133 ] ] ], [ [ [ -72.013239126507244, 5.131764501149248 ], [ -72.013266283667292, 5.131737524988188 ], [ -72.013266157513669, 5.131764627638139 ], [ -72.013239126507244, 5.131764501149248 ] ] ], [ [ [ -72.013293188520763, 5.131764754125892 ], [ -72.013293062367609, 5.131791856776489 ], [ -72.013266031359379, 5.131791730288066 ], [ -72.013293188520763, 5.131764754125892 ] ] ], [ [ [ -72.013320093376521, 5.131791983263772 ], [ -72.013319841070427, 5.131846188566264 ], [ -72.013292810059255, 5.131846062077638 ], [ -72.013320093376521, 5.131791983263772 ] ] ], [ [ [ -72.01334687208228, 5.131846315053749 ], [ -72.013346745929368, 5.131873417705644 ], [ -72.013319714916392, 5.13187329121749 ], [ -72.01334687208228, 5.131846315053749 ] ] ], [ [ [ -72.013373776943041, 5.13187354419266 ], [ -72.013373650790584, 5.131900646845118 ], [ -72.013346619775788, 5.131900520357431 ], [ -72.013373776943041, 5.13187354419266 ] ] ], [ [ [ -72.013400681806061, 5.131900773331664 ], [ -72.013400555654073, 5.131927875984818 ], [ -72.013373524637458, 5.131927749497598 ], [ -72.013400681806061, 5.131900773331664 ] ] ], [ [ [ -72.013427586671384, 5.131928002470895 ], [ -72.013427334367663, 5.131982207778464 ], [ -72.013400303348064, 5.131982081291044 ], [ -72.013427586671384, 5.131928002470895 ] ] ], [ [ [ -72.013454365387886, 5.131982334264745 ], [ -72.013454239236168, 5.132009436919144 ], [ -72.013427208214765, 5.132009310432193 ], [ -72.013454365387886, 5.131982334264745 ] ] ], [ [ [ -72.013481270258211, 5.132009563404955 ], [ -72.013481144106933, 5.132036666060018 ], [ -72.013454113083753, 5.132036539573538 ], [ -72.013481270258211, 5.132009563404955 ] ] ], [ [ [ -72.013508175130795, 5.13203679254536 ], [ -72.013508048979986, 5.132063895201068 ], [ -72.013481017954987, 5.132063768715055 ], [ -72.013508175130795, 5.13203679254536 ] ] ], [ [ [ -72.013535080005667, 5.132064021685938 ], [ -72.013534827704291, 5.132118226998603 ], [ -72.013507796676336, 5.132118100512388 ], [ -72.013535080005667, 5.132064021685938 ] ] ], [ [ [ -72.013561858732913, 5.132118353483677 ], [ -72.01356173258236, 5.132145456140701 ], [ -72.013534701552601, 5.132145329654956 ], [ -72.013561858732913, 5.132118353483677 ] ] ], [ [ [ -72.001784461262076, 5.066284205884348 ], [ -72.001594890324725, 5.06636463559048 ], [ -72.001352388705584, 5.066200892779514 ], [ -72.001784586275932, 5.066257103465236 ], [ -72.001784461262076, 5.066284205884348 ] ] ], [ [ [ -72.003743617259772, 5.09269164966123 ], [ -72.003289145822137, 5.091605411327777 ], [ -72.002831535535847, 5.091196734159742 ], [ -72.001698828731946, 5.090649396207198 ], [ -72.001726988290017, 5.090405600593469 ], [ -72.002297108847628, 5.089866197183514 ], [ -72.002514847470636, 5.089541975485496 ], [ -72.002626102045156, 5.088864918561065 ], [ -72.002547776984173, 5.088268287686575 ], [ -72.001982680747929, 5.087723596072863 ], [ -72.001875569544964, 5.087506273318853 ], [ -72.001823645873259, 5.087045280717408 ], [ -72.00201473054959, 5.086639625658927 ], [ -72.002448321417916, 5.086397717363101 ], [ -72.003069733935604, 5.086454815952207 ], [ -72.004070554542309, 5.086296855107054 ], [ -72.005154593350269, 5.08567852726742 ], [ -72.006267789560425, 5.084599579241098 ], [ -72.006619039495277, 5.084628314761691 ], [ -72.008129526807977, 5.085312911101811 ], [ -72.008641073383885, 5.085748937756614 ], [ -72.0090980619145, 5.086293123660758 ], [ -72.009607105968684, 5.087271202307977 ], [ -72.010466402566678, 5.088494837051285 ], [ -72.011005608167878, 5.08879547660084 ], [ -72.011842385745197, 5.089043291250844 ], [ -72.012489709803475, 5.0893444322087 ], [ -72.012838837252431, 5.089833911477455 ], [ -72.012783151926584, 5.090185995274141 ], [ -72.012403115295911, 5.090536572974021 ], [ -72.011969144947031, 5.090859796477448 ], [ -72.01115663938981, 5.091208364060786 ], [ -72.010722292459434, 5.091612893945636 ], [ -72.010094855399956, 5.09285672446171 ], [ -72.009983855454095, 5.093479581611917 ], [ -72.009737708245538, 5.094101810066694 ], [ -72.009221392109566, 5.094695678136008 ], [ -72.008974616013489, 5.09545341844287 ], [ -72.008459176017993, 5.095857566904531 ], [ -72.007756161328302, 5.095908500606677 ], [ -72.007459340379341, 5.095798706171277 ], [ -72.006810887139835, 5.095741480446465 ], [ -72.006080969753455, 5.095765183933477 ], [ -72.005433522190685, 5.095491137023073 ], [ -72.005110677888283, 5.095164396099095 ], [ -72.004923733692394, 5.094675670031183 ], [ -72.004573860742241, 5.094348803302374 ], [ -72.003953193747137, 5.094129086927347 ], [ -72.003767632132437, 5.093342234297822 ], [ -72.003743617259772, 5.09269164966123 ] ], [ [ -72.006564605951269, 5.084709371111151 ], [ -72.006321346155758, 5.084708240551003 ], [ -72.005126937690349, 5.085813914002006 ], [ -72.004070178294342, 5.086378162485025 ], [ -72.00363721460603, 5.086484559999275 ], [ -72.002366858439785, 5.086478647127544 ], [ -72.002068662716681, 5.086666979768006 ], [ -72.001904983469629, 5.086991453510074 ], [ -72.00190335161632, 5.08734378477032 ], [ -72.002063892928135, 5.087696871297147 ], [ -72.002629867912404, 5.088051845913131 ], [ -72.002898274366586, 5.088459640885763 ], [ -72.002622963356785, 5.08954247908328 ], [ -72.001970500405349, 5.090352529345195 ], [ -72.001942340947025, 5.090596325025529 ], [ -72.002076857921864, 5.090732466800181 ], [ -72.002939902895989, 5.09114303301343 ], [ -72.003397387704268, 5.091578812560986 ], [ -72.003611862366157, 5.091959254051218 ], [ -72.003851733794122, 5.09269215336341 ], [ -72.003848719615476, 5.093342612121254 ], [ -72.004116750582966, 5.093831715638977 ], [ -72.004142774961394, 5.094048661216878 ], [ -72.004655199590346, 5.094294976164254 ], [ -72.005058628759159, 5.09473050460669 ], [ -72.005218794971725, 5.095164899815436 ], [ -72.00546092823302, 5.095409955489312 ], [ -72.005973354758368, 5.095656270307403 ], [ -72.007567708808693, 5.095745004478335 ], [ -72.00791858852088, 5.095855050523205 ], [ -72.008622230532211, 5.09566860377718 ], [ -72.0088937787623, 5.095398835965733 ], [ -72.009113149294848, 5.094722277716347 ], [ -72.009683900312154, 5.094047353457605 ], [ -72.009957202170696, 5.093398148126343 ], [ -72.010068076754933, 5.092802393589522 ], [ -72.01072279352698, 5.091504483463447 ], [ -72.01134672079516, 5.091019524638325 ], [ -72.011752660475054, 5.090912997435733 ], [ -72.012105042393571, 5.090697808216666 ], [ -72.012647755369187, 5.09023957316596 ], [ -72.01275737411936, 5.089914843063114 ], [ -72.012677412675117, 5.089670542579375 ], [ -72.012435401103502, 5.089398386579863 ], [ -72.011761173043837, 5.089070017400183 ], [ -72.011032261758302, 5.088876910018871 ], [ -72.010412219115736, 5.088521688579899 ], [ -72.009553047866859, 5.087270951209319 ], [ -72.00909768629765, 5.086374431414318 ], [ -72.008559986494589, 5.085748561097794 ], [ -72.008102247429775, 5.08536699066043 ], [ -72.006564605951269, 5.084709371111151 ] ] ], [ [ [ -72.004290376323638, 5.097193301900142 ], [ -72.004343178223124, 5.097464578498832 ], [ -72.004070496527731, 5.097978264785771 ], [ -72.003934721170594, 5.098113146780168 ], [ -72.003691331202205, 5.098139114693137 ], [ -72.003313674677798, 5.097974735097697 ], [ -72.002963927988844, 5.097620764524357 ], [ -72.002315727603701, 5.097509328602449 ], [ -72.002127528707248, 5.097291626615495 ], [ -72.002128912124547, 5.096993500195089 ], [ -72.002399833619137, 5.096859249111891 ], [ -72.0028581997814, 5.097105314209822 ], [ -72.003399037230352, 5.097053630593135 ], [ -72.003668701822718, 5.097190403236381 ], [ -72.004290376323638, 5.097193301900142 ] ], [ [ -72.00410066826241, 5.097300829565335 ], [ -72.003586985336213, 5.097325537296264 ], [ -72.003235981374814, 5.097242591279993 ], [ -72.003099703264823, 5.097485882792197 ], [ -72.003395139902992, 5.097893806022699 ], [ -72.003637775387659, 5.098030452807455 ], [ -72.003826980873072, 5.098031335227007 ], [ -72.004044095686567, 5.097842626495922 ], [ -72.004154224188937, 5.097409491424753 ], [ -72.00410066826241, 5.097300829565335 ] ], [ [ -72.002506064505951, 5.097266289621505 ], [ -72.002398827623068, 5.097076068382041 ], [ -72.002290710500532, 5.097075564003232 ], [ -72.002290081708367, 5.097211076032658 ], [ -72.002397695825664, 5.097319990058839 ], [ -72.002506064505951, 5.097266289621505 ] ] ], [ [ [ -72.001373824153632, 5.102437673655746 ], [ -72.001428009042073, 5.102410823809171 ], [ -72.001427883116477, 5.102437926189126 ], [ -72.001373824153632, 5.102437673655746 ] ] ], [ [ [ -72.001481942081995, 5.10243817871797 ], [ -72.001481816157977, 5.102465281099247 ], [ -72.001454786673733, 5.102465154834717 ], [ -72.001481942081995, 5.10243817871797 ] ] ], [ [ [ -72.001535875128482, 5.102465533624903 ], [ -72.001535749206056, 5.102492636007505 ], [ -72.001508719719325, 5.102492509744568 ], [ -72.001535875128482, 5.102465533624903 ] ] ], [ [ [ -72.001562652771483, 5.102519864652587 ], [ -72.001562778693454, 5.102492762269305 ], [ -72.001616837670269, 5.102493014789506 ], [ -72.001562652771483, 5.102519864652587 ] ] ], [ [ [ -72.001670770732346, 5.102520369691148 ], [ -72.001670644814226, 5.102547472077015 ], [ -72.001616585830163, 5.102547219558655 ], [ -72.001670770732346, 5.102520369691148 ] ] ], [ [ [ -72.001724703801003, 5.102547724590838 ], [ -72.00172457788446, 5.10257482697808 ], [ -72.0016975483896, 5.10257470072106 ], [ -72.001724703801003, 5.102547724590838 ] ] ], [ [ [ -72.001751481463899, 5.102602055621854 ], [ -72.001751607380001, 5.102574953233965 ], [ -72.001805666373087, 5.102575205742332 ], [ -72.001751481463899, 5.102602055621854 ] ] ], [ [ [ -72.001859599457333, 5.102602560636749 ], [ -72.001859473545082, 5.102629663027309 ], [ -72.001805414544748, 5.10262941052078 ], [ -72.001859599457333, 5.102602560636749 ] ] ], [ [ [ -72.00191353254813, 5.102629915529298 ], [ -72.001913406637456, 5.102657017921215 ], [ -72.001886377134483, 5.102656891670111 ], [ -72.00191353254813, 5.102629915529298 ] ] ], [ [ [ -72.001940310230921, 5.102684246563712 ], [ -72.001940436141126, 5.102657144171181 ], [ -72.001994495150498, 5.102657396667717 ], [ -72.001940310230921, 5.102684246563712 ] ] ], [ [ [ -72.002048428256913, 5.102684751554939 ], [ -72.002048302350545, 5.102711853950172 ], [ -72.001994243333925, 5.102711601455477 ], [ -72.002048428256913, 5.102684751554939 ] ] ], [ [ [ -72.002075205953957, 5.102739082591614 ], [ -72.002075331859857, 5.102711980195817 ], [ -72.00212939088054, 5.102712232683707 ], [ -72.002075205953957, 5.102739082591614 ] ] ], [ [ [ -72.002183324002544, 5.102739587565553 ], [ -72.002183198100468, 5.10276668996407 ], [ -72.002129139072565, 5.102766437478022 ], [ -72.002183324002544, 5.102739587565553 ] ] ], [ [ [ -72.002264286647403, 5.102767068684636 ], [ -72.002264160748069, 5.10279417108515 ], [ -72.002210101713828, 5.102793918604557 ], [ -72.002264286647403, 5.102767068684636 ] ] ], [ [ [ -72.002345123407878, 5.102821652200022 ], [ -72.002291064367284, 5.102821399724887 ], [ -72.002291190266192, 5.102794297323744 ], [ -72.002345123407878, 5.102821652200022 ] ] ], [ [ [ -72.002426211973784, 5.102822030904219 ], [ -72.00237202703299, 5.102848880839046 ], [ -72.002372152929169, 5.10282177843589 ], [ -72.002426211973784, 5.102822030904219 ] ] ], [ [ [ -72.002480145129468, 5.102849385773864 ], [ -72.00248001923714, 5.102876488179692 ], [ -72.002425960185263, 5.102876235713203 ], [ -72.002480145129468, 5.102849385773864 ] ] ], [ [ [ -72.002534078291717, 5.102876740641643 ], [ -72.002533952400967, 5.102903843048792 ], [ -72.00247989334413, 5.102903590585491 ], [ -72.002534078291717, 5.102876740641643 ] ] ], [ [ [ -72.002588011460503, 5.102904095507555 ], [ -72.00258788557133, 5.102931197916025 ], [ -72.002533826509534, 5.102930945455914 ], [ -72.002588011460503, 5.102904095507555 ] ] ], [ [ [ -72.002641944635855, 5.1029314503716 ], [ -72.002641818748288, 5.102958552781374 ], [ -72.002587759681504, 5.102958300324452 ], [ -72.002641944635855, 5.1029314503716 ] ] ], [ [ [ -72.002695877817757, 5.102958805233759 ], [ -72.002749559236705, 5.103040364918948 ], [ -72.002695500157756, 5.103040112467056 ], [ -72.002695877817757, 5.102958805233759 ] ] ], [ [ [ -72.002857299757068, 5.103122177054278 ], [ -72.002803240665898, 5.103121924607417 ], [ -72.002749559236705, 5.103040364918948 ], [ -72.002803618318438, 5.103040617366303 ], [ -72.002857299757068, 5.103122177054278 ] ] ], [ [ [ -72.009597751689441, 5.124266981064783 ], [ -72.009736814020215, 5.123427433711828 ], [ -72.009549869829087, 5.122938702490602 ], [ -72.009418625835977, 5.122097890911241 ], [ -72.009720751398802, 5.121069383715076 ], [ -72.010182663723882, 5.120556582860693 ], [ -72.010453598317525, 5.120422333286397 ], [ -72.010942288130707, 5.119963862778718 ], [ -72.011486549229389, 5.119180412616021 ], [ -72.012328395036306, 5.118344144183251 ], [ -72.012137797509311, 5.118641389733361 ], [ -72.011214104032149, 5.119639894377412 ], [ -72.011050409948297, 5.119964367955139 ], [ -72.010534437722384, 5.120476917449328 ], [ -72.010182159691198, 5.120664993191464 ], [ -72.009774308186351, 5.121178046751621 ], [ -72.009472056464347, 5.122233656554014 ], [ -72.009790622968765, 5.123481891715666 ], [ -72.009734418062422, 5.123942382522658 ], [ -72.009597751689441, 5.124266981064783 ] ] ], [ [ [ -72.009515650856173, 5.124483422186158 ], [ -72.009543438237444, 5.12432093327187 ], [ -72.009597751689441, 5.124266981064783 ], [ -72.009569964330808, 5.124429469991123 ], [ -72.009515650856173, 5.124483422186158 ] ] ], [ [ [ -72.009372675987422, 5.126163148470889 ], [ -72.009350187383745, 5.125187329879011 ], [ -72.009515650856173, 5.124483422186158 ], [ -72.009404753262444, 5.125079172622891 ], [ -72.009372675987422, 5.126163148470889 ] ] ], [ [ [ -72.00942648498183, 5.126217606617447 ], [ -72.009425980261469, 5.126326016853849 ], [ -72.009398949579051, 5.126325890336314 ], [ -72.00942648498183, 5.126217606617447 ] ] ], [ [ [ -72.009452884763917, 5.126353245929948 ], [ -72.009452506217926, 5.126434553608954 ], [ -72.009425475530293, 5.12643442708987 ], [ -72.009452884763917, 5.126353245929948 ] ] ], [ [ [ -72.009479410724026, 5.126461782687189 ], [ -72.009479032173346, 5.126543090367967 ], [ -72.009452001480483, 5.126542963847331 ], [ -72.009479410724026, 5.126461782687189 ] ] ], [ [ [ -72.009505936683098, 5.126570319448268 ], [ -72.00950568431351, 5.126624524569906 ], [ -72.009478653616583, 5.126624398048393 ], [ -72.009505936683098, 5.126570319448268 ] ] ], [ [ [ -72.00953258882646, 5.126651753651712 ], [ -72.009532336455095, 5.126705958774537 ], [ -72.009505305754075, 5.126705832252147 ], [ -72.00953258882646, 5.126651753651712 ] ] ], [ [ [ -72.009531957892975, 5.126787266458561 ], [ -72.009559240971257, 5.126733187857835 ], [ -72.009558988598116, 5.12678739298183 ], [ -72.009531957892975, 5.126787266458561 ] ] ], [ [ [ -72.009558610033324, 5.126868700667687 ], [ -72.009558862410529, 5.126814495543846 ], [ -72.009585893117446, 5.126814622066648 ], [ -72.009558610033324, 5.126868700667687 ] ] ], [ [ [ -72.009612671452388, 5.126868953714838 ], [ -72.00961241907703, 5.126923158841279 ], [ -72.009585388364883, 5.12692303231693 ], [ -72.009612671452388, 5.126868953714838 ] ] ], [ [ [ -72.009612040508912, 5.127004466530731 ], [ -72.009612292888335, 5.126950261404461 ], [ -72.009639323602286, 5.126950387928344 ], [ -72.009612040508912, 5.127004466530731 ] ] ], [ [ [ -72.009666101942059, 5.127004719580046 ], [ -72.009665849564485, 5.127058924708917 ], [ -72.009638818845289, 5.127058798183485 ], [ -72.009666101942059, 5.127004719580046 ] ] ], [ [ [ -72.009692880284362, 5.127059051233211 ], [ -72.009692627906361, 5.127113256363355 ], [ -72.009665597184195, 5.127113129837718 ], [ -72.009692880284362, 5.127059051233211 ] ] ], [ [ [ -72.009719658629152, 5.127113382887853 ], [ -72.009719406250724, 5.127167588019238 ], [ -72.009692375525646, 5.127167461493396 ], [ -72.009719658629152, 5.127113382887853 ] ] ], [ [ [ -72.009746436976471, 5.12716771454394 ], [ -72.009746184597617, 5.127221919676482 ], [ -72.009719153869582, 5.127221793150436 ], [ -72.009746436976471, 5.12716771454394 ] ] ], [ [ [ -72.009773215326305, 5.12722204620139 ], [ -72.009772962947011, 5.127276251335206 ], [ -72.009745932216035, 5.127276124808955 ], [ -72.009773215326305, 5.12722204620139 ] ] ], [ [ [ -72.009799993678669, 5.127276377860319 ], [ -72.009799867489136, 5.127303480427869 ], [ -72.009772836756341, 5.127303353902084 ], [ -72.009799993678669, 5.127276377860319 ] ] ], [ [ [ -72.009799615108065, 5.12735768556289 ], [ -72.009799741298934, 5.127330582995391 ], [ -72.009826772033534, 5.12733070952071 ], [ -72.009799615108065, 5.12735768556289 ] ] ], [ [ [ -72.009853676580235, 5.127357938613729 ], [ -72.009853550390943, 5.127385041182546 ], [ -72.009826519653373, 5.127384914657023 ], [ -72.009853676580235, 5.127357938613729 ] ] ], [ [ [ -72.009880581129181, 5.12738516770693 ], [ -72.009880328750853, 5.12743937284586 ], [ -72.009853298010356, 5.127439246320133 ], [ -72.009880581129181, 5.12738516770693 ] ] ], [ [ [ -72.009907359492047, 5.127439499370446 ], [ -72.009907233302997, 5.127466601940513 ], [ -72.009880202560694, 5.127466475415252 ], [ -72.009907359492047, 5.127439499370446 ] ] ], [ [ [ -72.009934264045995, 5.127466728464632 ], [ -72.009934137857414, 5.127493831035362 ], [ -72.009907107113293, 5.12749370451057 ], [ -72.009934264045995, 5.127466728464632 ] ] ], [ [ [ -72.009933885478247, 5.12754803617674 ], [ -72.009961168602217, 5.127493957559015 ], [ -72.009960916225324, 5.127548162701737 ], [ -72.009933885478247, 5.12754803617674 ] ] ], [ [ [ -72.009987946973055, 5.127548289225594 ], [ -72.00998782078473, 5.127575391797589 ], [ -72.009960790035848, 5.127575265273061 ], [ -72.009987946973055, 5.127548289225594 ] ] ], [ [ [ -72.010014851534308, 5.127575518320979 ], [ -72.010014599157913, 5.127629723466219 ], [ -72.009987568406046, 5.127629596941485 ], [ -72.010014851534308, 5.127575518320979 ] ] ], [ [ [ -72.010041629910418, 5.127629849989813 ], [ -72.010041503722334, 5.127656952563076 ], [ -72.010014472968692, 5.127656826038808 ], [ -72.010041629910418, 5.127629849989813 ] ] ], [ [ [ -72.010095439045173, 5.127684308182768 ], [ -72.010095186670171, 5.127738513331884 ], [ -72.010041251344148, 5.12771115770952 ], [ -72.010095439045173, 5.127684308182768 ] ] ], [ [ [ -72.01012221742927, 5.127738639854747 ], [ -72.010122091241882, 5.12776574242992 ], [ -72.01009506048166, 5.127765615906386 ], [ -72.01012221742927, 5.127738639854747 ] ] ], [ [ [ -72.010149122002787, 5.127765868952317 ], [ -72.010148869628281, 5.127820074103914 ], [ -72.010121838865103, 5.127819947580173 ], [ -72.010149122002787, 5.127765868952317 ] ] ], [ [ [ -72.010175900392142, 5.127820200626514 ], [ -72.01017577420501, 5.127847303202955 ], [ -72.010148743439998, 5.127847176679683 ], [ -72.010175900392142, 5.127820200626514 ] ] ], [ [ [ -72.010202804970675, 5.127847429725089 ], [ -72.010202552596667, 5.127901634879218 ], [ -72.010175521828728, 5.127901508355741 ], [ -72.010202804970675, 5.127847429725089 ] ] ], [ [ [ -72.010229583365273, 5.127901761401557 ], [ -72.010229457178383, 5.127928863979263 ], [ -72.01020242640864, 5.127928737456253 ], [ -72.010229583365273, 5.127901761401557 ] ] ], [ [ [ -72.010256487948809, 5.127928990501132 ], [ -72.010256361762373, 5.127956093079487 ], [ -72.010229330990825, 5.127955966556943 ], [ -72.010256487948809, 5.127928990501132 ] ] ], [ [ [ -72.010283392534589, 5.127956219600891 ], [ -72.010283140161988, 5.12801042475886 ], [ -72.010256109387512, 5.128010298236114 ], [ -72.010283392534589, 5.127956219600891 ] ] ], [ [ [ -72.010310170937217, 5.128010551280466 ], [ -72.010310044751037, 5.128037653860069 ], [ -72.010283013974686, 5.128037527337789 ], [ -72.010310170937217, 5.128010551280466 ] ] ], [ [ [ -72.010337075528042, 5.128037780381209 ], [ -72.010336949342317, 5.128064882961524 ], [ -72.01030991856419, 5.128064756439713 ], [ -72.010337075528042, 5.128037780381209 ] ] ], [ [ [ -72.010363980121127, 5.128065009482196 ], [ -72.010363727749947, 5.128119214643974 ], [ -72.010336696968864, 5.128119088121958 ], [ -72.010363980121127, 5.128065009482196 ] ] ], [ [ [ -72.010363601563341, 5.128146317224833 ], [ -72.010390758531699, 5.12811934116485 ], [ -72.01039063234623, 5.128146443746382 ], [ -72.010363601563341, 5.128146317224833 ] ] ], [ [ [ -72.0104176631298, 5.12814657026679 ], [ -72.010417410759118, 5.128200775431119 ], [ -72.010390379973259, 5.128200648909368 ], [ -72.0104176631298, 5.12814657026679 ] ] ], [ [ [ -72.010471346148748, 5.128228131054708 ], [ -72.010471093778563, 5.128282336221518 ], [ -72.010417158385721, 5.128254980595327 ], [ -72.010471346148748, 5.128228131054708 ] ] ], [ [ [ -72.01049812456985, 5.128282462741867 ], [ -72.010497998384864, 5.128309565325932 ], [ -72.01047096759244, 5.12830943880491 ], [ -72.01049812456985, 5.128282462741867 ] ] ], [ [ [ -72.01052502917797, 5.128309691845813 ], [ -72.010524776808253, 5.128363897015239 ], [ -72.010497746012888, 5.128363770494014 ], [ -72.01052502917797, 5.128309691845813 ] ] ], [ [ [ -72.010551807604287, 5.128364023535325 ], [ -72.010551681419557, 5.128391126120654 ], [ -72.010524650622386, 5.128390999599897 ], [ -72.010551807604287, 5.128364023535325 ] ] ], [ [ [ -72.010605616832805, 5.128418481745432 ], [ -72.010605364464524, 5.128472686918599 ], [ -72.010551429048064, 5.128445331291218 ], [ -72.010605616832805, 5.128418481745432 ] ] ], [ [ [ -72.010632395267152, 5.128472813437954 ], [ -72.010632269083132, 5.128499916025196 ], [ -72.010605238279354, 5.128499789505169 ], [ -72.010632395267152, 5.128472813437954 ] ] ], [ [ [ -72.010659299887564, 5.128500042544083 ], [ -72.010659173703999, 5.12852714513197 ], [ -72.01063214289843, 5.128527018612411 ], [ -72.010659299887564, 5.128500042544083 ] ] ], [ [ [ -72.01068620451025, 5.128527271650389 ], [ -72.010685952143376, 5.128581476827413 ], [ -72.010658921334851, 5.128581350307649 ], [ -72.01068620451025, 5.128527271650389 ] ] ], [ [ [ -72.010712982952569, 5.128581603346037 ], [ -72.010712856769246, 5.12860870593519 ], [ -72.010685825958916, 5.128608579415896 ], [ -72.010712982952569, 5.128581603346037 ] ] ], [ [ [ -72.010739887580257, 5.128608832453346 ], [ -72.010739761397403, 5.128635935043145 ], [ -72.010712730585254, 5.128635808524318 ], [ -72.010739887580257, 5.128608832453346 ] ] ], [ [ [ -72.010766792210219, 5.128636061560832 ], [ -72.010766539844752, 5.128690266741731 ], [ -72.010739509029662, 5.128690140222699 ], [ -72.010766792210219, 5.128636061560832 ] ] ], [ [ [ -72.010793570660539, 5.128690393259624 ], [ -72.010793444477926, 5.128717495850672 ], [ -72.010766413661003, 5.128717369332109 ], [ -72.010793570660539, 5.128690393259624 ] ] ], [ [ [ -72.010820475295517, 5.128717622368096 ], [ -72.010820349113359, 5.128744724959808 ], [ -72.010793318294645, 5.128744598441712 ], [ -72.010820475295517, 5.128717622368096 ] ] ], [ [ [ -72.010820096747054, 5.128798930143152 ], [ -72.010847379932756, 5.128744851476764 ], [ -72.010847127568709, 5.128799056661453 ], [ -72.010820096747054, 5.128798930143152 ] ] ], [ [ [ -72.010874158391061, 5.128799183178612 ], [ -72.010874032209159, 5.128826285771591 ], [ -72.010847001385685, 5.128826159253759 ], [ -72.010874158391061, 5.128799183178612 ] ] ], [ [ [ -72.010901063033316, 5.128826412288281 ], [ -72.010900936851883, 5.128853514881889 ], [ -72.010873906026589, 5.128853388364525 ], [ -72.010901063033316, 5.128826412288281 ] ] ], [ [ [ -72.01095487232466, 5.128880870508138 ], [ -72.010954619962959, 5.128935075697943 ], [ -72.010900684486984, 5.128907720069057 ], [ -72.01095487232466, 5.128880870508138 ] ] ], [ [ [ -72.010981650793681, 5.128935202213902 ], [ -72.010981524612959, 5.128962304809439 ], [ -72.010954493781099, 5.128962178292806 ], [ -72.010981650793681, 5.128935202213902 ] ] ], [ [ [ -72.0110085554455, 5.12896243132493 ], [ -72.011008429265232, 5.128989533921145 ], [ -72.010981398431554, 5.128989407404982 ], [ -72.0110085554455, 5.12896243132493 ] ] ], [ [ [ -72.011035460099578, 5.128989660436168 ], [ -72.011035333919779, 5.129016763032996 ], [ -72.011008303084282, 5.129016636517299 ], [ -72.011035460099578, 5.128989660436168 ] ] ], [ [ [ -72.011116174075511, 5.129071347770835 ], [ -72.011115921717987, 5.129125552968339 ], [ -72.011035081558134, 5.129070968226557 ], [ -72.011116174075511, 5.129071347770835 ] ] ], [ [ [ -72.011142952560732, 5.129125679482163 ], [ -72.011142826382084, 5.129152782081547 ], [ -72.011115795538203, 5.129152655567053 ], [ -72.011142952560732, 5.129125679482163 ] ] ], [ [ [ -72.011169857226633, 5.129152908594904 ], [ -72.011169731048454, 5.129180011194918 ], [ -72.011142700202768, 5.129179884680891 ], [ -72.011169857226633, 5.129152908594904 ] ] ], [ [ [ -72.011196761894837, 5.129180137707806 ], [ -72.011196635717113, 5.129207240308482 ], [ -72.011169604869607, 5.129207113794923 ], [ -72.011196761894837, 5.129180137707806 ] ] ], [ [ [ -72.0112236665653, 5.129207366820902 ], [ -72.011223540388031, 5.129234469422223 ], [ -72.011196509538721, 5.129234342909133 ], [ -72.0112236665653, 5.129207366820902 ] ] ], [ [ [ -72.011250571238065, 5.129234595934175 ], [ -72.011250445061251, 5.129261698536144 ], [ -72.011223414210107, 5.129261572023522 ], [ -72.011250571238065, 5.129234595934175 ] ] ], [ [ [ -72.011277475913076, 5.129261825047626 ], [ -72.011277349736744, 5.129288927650223 ], [ -72.011250318883796, 5.129288801138069 ], [ -72.011277475913076, 5.129261825047626 ] ] ], [ [ [ -72.01130438059036, 5.129289054161239 ], [ -72.011304254414497, 5.12931615676455 ], [ -72.01127722355973, 5.129316030252864 ], [ -72.01130438059036, 5.129289054161239 ] ] ], [ [ [ -72.011304128237938, 5.129343259367767 ], [ -72.011331285269904, 5.129316283275096 ], [ -72.01133115909451, 5.129343385878986 ], [ -72.011304128237938, 5.129343259367767 ] ] ], [ [ [ -72.011358189951764, 5.129343512389064 ], [ -72.011358063776811, 5.129370614993617 ], [ -72.011331032918434, 5.129370488482866 ], [ -72.011358189951764, 5.129343512389064 ] ] ], [ [ [ -72.011385094635855, 5.129370741503227 ], [ -72.011384968461371, 5.129397844108425 ], [ -72.011357937601176, 5.129397717598142 ], [ -72.011385094635855, 5.129370741503227 ] ] ], [ [ [ -72.001325360736601, 5.066200767404479 ], [ -72.001325485767509, 5.066173664996763 ], [ -72.001352513735384, 5.066173790371123 ], [ -72.001325360736601, 5.066200767404479 ] ] ], [ [ [ -72.001165426005542, 5.077420659366147 ], [ -72.000978106788793, 5.077013243876675 ], [ -72.000979109278873, 5.076796424755629 ], [ -72.001277925232742, 5.076472578081092 ], [ -72.001683476499409, 5.07644736001227 ], [ -72.001979786894282, 5.076665561015526 ], [ -72.002031839468685, 5.077099450889348 ], [ -72.001759801074058, 5.077477628413532 ], [ -72.001407930065824, 5.077584404655208 ], [ -72.001165426005542, 5.077420659366147 ] ], [ [ -72.001250270384134, 5.076607964435534 ], [ -72.001113624767697, 5.076932564967109 ], [ -72.001274040977833, 5.077312752405451 ], [ -72.00140868191481, 5.077421790253126 ], [ -72.001706245353489, 5.077368967508458 ], [ -72.001950879428406, 5.077071971625072 ], [ -72.001952132142719, 5.076800947481359 ], [ -72.001656072278195, 5.076528541620357 ], [ -72.001250270384134, 5.076607964435534 ] ] ], [ [ [ -71.999458315672726, 5.090015583516726 ], [ -72.000403322767355, 5.090236813200096 ], [ -72.000428843685555, 5.090562167588666 ], [ -72.000210098241453, 5.091103206623623 ], [ -72.00004717015841, 5.09126506451111 ], [ -71.998828477200561, 5.091774335375382 ], [ -71.998179278881608, 5.09187971760355 ], [ -71.997855183037586, 5.09182399922596 ], [ -71.997504813344861, 5.091605540805022 ], [ -71.99739908819457, 5.091090092659667 ], [ -71.997535113375875, 5.090901007372148 ], [ -71.997887369671389, 5.090712931042654 ], [ -71.998051806974004, 5.090225846268709 ], [ -71.998242140984232, 5.089982808185342 ], [ -71.998729415342382, 5.089822463717632 ], [ -71.999107819836638, 5.089824228551654 ], [ -71.999458315672726, 5.090015583516726 ] ], [ [ -71.998477100626417, 5.091772695829705 ], [ -71.999614203649742, 5.091371456977543 ], [ -72.000047924385541, 5.09110245038144 ], [ -72.000186211473093, 5.090425521618035 ], [ -71.999997762960319, 5.090262025315251 ], [ -71.999484590380376, 5.09017832360881 ], [ -71.999107065563777, 5.089986842547005 ], [ -71.998728660974763, 5.089985077656315 ], [ -71.998403811310524, 5.090091973975879 ], [ -71.998076572015322, 5.090713813888743 ], [ -71.997588290563598, 5.091090975714459 ], [ -71.99758640340967, 5.091497510116011 ], [ -71.997990579405283, 5.091770425373809 ], [ -71.998477100626417, 5.091772695829705 ] ] ], [ [ [ -71.998062184485875, 5.099630597547306 ], [ -71.998062058488102, 5.099657699845597 ], [ -71.998035029206434, 5.099657573506553 ], [ -71.998062184485875, 5.099630597547306 ] ] ], [ [ [ -71.998089087770452, 5.099657826183504 ], [ -71.998088961773135, 5.099684928482475 ], [ -71.998061932489662, 5.099684802143893 ], [ -71.998089087770452, 5.099657826183504 ] ] ], [ [ [ -71.99811599105729, 5.099685054819926 ], [ -71.998115865060427, 5.099712157119461 ], [ -71.998088835775135, 5.099712030781337 ], [ -71.99811599105729, 5.099685054819926 ] ] ], [ [ [ -71.998142894346387, 5.099712283456453 ], [ -71.998142768349965, 5.099739385756689 ], [ -71.998115739062882, 5.099739259419022 ], [ -71.998142894346387, 5.099712283456453 ] ] ], [ [ [ -71.998169797637743, 5.099739512093221 ], [ -71.99816967164179, 5.099766614394107 ], [ -71.998142642352889, 5.099766488056899 ], [ -71.998169797637743, 5.099739512093221 ] ] ], [ [ [ -71.998196700931359, 5.09976674073018 ], [ -71.998196574935847, 5.099793843031713 ], [ -71.99816954564514, 5.099793716694964 ], [ -71.998196700931359, 5.09976674073018 ] ] ], [ [ [ -71.998223604227235, 5.099793969367329 ], [ -71.998223478232177, 5.099821071669546 ], [ -71.998196448939666, 5.099820945333255 ], [ -71.998223604227235, 5.099793969367329 ] ] ], [ [ [ -71.998250507525356, 5.099821198004703 ], [ -71.998250381530767, 5.099848300307532 ], [ -71.998223352236437, 5.099848173971701 ], [ -71.998250507525356, 5.099821198004703 ] ] ], [ [ [ -71.998277410825779, 5.099848426642231 ], [ -71.99827728483163, 5.099875528945746 ], [ -71.998250255535481, 5.099875402610371 ], [ -71.998277410825779, 5.099848426642231 ] ] ], [ [ [ -71.9982771588368, 5.09990263124915 ], [ -71.998304314128447, 5.099875655279985 ], [ -71.998304188134739, 5.099902757584063 ], [ -71.9982771588368, 5.09990263124915 ] ] ], [ [ [ -71.998331217433375, 5.099902883917845 ], [ -71.998331091440122, 5.099929986222623 ], [ -71.998304062140363, 5.099929859888167 ], [ -71.998331217433375, 5.099902883917845 ] ] ], [ [ [ -71.998358120740548, 5.099930112555946 ], [ -71.998357994747735, 5.099957214861371 ], [ -71.998330965446186, 5.099957088527374 ], [ -71.998358120740548, 5.099930112555946 ] ] ], [ [ [ -71.998385024049981, 5.099957341194235 ], [ -71.998384898057637, 5.099984443500294 ], [ -71.998357868754269, 5.099984317166755 ], [ -71.998385024049981, 5.099957341194235 ] ] ], [ [ [ -71.998411927361687, 5.0999845698327 ], [ -71.998411801369784, 5.100011672139424 ], [ -71.998384772064625, 5.100011545806344 ], [ -71.998411927361687, 5.0999845698327 ] ] ], [ [ [ -71.998438830675667, 5.10001179847137 ], [ -71.998438704684219, 5.100038900778743 ], [ -71.998411675377227, 5.100038774446123 ], [ -71.998438830675667, 5.10001179847137 ] ] ], [ [ [ -71.998465733991893, 5.10003902711023 ], [ -71.998465608000899, 5.100066129418252 ], [ -71.998438578692102, 5.10006600308609 ], [ -71.998465733991893, 5.10003902711023 ] ] ], [ [ [ -71.998492637310363, 5.100066255749281 ], [ -71.998492511319824, 5.100093358057952 ], [ -71.998465482009237, 5.100093231726247 ], [ -71.998492637310363, 5.100066255749281 ] ] ], [ [ [ -71.998519540631108, 5.100093484388522 ], [ -71.998519414641038, 5.100120586697826 ], [ -71.998492385328618, 5.100120460366581 ], [ -71.998519540631108, 5.100093484388522 ] ] ], [ [ [ -71.998546443954126, 5.100120713027937 ], [ -71.998546317964497, 5.100147815337957 ], [ -71.998519288650272, 5.10014768900717 ], [ -71.998546443954126, 5.100120713027937 ] ] ], [ [ [ -71.99857334727939, 5.100147941667609 ], [ -71.998573221290201, 5.10017504397821 ], [ -71.998546191974185, 5.100174917647882 ], [ -71.99857334727939, 5.100147941667609 ] ] ], [ [ [ -71.998627153936724, 5.100202398947404 ], [ -71.998626901959497, 5.10025660357121 ], [ -71.998572969309819, 5.100229248599367 ], [ -71.998627153936724, 5.100202398947404 ] ] ], [ [ [ -71.998653931280941, 5.10025672990016 ], [ -71.998653805292449, 5.100283832212698 ], [ -71.998626775969868, 5.100283705883072 ], [ -71.998653931280941, 5.10025672990016 ] ] ], [ [ [ -71.998680834615712, 5.10028395854119 ], [ -71.998680708627674, 5.100311060854358 ], [ -71.998653679303274, 5.100310934525194 ], [ -71.998680834615712, 5.10028395854119 ] ] ], [ [ [ -71.998707737952742, 5.100311187182394 ], [ -71.998707611965145, 5.10033828949623 ], [ -71.99868058263894, 5.100338163167522 ], [ -71.998707737952742, 5.100311187182394 ] ] ], [ [ [ -71.998707485976865, 5.10036539181004 ], [ -71.998734641292046, 5.100338415823805 ], [ -71.998734515304903, 5.100365518138288 ], [ -71.998707485976865, 5.10036539181004 ] ] ], [ [ [ -71.998761544633581, 5.100365644465404 ], [ -71.998761418646893, 5.100392746780537 ], [ -71.998734389317079, 5.100392620452746 ], [ -71.998761544633581, 5.100365644465404 ] ] ], [ [ [ -71.99878844797739, 5.100392873107193 ], [ -71.998788196004227, 5.100447077738765 ], [ -71.998761166671471, 5.100446951410761 ], [ -71.99878844797739, 5.100392873107193 ] ] ], [ [ [ -71.998815225337665, 5.100447204065638 ], [ -71.998815099351205, 5.100474306382043 ], [ -71.99878807001663, 5.100474180054497 ], [ -71.998815225337665, 5.100447204065638 ] ] ], [ [ [ -71.998842128686448, 5.100474432708457 ], [ -71.998842002700428, 5.100501535025545 ], [ -71.998814973364063, 5.100501408698458 ], [ -71.998842128686448, 5.100474432708457 ] ] ], [ [ [ -71.998869032037476, 5.100501661351498 ], [ -71.998868906051911, 5.100528763669151 ], [ -71.99884187671374, 5.100528637342521 ], [ -71.998869032037476, 5.100501661351498 ] ] ], [ [ [ -71.998895935390806, 5.100528889994646 ], [ -71.998895809405695, 5.100555992312997 ], [ -71.998868780065678, 5.100555865986827 ], [ -71.998895935390806, 5.100528889994646 ] ] ], [ [ [ -71.998922838746381, 5.100556118638033 ], [ -71.998922712761711, 5.100583220957034 ], [ -71.998895683419917, 5.100583094631324 ], [ -71.998922838746381, 5.100556118638033 ] ] ], [ [ [ -71.998949742104202, 5.100583347281613 ], [ -71.998949490135104, 5.100637551920865 ], [ -71.998922460790368, 5.10063742559494 ], [ -71.998949742104202, 5.100583347281613 ] ] ], [ [ [ -71.998976519480522, 5.10063767824566 ], [ -71.998976393496093, 5.100664780565933 ], [ -71.998949364149553, 5.100664654240465 ], [ -71.998976519480522, 5.10063767824566 ] ] ], [ [ [ -71.99900342284333, 5.100664906890267 ], [ -71.999003296859357, 5.100692009211187 ], [ -71.998976267510997, 5.100691882886178 ], [ -71.99900342284333, 5.100664906890267 ] ] ], [ [ [ -71.999030326208384, 5.100692135535063 ], [ -71.999030200224851, 5.100719237856631 ], [ -71.999003170874687, 5.100719111532081 ], [ -71.999030326208384, 5.100692135535063 ] ] ], [ [ [ -71.999057229575726, 5.100719364180048 ], [ -71.999057103592648, 5.100746466502248 ], [ -71.99903007424065, 5.100746340178158 ], [ -71.999057229575726, 5.100719364180048 ] ] ], [ [ [ -71.999084132945313, 5.100746592825207 ], [ -71.999083880979384, 5.100800797470948 ], [ -71.999056851624459, 5.100800671146641 ], [ -71.999084132945313, 5.100746592825207 ] ] ], [ [ [ -71.999110910334991, 5.100800923794121 ], [ -71.999110784352141, 5.10082802611761 ], [ -71.999083754995411, 5.100827899793762 ], [ -71.999110910334991, 5.100800923794121 ] ] ], [ [ [ -71.999110658368622, 5.100855128441073 ], [ -71.999137813709538, 5.100828152440323 ], [ -71.999137687727156, 5.100855254764462 ], [ -71.999110658368622, 5.100855128441073 ] ] ], [ [ [ -71.999164717086359, 5.100855381086715 ], [ -71.999164591104417, 5.100882483411503 ], [ -71.999137561744064, 5.100882357088572 ], [ -71.999164717086359, 5.100855381086715 ] ] ], [ [ [ -71.999191620465439, 5.100882609733299 ], [ -71.999191494483952, 5.100909712058733 ], [ -71.999164465121794, 5.100909585736264 ], [ -71.999191620465439, 5.100882609733299 ] ] ], [ [ [ -71.999218523846793, 5.100909838380071 ], [ -71.999218397865761, 5.100936940706139 ], [ -71.999191368501783, 5.100936814384127 ], [ -71.999218523846793, 5.100909838380071 ] ] ], [ [ [ -71.999245427230406, 5.100937067027017 ], [ -71.999245175268555, 5.100991271680456 ], [ -71.999218145901651, 5.100991145358229 ], [ -71.999245427230406, 5.100937067027017 ] ] ], [ [ [ -71.999272204636128, 5.100991398001548 ], [ -71.999272078655324, 5.101018500328905 ], [ -71.9992450492866, 5.101018374007137 ], [ -71.999272204636128, 5.100991398001548 ] ] ], [ [ [ -71.999299108024701, 5.101018626649539 ], [ -71.999298982044351, 5.101045728977542 ], [ -71.999271952673823, 5.101045602656236 ], [ -71.999299108024701, 5.101018626649539 ] ] ], [ [ [ -71.999326011415519, 5.101045855297717 ], [ -71.99932588543561, 5.101072957626404 ], [ -71.999298856063319, 5.101072831305555 ], [ -71.999326011415519, 5.101045855297717 ] ] ], [ [ [ -71.999352914808668, 5.10107308394612 ], [ -71.999352788829214, 5.101100186275421 ], [ -71.999325759455033, 5.101100059955031 ], [ -71.999352914808668, 5.10107308394612 ] ] ], [ [ [ -71.999379818204034, 5.101100312594678 ], [ -71.99937969222502, 5.101127414924662 ], [ -71.999352662849077, 5.101127288604731 ], [ -71.999379818204034, 5.101100312594678 ] ] ], [ [ [ -71.999406721601645, 5.101127541243458 ], [ -71.9994065956231, 5.101154643574008 ], [ -71.999379566245352, 5.101154517254536 ], [ -71.999406721601645, 5.101127541243458 ] ] ], [ [ [ -71.999433625001529, 5.101154769892347 ], [ -71.999433499023425, 5.101181872223593 ], [ -71.999406469643873, 5.10118174590458 ], [ -71.999433625001529, 5.101154769892347 ] ] ], [ [ [ -71.999460528403674, 5.101181998541472 ], [ -71.999460402426038, 5.101209100873367 ], [ -71.999433373044667, 5.101208974554815 ], [ -71.999460528403674, 5.101181998541472 ] ] ], [ [ [ -71.999487431808078, 5.101209227190788 ], [ -71.999487305830883, 5.101236329523332 ], [ -71.999460276447707, 5.101236203205239 ], [ -71.999487431808078, 5.101209227190788 ] ] ], [ [ [ -71.999514335214769, 5.101236455840293 ], [ -71.999514209238015, 5.10126355817352 ], [ -71.99948717985302, 5.101263431855886 ], [ -71.999514335214769, 5.101236455840293 ] ] ], [ [ [ -71.999568142034875, 5.101290913139856 ], [ -71.999594919472955, 5.101345244125068 ], [ -71.999540860692804, 5.10134499149142 ], [ -71.999514209238015, 5.10126355817352 ], [ -71.999568142034875, 5.101290913139856 ] ] ], [ [ [ -71.999621948864046, 5.101345370440191 ], [ -71.999621822889111, 5.101372472775979 ], [ -71.999594793496897, 5.101372346460181 ], [ -71.999621948864046, 5.101345370440191 ] ] ], [ [ [ -71.999648852282007, 5.101372599090642 ], [ -71.999648726307541, 5.101399701427114 ], [ -71.999621696913508, 5.101399575111775 ], [ -71.999648852282007, 5.101372599090642 ] ] ], [ [ [ -71.999702659124779, 5.10142705639213 ], [ -71.999702533151194, 5.101454158729916 ], [ -71.999648474356562, 5.101453906099941 ], [ -71.999702659124779, 5.10142705639213 ] ] ], [ [ [ -71.999729562549533, 5.101454285043202 ], [ -71.999729436576416, 5.101481387381533 ], [ -71.999702407176954, 5.101481261067572 ], [ -71.999729562549533, 5.101454285043202 ] ] ], [ [ [ -71.999756465976546, 5.10148151369436 ], [ -71.999756340003884, 5.101508616033392 ], [ -71.999729310602618, 5.101508489719889 ], [ -71.999756465976546, 5.10148151369436 ] ] ], [ [ [ -71.999783369405833, 5.101508742345759 ], [ -71.999783243433626, 5.101535844685437 ], [ -71.99975621403054, 5.101535718372395 ], [ -71.999783369405833, 5.101508742345759 ] ] ], [ [ [ -71.999810272837365, 5.101535970997347 ], [ -71.999810146865613, 5.101563073337657 ], [ -71.999783117460723, 5.101562947025075 ], [ -71.999810272837365, 5.101535970997347 ] ] ], [ [ [ -71.999837176271186, 5.101563199649105 ], [ -71.999837050299888, 5.101590301990082 ], [ -71.999810020893179, 5.101590175677958 ], [ -71.999837176271186, 5.101563199649105 ] ] ], [ [ [ -71.999864079707265, 5.101590428301072 ], [ -71.999863953736408, 5.101617530642696 ], [ -71.999836924327909, 5.101617404331033 ], [ -71.999864079707265, 5.101590428301072 ] ] ], [ [ [ -71.999890983145576, 5.101617656953226 ], [ -71.999890857175188, 5.1016447592955 ], [ -71.999863827764884, 5.101644632984295 ], [ -71.999890983145576, 5.101617656953226 ] ] ], [ [ [ -71.999917886586175, 5.10164488560557 ], [ -71.999917760616228, 5.101671987948492 ], [ -71.999890731204118, 5.101671861637747 ], [ -71.999917886586175, 5.10164488560557 ] ] ], [ [ [ -71.999944664059527, 5.101699216601656 ], [ -71.999944790029033, 5.101672114258102 ], [ -71.999971819442493, 5.10167224056658 ], [ -71.999944664059527, 5.101699216601656 ] ] ], [ [ [ -71.99999872288943, 5.101699469218826 ], [ -71.999998596921529, 5.10172657156377 ], [ -71.999971567505099, 5.101726445255078 ], [ -71.99999872288943, 5.101699469218826 ] ] ], [ [ [ -72.000025626338626, 5.101726697871328 ], [ -72.000025500371166, 5.101753800216905 ], [ -71.999998470952946, 5.101753673908673 ], [ -72.000025626338626, 5.101726697871328 ] ] ], [ [ [ -72.000025374403037, 5.10178090256237 ], [ -72.000052529790068, 5.101753926524003 ], [ -72.000052403823062, 5.101781028870143 ], [ -72.000025374403037, 5.10178090256237 ] ] ], [ [ [ -72.000079307277218, 5.101808257523621 ], [ -72.000079433243783, 5.101781155176782 ], [ -72.000106462665173, 5.101781281482288 ], [ -72.000079307277218, 5.101808257523621 ] ] ], [ [ [ -72.000133366122967, 5.101808510134848 ], [ -72.000133240157993, 5.101835612483009 ], [ -72.000106210733648, 5.101835486177289 ], [ -72.000133366122967, 5.101808510134848 ] ] ], [ [ [ -72.000160269582992, 5.101835738787595 ], [ -72.000160143618473, 5.101862841136406 ], [ -72.000133114192352, 5.101862714831145 ], [ -72.000160269582992, 5.101835738787595 ] ] ], [ [ [ -72.000187047081226, 5.101890069790025 ], [ -72.000187173045305, 5.101862967440534 ], [ -72.000214202472776, 5.101863093743527 ], [ -72.000187047081226, 5.101890069790025 ] ] ], [ [ [ -72.000241105939168, 5.101890322396226 ], [ -72.000240979976681, 5.101917424746959 ], [ -72.000213950546254, 5.10191729844375 ], [ -72.000241105939168, 5.101890322396226 ] ] ], [ [ [ -72.000267883445773, 5.101944653400461 ], [ -72.00026800940779, 5.101917551049032 ], [ -72.000295038839596, 5.101917677349972 ], [ -72.000267883445773, 5.101944653400461 ] ] ], [ [ [ -72.000348971746575, 5.101945032301904 ], [ -72.000348845787258, 5.101972134655331 ], [ -72.000294786917138, 5.101971882054154 ], [ -72.000348971746575, 5.101945032301904 ] ] ], [ [ [ -72.000375875223355, 5.101972260954219 ], [ -72.000375749264492, 5.101999363308292 ], [ -72.000348719827272, 5.101999237008733 ], [ -72.000375875223355, 5.101972260954219 ] ] ], [ [ [ -72.00042980814095, 5.101999615904014 ], [ -72.000429682183679, 5.102026718259447 ], [ -72.000402652743972, 5.102026591961478 ], [ -72.00042980814095, 5.101999615904014 ] ] ], [ [ [ -72.000483741065139, 5.10202697085198 ], [ -72.000483615109445, 5.102054073208683 ], [ -72.000456585667251, 5.10205394691231 ], [ -72.000483741065139, 5.10202697085198 ] ] ], [ [ [ -72.000537673995851, 5.10205432579803 ], [ -72.000537548041748, 5.102081428156125 ], [ -72.000510518597082, 5.102081301861344 ], [ -72.000537673995851, 5.10205432579803 ] ] ], [ [ [ -72.000591606933128, 5.102081680742284 ], [ -72.000591480980603, 5.102108783101599 ], [ -72.000564451533435, 5.102108656808413 ], [ -72.000591606933128, 5.102081680742284 ] ] ], [ [ [ -72.000672443376374, 5.102136264335719 ], [ -72.000618384476397, 5.102136011753667 ], [ -72.000618510428467, 5.102108909393652 ], [ -72.000672443376374, 5.102136264335719 ] ] ], [ [ [ -72.000726502279051, 5.102136516913236 ], [ -72.000726376330832, 5.102163619275923 ], [ -72.000699346878008, 5.102163492987057 ], [ -72.000726502279051, 5.102136516913236 ] ] ], [ [ [ -72.000753279836573, 5.102190847926972 ], [ -72.000807464693352, 5.102163998135717 ], [ -72.000807338747848, 5.102191100500383 ], [ -72.000753279836573, 5.102190847926972 ] ] ], [ [ [ -72.000888301177042, 5.102218581718672 ], [ -72.000834242259444, 5.102218329150718 ], [ -72.000834368204494, 5.102191226785386 ], [ -72.000888301177042, 5.102218581718672 ] ] ], [ [ [ -72.000969389558563, 5.1022189605621 ], [ -72.000969263618487, 5.102246062930774 ], [ -72.000915204694536, 5.102245810368276 ], [ -72.000969389558563, 5.1022189605621 ] ] ], [ [ [ -72.001023322545123, 5.102246315488737 ], [ -72.001023196606624, 5.102273417858737 ], [ -72.000996167141835, 5.102273291579649 ], [ -72.001023322545123, 5.102246315488737 ] ] ], [ [ [ -72.001104159069314, 5.102300899061195 ], [ -72.001050100134037, 5.102300646507339 ], [ -72.001050226072081, 5.102273544136692 ], [ -72.001104159069314, 5.102300899061195 ] ] ], [ [ [ -72.001131062602624, 5.102328127709048 ], [ -72.00113118853794, 5.102301025336422 ], [ -72.001185247477252, 5.102301277883473 ], [ -72.001131062602624, 5.102328127709048 ] ] ], [ [ [ -72.001239180488469, 5.102328632801312 ], [ -72.00123905455699, 5.102355735176676 ], [ -72.00118499561043, 5.102355482631465 ], [ -72.001239180488469, 5.102328632801312 ] ] ], [ [ [ -72.001265958100248, 5.102382963823527 ], [ -72.001266084031272, 5.102355861447581 ], [ -72.001320142981882, 5.102356113985989 ], [ -72.001265958100248, 5.102382963823527 ] ] ], [ [ [ -72.001374076008673, 5.102383468898504 ], [ -72.001373950081501, 5.102410571277137 ], [ -72.001319891123657, 5.102410318740569 ], [ -72.001374076008673, 5.102383468898504 ] ] ], [ [ [ -71.997906945678835, 5.068976500246865 ], [ -71.997826362663545, 5.068867714208427 ], [ -71.997881170083417, 5.068705351463923 ], [ -71.998069739855239, 5.068841742127461 ], [ -71.998042210918499, 5.068950025844185 ], [ -71.997906945678835, 5.068976500246865 ] ] ], [ [ [ -71.997113861775688, 5.070978427918237 ], [ -71.996870985245067, 5.070895989968517 ], [ -71.996817430477975, 5.070787329445617 ], [ -71.996873366458189, 5.070381046404302 ], [ -71.997227236909126, 5.069840633910053 ], [ -71.997606380874004, 5.069679778842465 ], [ -71.997820350206496, 5.070168625450608 ], [ -71.998008544382117, 5.070386323335694 ], [ -71.9980069157711, 5.070738653512342 ], [ -71.997708729912404, 5.070926987749667 ], [ -71.997113861775688, 5.070978427918237 ] ], [ [ -71.997307443926204, 5.070030726945439 ], [ -71.997035534659773, 5.070381800373347 ], [ -71.997006877472913, 5.070734004566656 ], [ -71.997087460337639, 5.070842790758117 ], [ -71.997655049665198, 5.070845429523938 ], [ -71.997844747335321, 5.070737899734063 ], [ -71.997872902968979, 5.070494104505922 ], [ -71.997577473671811, 5.070086187891875 ], [ -71.997307443926204, 5.070030726945439 ] ] ], [ [ [ -71.990586675769435, 5.073848037194764 ], [ -71.990588309408764, 5.073495709463744 ], [ -71.990481202692138, 5.073278388389782 ], [ -71.98999608136738, 5.07297799683051 ], [ -71.989590410544324, 5.073030310670099 ], [ -71.98942774000291, 5.073137962858254 ], [ -71.989049474337662, 5.073109096030024 ], [ -71.988643552234706, 5.073215613349175 ], [ -71.988698739685205, 5.072971946728314 ], [ -71.989320256678582, 5.073001948161745 ], [ -71.989672374218642, 5.072840973994076 ], [ -71.989996709718667, 5.072842486235505 ], [ -71.99050885896699, 5.073143003735261 ], [ -71.990696421431636, 5.073496213473878 ], [ -71.990667508496841, 5.073902619500423 ], [ -71.990340155739602, 5.074551558317541 ], [ -71.99009652626448, 5.074631730260261 ], [ -71.989880930552658, 5.074495211222605 ], [ -71.989016411244293, 5.074409870473191 ], [ -71.988719606288896, 5.074300075036583 ], [ -71.988505143054596, 5.073919637048635 ], [ -71.98858836469131, 5.073459279938951 ], [ -71.988613883697013, 5.073784631031459 ], [ -71.988801319030756, 5.074164942900495 ], [ -71.990205769739831, 5.074388315359274 ], [ -71.990477181249517, 5.074145656562981 ], [ -71.990586675769435, 5.073848037194764 ] ] ], [ [ [ -71.986208528017286, 5.085373320756207 ], [ -71.986667127884658, 5.0855651849728 ], [ -71.9867478347484, 5.085646870453112 ], [ -71.98626220638468, 5.085454879764097 ], [ -71.986208528017286, 5.085373320756207 ] ] ], [ [ [ -71.986801891578907, 5.085647123384399 ], [ -71.986801765457543, 5.085674225412734 ], [ -71.986747708624776, 5.085673972480092 ], [ -71.986801891578907, 5.085647123384399 ] ] ], [ [ [ -71.986855822293023, 5.085674478340855 ], [ -71.986882598473784, 5.085728808863847 ], [ -71.986828541632434, 5.085728555935276 ], [ -71.986855822293023, 5.085674478340855 ] ] ], [ [ [ -71.986909374656975, 5.085783139388228 ], [ -71.986936655317876, 5.085729061787895 ], [ -71.986963431506965, 5.085783392312726 ], [ -71.986909374656975, 5.085783139388228 ] ] ], [ [ [ -71.987017488359612, 5.085783645232703 ], [ -71.987044264557056, 5.085837975759509 ], [ -71.986990207698526, 5.085837722839083 ], [ -71.987017488359612, 5.085783645232703 ] ] ], [ [ [ -71.987098321418316, 5.085838228675414 ], [ -71.987125097624087, 5.085892559204127 ], [ -71.987071040756945, 5.085892306287773 ], [ -71.987098321418316, 5.085838228675414 ] ] ], [ [ [ -71.987152126058675, 5.085892685660608 ], [ -71.987151999945837, 5.085919787697485 ], [ -71.987124971510127, 5.085919661240325 ], [ -71.987152126058675, 5.085892685660608 ] ] ], [ [ [ -71.987206056819304, 5.08592004060841 ], [ -71.98725973536645, 5.086001599633446 ], [ -71.987205678483491, 5.086001346722978 ], [ -71.987206056819304, 5.08592004060841 ] ] ], [ [ [ -71.987286763808953, 5.086001726086985 ], [ -71.987286637699029, 5.086028828127125 ], [ -71.987259609255403, 5.086028701672909 ], [ -71.987286763808953, 5.086001726086985 ] ] ], [ [ [ -71.987313666143336, 5.08602895458021 ], [ -71.987313540033853, 5.086056056621071 ], [ -71.987286511588422, 5.086055930167309 ], [ -71.987313666143336, 5.08602895458021 ] ] ], [ [ [ -71.987340568479965, 5.086056183073703 ], [ -71.987340442370936, 5.086083285115114 ], [ -71.987313413923715, 5.086083158661804 ], [ -71.987340568479965, 5.086056183073703 ] ] ], [ [ [ -71.987421149395729, 5.086164970598567 ], [ -71.987394120943051, 5.086164844146617 ], [ -71.987340442370936, 5.086083285115114 ], [ -71.987421401610433, 5.086110766511728 ], [ -71.987421149395729, 5.086164970598567 ] ] ], [ [ [ -71.987448177849089, 5.086165097049388 ], [ -71.987448051741836, 5.086192199093454 ], [ -71.987421023287368, 5.086192072641956 ], [ -71.987448177849089, 5.086165097049388 ] ] ], [ [ [ -71.987475080196987, 5.086192325543821 ], [ -71.987474954090189, 5.086219427588539 ], [ -71.987447925633916, 5.086219301137496 ], [ -71.987475080196987, 5.086192325543821 ] ] ], [ [ [ -71.987528884899575, 5.086246782533282 ], [ -71.987528632687088, 5.08630098662528 ], [ -71.987474701874547, 5.086273631677896 ], [ -71.987528884899575, 5.086246782533282 ] ] ], [ [ [ -71.987555661148789, 5.086301113074964 ], [ -71.987555535042645, 5.086328215121663 ], [ -71.987528506579821, 5.0863280886713 ], [ -71.987555661148789, 5.086301113074964 ] ] ], [ [ [ -71.987609465865816, 5.086355570067003 ], [ -71.987609213654636, 5.086409774162823 ], [ -71.987555282828339, 5.086382419214858 ], [ -71.987609465865816, 5.086355570067003 ] ] ], [ [ [ -71.987636242122903, 5.086409900611826 ], [ -71.987636116017413, 5.086437002660399 ], [ -71.987609087548037, 5.086436876210721 ], [ -71.987636242122903, 5.086409900611826 ] ] ], [ [ [ -71.987635863804414, 5.086491206757503 ], [ -71.987663144487485, 5.086437129108949 ], [ -71.987662892276731, 5.086491333207406 ], [ -71.987635863804414, 5.086491206757503 ] ] ], [ [ [ -71.987689920749744, 5.086491459656179 ], [ -71.987689794644467, 5.086518561705979 ], [ -71.987662766170331, 5.086518435256531 ], [ -71.987689920749744, 5.086491459656179 ] ] ], [ [ [ -71.9877168231193, 5.0865186881543 ], [ -71.987716570908987, 5.086572892255279 ], [ -71.987689542431895, 5.086572765805605 ], [ -71.9877168231193, 5.0865186881543 ] ] ], [ [ [ -71.987743599386718, 5.086573018703821 ], [ -71.987743473281654, 5.08660012075495 ], [ -71.9877164448028, 5.086599994305729 ], [ -71.987743599386718, 5.086573018703821 ] ] ], [ [ [ -71.987770501761219, 5.086600247203039 ], [ -71.987770249551318, 5.086654451306605 ], [ -71.987743221069508, 5.08665432485716 ], [ -71.987770501761219, 5.086600247203039 ] ] ], [ [ [ -71.987797278033796, 5.08665457775492 ], [ -71.987797151928959, 5.086681679807357 ], [ -71.987770123445358, 5.086681553358367 ], [ -71.987797278033796, 5.08665457775492 ] ] ], [ [ [ -71.987824180413256, 5.086681806255218 ], [ -71.987823928203781, 5.086736010361252 ], [ -71.987796899717225, 5.086735883912038 ], [ -71.987824180413256, 5.086681806255218 ] ] ], [ [ [ -71.987850956691005, 5.086736136809338 ], [ -71.987850704481062, 5.086790340916657 ], [ -71.987823675991592, 5.086790214467219 ], [ -71.987850956691005, 5.086736136809338 ] ] ], [ [ [ -71.987877732971256, 5.086790467364965 ], [ -71.987877606866405, 5.08681756941927 ], [ -71.987850578375074, 5.086817442970287 ], [ -71.987877732971256, 5.086790467364965 ] ] ], [ [ [ -71.987904635358376, 5.086817695867126 ], [ -71.987904383148859, 5.086871899977015 ], [ -71.987877354654628, 5.086871773527807 ], [ -71.987904635358376, 5.086817695867126 ] ] ], [ [ [ -71.987931411643771, 5.086872026425094 ], [ -71.987931159433785, 5.086926230536218 ], [ -71.987904130936627, 5.086926104086785 ], [ -71.987931411643771, 5.086872026425094 ] ] ], [ [ [ -71.987958187931625, 5.086926356984519 ], [ -71.987958061826745, 5.086953459040778 ], [ -71.987931033327769, 5.086953332591798 ], [ -71.987958187931625, 5.086926356984519 ] ] ], [ [ [ -71.987985090326404, 5.086953585488628 ], [ -71.987984838116844, 5.087007789602304 ], [ -71.987957809614926, 5.087007663153101 ], [ -71.987985090326404, 5.086953585488628 ] ] ], [ [ [ -71.988011866619416, 5.087007916050377 ], [ -71.98801174051475, 5.087035018107862 ], [ -71.987984712011055, 5.087034891659112 ], [ -71.988011866619416, 5.087007916050377 ] ] ], [ [ [ -71.98803876901917, 5.08703514455548 ], [ -71.988038516810036, 5.087089348671729 ], [ -71.988011488303371, 5.087089222222754 ], [ -71.98803876901917, 5.08703514455548 ] ] ], [ [ [ -71.98803839070446, 5.087116450729845 ], [ -71.988065545317383, 5.08708947511957 ], [ -71.988065419212916, 5.087116577178365 ], [ -71.98803839070446, 5.087116450729845 ] ] ], [ [ [ -71.988092447722067, 5.087116703625754 ], [ -71.98809219551336, 5.087170907744504 ], [ -71.988065167001963, 5.087170781295761 ], [ -71.988092447722067, 5.087116703625754 ] ] ], [ [ [ -71.988119224025425, 5.087171034192115 ], [ -71.988119097921185, 5.087198136252154 ], [ -71.988092069407983, 5.087198009803865 ], [ -71.988119224025425, 5.087171034192115 ] ] ], [ [ [ -71.988146126435069, 5.087198262699314 ], [ -71.98814600033127, 5.087225364760004 ], [ -71.988118971816263, 5.087225238312168 ], [ -71.988146126435069, 5.087198262699314 ] ] ], [ [ [ -71.988173028846958, 5.087225491206709 ], [ -71.988172902743614, 5.087252593268085 ], [ -71.988145874226788, 5.087252466820701 ], [ -71.988173028846958, 5.087225491206709 ] ] ], [ [ [ -71.98822683367753, 5.087279948222125 ], [ -71.988226581471935, 5.087334152347369 ], [ -71.988172650534864, 5.087306797390719 ], [ -71.98822683367753, 5.087279948222125 ] ] ], [ [ [ -71.988253609994175, 5.087334278793391 ], [ -71.988253483891484, 5.08736138085666 ], [ -71.988226455368121, 5.08736125440996 ], [ -71.988253609994175, 5.087334278793391 ] ] ], [ [ [ -71.988280512415542, 5.087361507302228 ], [ -71.988280386313292, 5.087388609366148 ], [ -71.988253357788111, 5.087388482919901 ], [ -71.988280512415542, 5.087361507302228 ] ] ], [ [ [ -71.988307414839156, 5.087388735811262 ], [ -71.988307288737374, 5.087415837875816 ], [ -71.988280260210374, 5.087415711430024 ], [ -71.988307414839156, 5.087388735811262 ] ] ], [ [ [ -71.988334317265057, 5.087415964320477 ], [ -71.988334065061665, 5.087470168450896 ], [ -71.988307036531737, 5.08747004200488 ], [ -71.988334317265057, 5.087415964320477 ] ] ], [ [ [ -71.988361093592275, 5.08747029489578 ], [ -71.988360967490678, 5.087497396961627 ], [ -71.988333938958959, 5.087497270516065 ], [ -71.988361093592275, 5.08747029489578 ] ] ], [ [ [ -71.988387996023093, 5.087497523406059 ], [ -71.988387743820155, 5.087551727539013 ], [ -71.988360715285481, 5.087551601093226 ], [ -71.988387996023093, 5.087497523406059 ] ] ], [ [ [ -71.988414772355497, 5.087551853983665 ], [ -71.988414520152062, 5.087606058117921 ], [ -71.988387491614461, 5.087605931671911 ], [ -71.988414772355497, 5.087551853983665 ] ] ], [ [ [ -71.988441548690361, 5.087606184562798 ], [ -71.988441422588735, 5.087633286630547 ], [ -71.988414394049343, 5.087633160184992 ], [ -71.988441548690361, 5.087606184562798 ] ] ], [ [ [ -71.98844117038351, 5.087687490765968 ], [ -71.988441296486471, 5.087660388698271 ], [ -71.988468325027668, 5.087660515143371 ], [ -71.98844117038351, 5.087687490765968 ] ] ], [ [ [ -71.988467946720121, 5.087741821348399 ], [ -71.988495227468889, 5.087687743656394 ], [ -71.988494975265425, 5.087741947794401 ], [ -71.988467946720121, 5.087741821348399 ] ] ], [ [ [ -71.988522003811397, 5.087742074239271 ], [ -71.988521751607465, 5.087796278378547 ], [ -71.988494723059247, 5.087796151932323 ], [ -71.988522003811397, 5.087742074239271 ] ] ], [ [ [ -71.988548780156364, 5.08779640482364 ], [ -71.988548527951977, 5.087850608964166 ], [ -71.988521499400818, 5.087850482517718 ], [ -71.988548780156364, 5.08779640482364 ] ] ], [ [ [ -71.988548149640266, 5.087931915174828 ], [ -71.98854840184876, 5.087877711034423 ], [ -71.98857543040171, 5.087877837480417 ], [ -71.988548149640266, 5.087931915174828 ] ] ], [ [ [ -71.988602206751395, 5.087932168068393 ], [ -71.988601954544706, 5.087986372211317 ], [ -71.988574925986555, 5.087986245763744 ], [ -71.988602206751395, 5.087932168068393 ] ] ], [ [ [ -71.988628983103524, 5.087986498657757 ], [ -71.988628730896366, 5.088040702801983 ], [ -71.988601702335288, 5.088040576354189 ], [ -71.988628983103524, 5.087986498657757 ] ] ], [ [ [ -71.988628352580534, 5.088122009018109 ], [ -71.988628604791771, 5.088067804874038 ], [ -71.988655633354696, 5.088067931321379 ], [ -71.988628352580534, 5.088122009018109 ] ] ], [ [ [ -71.988682409711544, 5.088122261914367 ], [ -71.988682157502097, 5.088176466061024 ], [ -71.988655128933999, 5.088176339612107 ], [ -71.988682409711544, 5.088122261914367 ] ] ], [ [ [ -71.988681779182826, 5.088257772280876 ], [ -71.988682031396351, 5.088203568134373 ], [ -71.988709059966254, 5.088203694582837 ], [ -71.988681779182826, 5.088257772280876 ] ] ], [ [ [ -71.988735836327791, 5.088258025179381 ], [ -71.98873545800916, 5.088339331403026 ], [ -71.988708429432947, 5.088339204952309 ], [ -71.988735836327791, 5.088258025179381 ] ] ], [ [ [ -71.988762486586054, 5.088339457852612 ], [ -71.98876210826468, 5.08842076407804 ], [ -71.988735079684403, 5.088420637626422 ], [ -71.988762486586054, 5.088339457852612 ] ] ], [ [ [ -71.988789136845639, 5.088420890528528 ], [ -71.988788884630239, 5.088475094680049 ], [ -71.988761856047034, 5.088474968228208 ], [ -71.988789136845639, 5.088420890528528 ] ] ], [ [ [ -71.98881578710656, 5.08850232320719 ], [ -71.988815534889341, 5.088556527359942 ], [ -71.988788506302029, 5.088556400907203 ], [ -71.98881578710656, 5.08850232320719 ] ] ], [ [ [ -71.988842437368788, 5.088583755888499 ], [ -71.98884218514975, 5.088637960042417 ], [ -71.988815156558402, 5.088637833588777 ], [ -71.988842437368788, 5.088583755888499 ] ] ], [ [ [ -71.988869087632338, 5.088665188572524 ], [ -71.988868709300007, 5.088746494805142 ], [ -71.988841680703473, 5.088746368349925 ], [ -71.988869087632338, 5.088665188572524 ] ] ], [ [ [ -71.988867952616957, 5.088909107269734 ], [ -71.988895611786205, 5.088773723337399 ], [ -71.988894981220938, 5.08890923372788 ], [ -71.988867952616957, 5.088909107269734 ] ] ], [ [ [ -71.988921883711612, 5.088936462263589 ], [ -71.988920874775374, 5.089153278892214 ], [ -71.988893846160579, 5.089153152429104 ], [ -71.988921883711612, 5.088936462263589 ] ] ], [ [ [ -71.988920748655275, 5.089180380970706 ], [ -71.988919361289362, 5.089478503832002 ], [ -71.988892332661038, 5.089478377360772 ], [ -71.988920748655275, 5.089180380970706 ] ] ], [ [ [ -71.988892206531659, 5.089505479438293 ], [ -71.988891702007308, 5.089613887747857 ], [ -71.988864673373996, 5.089613761272111 ], [ -71.988892206531659, 5.089505479438293 ] ] ], [ [ [ -71.988837518606331, 5.089640736871221 ], [ -71.988864547240084, 5.089640863348777 ], [ -71.988864042697614, 5.089749271655164 ], [ -71.988837518606331, 5.089640736871221 ] ] ], [ [ [ -71.988836635641974, 5.089830451402439 ], [ -71.988809607001002, 5.089830324919014 ], [ -71.988809985421767, 5.089749018693508 ], [ -71.988836635641974, 5.089830451402439 ] ] ], [ [ [ -71.988782452217947, 5.089857300508886 ], [ -71.988809480859388, 5.089857426994118 ], [ -71.988809102430466, 5.089938733219314 ], [ -71.988782452217947, 5.089857300508886 ] ] ], [ [ [ -71.988781821494015, 5.089992810880622 ], [ -71.988754792847644, 5.089992684390874 ], [ -71.988755045141517, 5.089938480243656 ], [ -71.988781821494015, 5.089992810880622 ] ] ], [ [ [ -71.988754666699705, 5.090019786464471 ], [ -71.98875441440174, 5.090073990611621 ], [ -71.988727385752668, 5.09007386411871 ], [ -71.988754666699705, 5.090019786464471 ] ] ], [ [ [ -71.988700230952006, 5.090100839696833 ], [ -71.988727259601532, 5.09010096619155 ], [ -71.988727007297257, 5.09015517033714 ], [ -71.988700230952006, 5.090100839696833 ] ] ], [ [ [ -71.988699600180553, 5.090236350057235 ], [ -71.988672571526052, 5.090236223558002 ], [ -71.988672949994367, 5.090154917343866 ], [ -71.988699600180553, 5.090236350057235 ] ] ], [ [ [ -71.988672319210451, 5.090290427700642 ], [ -71.988645290554388, 5.090290301198922 ], [ -71.988645542872234, 5.090236097057636 ], [ -71.988672319210451, 5.090290427700642 ] ] ], [ [ [ -71.993208910942485, 5.097033131476034 ], [ -71.993693289906048, 5.097496145138519 ], [ -71.994397307234792, 5.09722841085549 ], [ -71.994937637013905, 5.097285143723015 ], [ -71.995881135355432, 5.097831612332081 ], [ -71.99652706264294, 5.098430894994123 ], [ -71.997497090024723, 5.099085898515817 ], [ -71.996499655348416, 5.098512075401564 ], [ -71.995799795808068, 5.097885437658438 ], [ -71.994910103618778, 5.097393426197221 ], [ -71.994505045333028, 5.097310223210619 ], [ -71.993719688348563, 5.097631782564325 ], [ -71.99339723140271, 5.097223732078214 ], [ -71.99318162961525, 5.097087209354803 ], [ -71.992101225135144, 5.096919536336322 ], [ -71.991885623941826, 5.096783013398243 ], [ -71.993208910942485, 5.097033131476034 ] ] ], [ [ [ -71.997524119269073, 5.099086024863352 ], [ -71.997523993262277, 5.099113127148661 ], [ -71.997496964016776, 5.099113000800452 ], [ -71.997524119269073, 5.099086024863352 ] ] ], [ [ [ -71.997578051755283, 5.099113379841683 ], [ -71.99765863548852, 5.099222168027223 ], [ -71.997604576982368, 5.099221915335602 ], [ -71.997578051755283, 5.099113379841683 ] ] ], [ [ [ -71.994737840343703, 5.099560844993768 ], [ -71.99449583903386, 5.099288684571658 ], [ -71.994469566681914, 5.099125944838482 ], [ -71.994606478293434, 5.098747146230944 ], [ -71.995172955860141, 5.098993721708368 ], [ -71.995495540780851, 5.099374670233293 ], [ -71.995440851856472, 5.099509928517182 ], [ -71.995034657035049, 5.099670645050371 ], [ -71.994737840343703, 5.099560844993768 ] ], [ [ -71.995199480630816, 5.099102257060433 ], [ -71.994822081012572, 5.098883668974952 ], [ -71.994686935176546, 5.098883036682953 ], [ -71.994550906458656, 5.099072119840496 ], [ -71.994576674298514, 5.099343268427403 ], [ -71.994872860198029, 5.099588579577547 ], [ -71.995197210642701, 5.099590097146321 ], [ -71.995414074855901, 5.099455597607008 ], [ -71.995199480630816, 5.099102257060433 ] ] ], [ [ [ -71.99768566474259, 5.099222294371335 ], [ -71.997685538739177, 5.099249396660595 ], [ -71.997658509483955, 5.099249270315811 ], [ -71.99768566474259, 5.099222294371335 ] ] ], [ [ [ -71.997712567995066, 5.099249523004247 ], [ -71.997712441992107, 5.099276625294075 ], [ -71.997685412735095, 5.099276498949747 ], [ -71.997712567995066, 5.099249523004247 ] ] ], [ [ [ -71.997739471249801, 5.099276751637269 ], [ -71.997739345247282, 5.099303853927796 ], [ -71.997712315988466, 5.099303727583927 ], [ -71.997739471249801, 5.099276751637269 ] ] ], [ [ [ -71.997766374506796, 5.099303980270531 ], [ -71.997766248504732, 5.099331082561707 ], [ -71.997739219244096, 5.099330956218297 ], [ -71.997766374506796, 5.099303980270531 ] ] ], [ [ [ -71.99779327776605, 5.099331208903984 ], [ -71.997793151764441, 5.099358311195792 ], [ -71.997766122502, 5.099358184852841 ], [ -71.99779327776605, 5.099331208903984 ] ] ], [ [ [ -71.997820181027592, 5.099358437537611 ], [ -71.997820055026423, 5.099385539830084 ], [ -71.997793025762149, 5.099385413487592 ], [ -71.997820181027592, 5.099358437537611 ] ] ], [ [ [ -71.997847084291365, 5.099385666171445 ], [ -71.997846958290651, 5.099412768464568 ], [ -71.997819929024587, 5.099412642122533 ], [ -71.997847084291365, 5.099385666171445 ] ] ], [ [ [ -71.997873987557398, 5.09941289480547 ], [ -71.997873861557139, 5.099439997099242 ], [ -71.99784683228927, 5.099439870757665 ], [ -71.997873987557398, 5.09941289480547 ] ] ], [ [ [ -71.99790089082569, 5.099440123439685 ], [ -71.997900764825886, 5.099467225734107 ], [ -71.997873735556212, 5.099467099392987 ], [ -71.99790089082569, 5.099440123439685 ] ] ], [ [ [ -71.997927794096228, 5.099467352074091 ], [ -71.997927668096878, 5.099494454369142 ], [ -71.997900638825399, 5.099494328028483 ], [ -71.997927794096228, 5.099467352074091 ] ] ], [ [ [ -71.997954697369082, 5.09949458070867 ], [ -71.997954571370187, 5.09952168300444 ], [ -71.997927542096846, 5.099521556664238 ], [ -71.997954697369082, 5.09949458070867 ] ] ], [ [ [ -71.997981600644152, 5.099521809343506 ], [ -71.997981474645727, 5.099548911639857 ], [ -71.997954445370624, 5.099548785300115 ], [ -71.997981600644152, 5.099521809343506 ] ] ], [ [ [ -71.998008503921497, 5.099549037978467 ], [ -71.998008377923512, 5.099576140275484 ], [ -71.99798134864659, 5.0995760139362 ], [ -71.998008503921497, 5.099549037978467 ] ] ], [ [ [ -71.998035407201101, 5.099576266613635 ], [ -71.998035155205329, 5.099630471208939 ], [ -71.99800812592548, 5.09963034486944 ], [ -71.998035407201101, 5.099576266613635 ] ] ] ] } },
{ "type": "Feature", "properties": { "PATTERN": "Oscillating Cold Spot", "Shape_Area": 46379285.999998309 }, "geometry": { "type": "MultiPolygon", "coordinates": [ [ [ [ -72.081898989925634, 5.084540081156509 ], [ -72.081170504597537, 5.084238626656831 ], [ -72.080658998469133, 5.083775525583107 ], [ -72.080254393987929, 5.083583957847648 ], [ -72.079878164347505, 5.08309436490265 ], [ -72.080123760634947, 5.082580485020463 ], [ -72.080154333091855, 5.081794581787719 ], [ -72.088202524072898, 5.0833759820965 ], [ -72.087575940949407, 5.084457352705199 ], [ -72.087168893685856, 5.084807877965266 ], [ -72.086166313724945, 5.085345444041591 ], [ -72.085652117858814, 5.085478642645549 ], [ -72.084868223794857, 5.085475095027157 ], [ -72.084139124153609, 5.085309164644065 ], [ -72.08357282027437, 5.085008445958299 ], [ -72.083140205970651, 5.085033591959634 ], [ -72.082357168961167, 5.084840310894131 ], [ -72.081898989925634, 5.084540081156509 ] ] ], [ [ [ -72.064009832371099, 5.089310499591041 ], [ -72.064038338558362, 5.088985375667984 ], [ -72.064473776727567, 5.088336853684616 ], [ -72.064557695388089, 5.087713832644513 ], [ -72.06483021186871, 5.087227193896398 ], [ -72.065890662852297, 5.085849695856234 ], [ -72.066947426115888, 5.08528531373984 ], [ -72.067758337742134, 5.085289006080374 ], [ -72.068486931719519, 5.085563368799036 ], [ -72.069349820279186, 5.086028074580379 ], [ -72.070022883702933, 5.086627439398977 ], [ -72.070264318415553, 5.087035107694131 ], [ -72.070315190043218, 5.087740060058143 ], [ -72.070150062029128, 5.088389820037673 ], [ -72.069743253381674, 5.088686119215921 ], [ -72.06858192090823, 5.088463994217837 ], [ -72.067770759099716, 5.088514508671439 ], [ -72.067337533719936, 5.088675162417711 ], [ -72.067174490711679, 5.088864151528509 ], [ -72.066819407970542, 5.08967567032937 ], [ -72.06686965979236, 5.090516140890935 ], [ -72.067003829668408, 5.090733589060661 ], [ -72.066975447215327, 5.091031609910456 ], [ -72.066540990655994, 5.091463301979449 ], [ -72.066242916163958, 5.091624569968126 ], [ -72.065566904800633, 5.091675695618576 ], [ -72.064406434409705, 5.091263833209914 ], [ -72.063948514246491, 5.090909385040312 ], [ -72.063733746285195, 5.09058315101851 ], [ -72.063709914185182, 5.089878325544112 ], [ -72.064009832371099, 5.089310499591041 ] ] ], [ [ [ -72.089111850182263, 5.097556056570982 ], [ -72.088895720923148, 5.097527972324555 ], [ -72.088678370231008, 5.097770933302679 ], [ -72.088543213110356, 5.097770320874059 ], [ -72.087706216854315, 5.097549687143643 ], [ -72.087059052351478, 5.097194388009263 ], [ -72.086356359383302, 5.097164097187864 ], [ -72.085844475490163, 5.096782305783064 ], [ -72.085548964879436, 5.096374390547835 ], [ -72.085310084221632, 5.095397527129554 ], [ -72.08553134497707, 5.094287224991965 ], [ -72.085535377233981, 5.093392777956322 ], [ -72.085050527059607, 5.093011110370769 ], [ -72.084590753369199, 5.093063236213667 ], [ -72.084132568735384, 5.092763004193461 ], [ -72.083808195503337, 5.092761533466327 ], [ -72.083482722094928, 5.093004002236458 ], [ -72.082833975861547, 5.093001059825351 ], [ -72.08223855829236, 5.093160988300368 ], [ -72.08188727666726, 5.093132289479289 ], [ -72.081452699736545, 5.093591100892876 ], [ -72.081182266639786, 5.093616978324192 ], [ -72.079512952121405, 5.092145736105596 ], [ -72.078811616265355, 5.091817293137723 ], [ -72.078136210362871, 5.091732911087749 ], [ -72.076457476590676, 5.092348693946036 ], [ -72.076131757737414, 5.092645365983928 ], [ -72.075995132436418, 5.092970002233592 ], [ -72.074751097792344, 5.093099868584472 ], [ -72.07421158384345, 5.092853471608571 ], [ -72.073374117885749, 5.092741242269496 ], [ -72.072970495550166, 5.092332834794125 ], [ -72.073026029265307, 5.092007830978635 ], [ -72.073462078848152, 5.091223778104785 ], [ -72.073597723275, 5.091115976243205 ], [ -72.074328535368778, 5.090902462170644 ], [ -72.074600069048216, 5.090632649394986 ], [ -72.075032806822435, 5.090580407288698 ], [ -72.075412708387233, 5.090256876993176 ], [ -72.075659170741247, 5.089553272988029 ], [ -72.075689263762001, 5.088875790309765 ], [ -72.075825152314621, 5.088713779025213 ], [ -72.076284797380353, 5.088688762315102 ], [ -72.076691360543805, 5.088446665759715 ], [ -72.077934775567229, 5.088452311635361 ], [ -72.078989710345652, 5.088294470672778 ], [ -72.07958414339646, 5.088351377602526 ], [ -72.080339172207019, 5.088761376055349 ], [ -72.081064970593545, 5.089659129888255 ], [ -72.081684969969231, 5.090041410693146 ], [ -72.082384718519677, 5.090722207237029 ], [ -72.082573568671592, 5.090804378415922 ], [ -72.082790061050858, 5.090751150174373 ], [ -72.08292582712312, 5.090616240994534 ], [ -72.083769285765541, 5.089400340872353 ], [ -72.084500831554678, 5.089024185563198 ], [ -72.085176483657477, 5.089054350876301 ], [ -72.087198928079459, 5.090147709253226 ], [ -72.087954456309461, 5.090449284645193 ], [ -72.090493310439967, 5.090921557236953 ], [ -72.091869830036515, 5.091388568530228 ], [ -72.092328020800196, 5.091688796541602 ], [ -72.093135669525779, 5.092424286863445 ], [ -72.093727312991547, 5.093104590650589 ], [ -72.094777151570398, 5.094085122459034 ], [ -72.09617986406171, 5.094741985232241 ], [ -72.097257471893187, 5.095560010280169 ], [ -72.098230120966008, 5.095672823091211 ], [ -72.098850508739616, 5.095973782047887 ], [ -72.099415982425739, 5.096464230267872 ], [ -72.099656955447628, 5.09698031932661 ], [ -72.099409898054347, 5.097819469695635 ], [ -72.099165882606457, 5.097981000045058 ], [ -72.098814470725586, 5.097979413337591 ], [ -72.097302768172369, 5.097511795569754 ], [ -72.096116179418132, 5.096883013145057 ], [ -72.094062391658952, 5.09673820324912 ], [ -72.093412903961024, 5.096897897221373 ], [ -72.092601959150542, 5.096894228821834 ], [ -72.092113684661356, 5.09727149186453 ], [ -72.091840441439174, 5.097920779068662 ], [ -72.091378586959863, 5.098433686172588 ], [ -72.090945228215418, 5.098621459943012 ], [ -72.089810027245662, 5.098589213253506 ], [ -72.089567354553125, 5.098452588366222 ], [ -72.089325048411936, 5.098234649814041 ], [ -72.089246396700858, 5.09769219156651 ], [ -72.089111850182263, 5.097556056570982 ] ] ], [ [ [ -72.061997071928275, 5.098001841105434 ], [ -72.060594678344827, 5.097290711876715 ], [ -72.059220800079444, 5.09625445929469 ], [ -72.058978634500235, 5.096009411826153 ], [ -72.058629950318135, 5.09541152020467 ], [ -72.058496647670239, 5.095004344807111 ], [ -72.058471713974626, 5.094543456595291 ], [ -72.058608963363895, 5.094083310363321 ], [ -72.059425673784546, 5.092813140037473 ], [ -72.06004971694982, 5.092301009480101 ], [ -72.060887909210038, 5.092250631395018 ], [ -72.061589840878369, 5.092443569586639 ], [ -72.062587509059796, 5.092990216005052 ], [ -72.063694533059461, 5.093266316327709 ], [ -72.065154065098795, 5.093300083546131 ], [ -72.066235661320178, 5.093223705230464 ], [ -72.067181244153275, 5.093336436653151 ], [ -72.068313339358966, 5.094046318357165 ], [ -72.06863512762861, 5.09461698219644 ], [ -72.068648510771197, 5.09762565425526 ], [ -72.068427219853447, 5.098735933128547 ], [ -72.068125449391005, 5.099710321131218 ], [ -72.067799600389094, 5.100034088557989 ], [ -72.067394135248691, 5.10003223720319 ], [ -72.065909524666097, 5.099564679174774 ], [ -72.064638454782511, 5.099694393919412 ], [ -72.064097959680879, 5.099664818965921 ], [ -72.063666574422285, 5.099418906562207 ], [ -72.06310163758728, 5.098820025341172 ], [ -72.061997071928275, 5.098001841105434 ] ] ], [ [ [ -72.07547582134535, 5.100204613767726 ], [ -72.075179828608753, 5.099905113449974 ], [ -72.07447873706586, 5.099522453872856 ], [ -72.074236561872397, 5.099277408140651 ], [ -72.074239508748633, 5.098626907893578 ], [ -72.074836280089315, 5.098168844785765 ], [ -72.075269636945123, 5.097981084410471 ], [ -72.077027518996431, 5.097799350649851 ], [ -72.078352168480421, 5.097778270704191 ], [ -72.078892301879861, 5.097889145984565 ], [ -72.079701032317345, 5.098380709976553 ], [ -72.080106010791283, 5.098490970253003 ], [ -72.080916948544186, 5.098494655559056 ], [ -72.081619271874331, 5.098606266092677 ], [ -72.082512651508381, 5.098312169702073 ], [ -72.082972061287037, 5.098341360764196 ], [ -72.083511586179242, 5.098587754891053 ], [ -72.08399643709275, 5.098969425461019 ], [ -72.084183453884307, 5.099458163923828 ], [ -72.083857241276618, 5.099863257445997 ], [ -72.083748993284956, 5.099889870901142 ], [ -72.08353115063673, 5.100241246161484 ], [ -72.082935480250256, 5.100455380296291 ], [ -72.082338462332032, 5.100967661744962 ], [ -72.081634175647977, 5.101289720140907 ], [ -72.081282277274511, 5.101396540204215 ], [ -72.080335933548511, 5.101446447325161 ], [ -72.079742101693824, 5.101254012607821 ], [ -72.079201229450945, 5.101305762127579 ], [ -72.078500499925283, 5.100841791882235 ], [ -72.077581190451468, 5.100891818265209 ], [ -72.07663718214674, 5.10042673973992 ], [ -72.07547582134535, 5.100204613767726 ] ] ], [ [ [ -72.101319782492965, 5.09991520333476 ], [ -72.101455428269901, 5.099807393991724 ], [ -72.10199642970457, 5.099728519106503 ], [ -72.102809452084756, 5.099271394924711 ], [ -72.103621622838361, 5.099004003270691 ], [ -72.104164690245497, 5.098464342691564 ], [ -72.105249486373097, 5.097683172797939 ], [ -72.105844550887639, 5.097604536946985 ], [ -72.106141415410377, 5.097714296010166 ], [ -72.106410155525793, 5.09806787786362 ], [ -72.10640724134646, 5.098718396810038 ], [ -72.106270867484085, 5.098988837518974 ], [ -72.105728164578352, 5.099447185808613 ], [ -72.105510086969588, 5.099852785324936 ], [ -72.105130181980599, 5.100176338752367 ], [ -72.104452682373662, 5.100552760885407 ], [ -72.10342401054973, 5.100873386982662 ], [ -72.103044104321214, 5.101196938227908 ], [ -72.102526969812303, 5.101980661708935 ], [ -72.101985114244428, 5.102249269923687 ], [ -72.101850197997962, 5.102194450071699 ], [ -72.101339147621758, 5.101622929756856 ], [ -72.101125083418125, 5.101134066507075 ], [ -72.101072967021523, 5.100700145218519 ], [ -72.101319782492965, 5.09991520333476 ] ] ], [ [ [ -72.085176518859939, 5.101034761121315 ], [ -72.085202938445008, 5.1011704060368 ], [ -72.085067781033445, 5.101169792469977 ], [ -72.085041239095872, 5.101061252002851 ], [ -72.085176518859939, 5.101034761121315 ] ] ], [ [ [ -72.094323874419004, 5.104708318676523 ], [ -72.094515904945965, 5.104085768253164 ], [ -72.094759191449896, 5.104086869703718 ], [ -72.095325273776595, 5.104441800288127 ], [ -72.095730263754632, 5.104552054378518 ], [ -72.096162773912269, 5.104554011809832 ], [ -72.097515588656435, 5.104289079543834 ], [ -72.097812939723667, 5.104290424413356 ], [ -72.098487640791618, 5.104537423265474 ], [ -72.098864381596357, 5.104918601169503 ], [ -72.099078687088166, 5.105353255316945 ], [ -72.098968242841892, 5.105867757044934 ], [ -72.098993446065379, 5.106274450852332 ], [ -72.098613168530605, 5.106679310630341 ], [ -72.098072405926757, 5.106703969591764 ], [ -72.097802573631228, 5.10659432755485 ], [ -72.09680251154758, 5.106562696586828 ], [ -72.095884156637709, 5.106395907808529 ], [ -72.095263520446608, 5.106149150501156 ], [ -72.094376595200785, 5.105006714762343 ], [ -72.094323874419004, 5.104708318676523 ] ] ], [ [ [ -72.111097303883597, 5.107792779283407 ], [ -72.111099125593597, 5.107386203366003 ], [ -72.11093851018444, 5.107033106982384 ], [ -72.110803955671599, 5.106896972858219 ], [ -72.109290753177689, 5.106754626876723 ], [ -72.108722588954365, 5.106860488212128 ], [ -72.108344744697348, 5.106723257130477 ], [ -72.10829140940649, 5.106560383422927 ], [ -72.108916189350339, 5.105885560832189 ], [ -72.109349677292741, 5.105670669725674 ], [ -72.110079305494139, 5.105728168039128 ], [ -72.110699955159859, 5.10597491398459 ], [ -72.111076586191331, 5.106383194332751 ], [ -72.111589836288786, 5.106466822525883 ], [ -72.111780276577463, 5.106196623797512 ], [ -72.111863194239277, 5.105790412715624 ], [ -72.112433299922202, 5.105250866243274 ], [ -72.112730655373412, 5.105252204457452 ], [ -72.113242571236711, 5.105633987197783 ], [ -72.113295301498539, 5.105932386739968 ], [ -72.113563562859838, 5.106394390170322 ], [ -72.113613259941644, 5.107370417851391 ], [ -72.113556768183628, 5.107912276927769 ], [ -72.113338930870285, 5.108263669957013 ], [ -72.112469764380819, 5.109181348287891 ], [ -72.112090459664117, 5.109369379206494 ], [ -72.111549324416799, 5.109475363773347 ], [ -72.11122359847549, 5.109772057782237 ], [ -72.110736771080539, 5.10982407493062 ], [ -72.110467054130595, 5.109687331230596 ], [ -72.110467661742433, 5.109551806009156 ], [ -72.110930615156718, 5.108794935684503 ], [ -72.110905769346459, 5.10830692287169 ], [ -72.111097303883597, 5.107792779283407 ] ] ], [ [ [ -72.098849505271033, 5.108225382769821 ], [ -72.098850968948938, 5.107900125580219 ], [ -72.099014259165855, 5.10765691641261 ], [ -72.099203971592033, 5.107549353276968 ], [ -72.099259742918605, 5.107170130954926 ], [ -72.099449455155437, 5.107062567640187 ], [ -72.101070893363072, 5.107178319992014 ], [ -72.101717958682215, 5.107560719836519 ], [ -72.101959664204912, 5.107914182239133 ], [ -72.101849220383912, 5.108428685487382 ], [ -72.10141317081623, 5.109212770390915 ], [ -72.101221019538116, 5.109862430542425 ], [ -72.101242686852061, 5.11105516493471 ], [ -72.101078175963835, 5.111569422804391 ], [ -72.100832933603456, 5.112001999109114 ], [ -72.100426960947928, 5.112108583510613 ], [ -72.100130581696263, 5.111890399452159 ], [ -72.099835178808021, 5.11145537707635 ], [ -72.099597378814693, 5.110234560801667 ], [ -72.098657352697785, 5.108875040865878 ], [ -72.098685970769012, 5.108522801297204 ], [ -72.098849505271033, 5.108225382769821 ] ] ], [ [ [ -72.10602875064977, 5.110778634914667 ], [ -72.106222602601264, 5.109749501549951 ], [ -72.106629669793577, 5.109398967506176 ], [ -72.107307060011621, 5.109049652688642 ], [ -72.107496164818272, 5.109077611412311 ], [ -72.107791574698325, 5.109512632598616 ], [ -72.108437919712173, 5.110057659193238 ], [ -72.108057154792021, 5.110570946586377 ], [ -72.108054721733041, 5.111113046291901 ], [ -72.108134724157125, 5.111357357126238 ], [ -72.108484321448614, 5.111765517803914 ], [ -72.108670994108465, 5.112335576640255 ], [ -72.108748198225598, 5.113203302613504 ], [ -72.108720800623473, 5.113284495604255 ], [ -72.107423847282547, 5.113143112997193 ], [ -72.106693969460167, 5.113139816940132 ], [ -72.106590587975361, 5.112082235574692 ], [ -72.106241114158721, 5.111646969507917 ], [ -72.106080624102759, 5.111266767916145 ], [ -72.10602875064977, 5.110778634914667 ] ] ], [ [ [ -72.066454469142613, 5.157787700993243 ], [ -72.066645446434293, 5.157409119833233 ], [ -72.066647314215899, 5.157002560691721 ], [ -72.066406379637172, 5.156486462287941 ], [ -72.066354180560623, 5.156079653566468 ], [ -72.066139532502888, 5.155726303788675 ], [ -72.065519385246176, 5.155371081488783 ], [ -72.063790502209443, 5.15509205016338 ], [ -72.063225171996876, 5.154574453351016 ], [ -72.062658347365954, 5.15438210272623 ], [ -72.062903639623627, 5.153949565522427 ], [ -72.063229532587656, 5.153625818183549 ], [ -72.063581960152973, 5.153410610850957 ], [ -72.064042146579595, 5.153277214272939 ], [ -72.064501710423727, 5.153279336720044 ], [ -72.064987560669607, 5.153444207089418 ], [ -72.065418722507985, 5.153744347192397 ], [ -72.066308952151289, 5.154155024436045 ], [ -72.066579409171368, 5.154129168279433 ], [ -72.066823330708232, 5.153994771435204 ], [ -72.067231193466299, 5.153481667447886 ], [ -72.067314159140864, 5.15307548219416 ], [ -72.067263824153187, 5.152262113911366 ], [ -72.067049299876359, 5.151881660892199 ], [ -72.066726270021135, 5.151582020989617 ], [ -72.066380187374349, 5.150414930249601 ], [ -72.065950518541626, 5.149789544614116 ], [ -72.066087673568987, 5.149356505101807 ], [ -72.066116820482165, 5.148895862855742 ], [ -72.065826419898684, 5.147376671363941 ], [ -72.066018260904514, 5.146808361169192 ], [ -72.066616713405978, 5.145997983984644 ], [ -72.067376367930478, 5.145405184274386 ], [ -72.068704953650752, 5.144543956663448 ], [ -72.069652346588526, 5.14427727147099 ], [ -72.070571218107446, 5.144335708650218 ], [ -72.071057067056287, 5.144500571430568 ], [ -72.071948535212883, 5.144640194770163 ], [ -72.072785194661861, 5.144942193133687 ], [ -72.07348792953286, 5.144972528336453 ], [ -72.074972889649501, 5.145385923145898 ], [ -72.073314326095357, 5.147465361323363 ], [ -72.072664042509501, 5.147787626350365 ], [ -72.072446785037627, 5.148003464162551 ], [ -72.072040791689659, 5.148110014731136 ], [ -72.071579491129654, 5.148487356836057 ], [ -72.071470241611991, 5.14873079574065 ], [ -72.071494792477125, 5.14927300153374 ], [ -72.071356647387361, 5.149922876825907 ], [ -72.068284620110887, 5.153676258908137 ], [ -72.067871159229526, 5.155409042845739 ], [ -72.067316799380535, 5.158387983201434 ], [ -72.067072128427, 5.158685003033619 ], [ -72.067123330891661, 5.159308643671147 ], [ -72.066903076759729, 5.160174970942403 ], [ -72.066014459895044, 5.159411938566585 ], [ -72.065880912364634, 5.159058962942389 ], [ -72.065992285332712, 5.158354760554535 ], [ -72.066183014065231, 5.158030387654265 ], [ -72.066454469142613, 5.157787700993243 ] ] ], [ [ [ -72.059686692869022, 5.165670874478137 ], [ -72.059903836589328, 5.165482150800907 ], [ -72.06055401736063, 5.165187016749452 ], [ -72.061040746870475, 5.165162168089834 ], [ -72.061391433992966, 5.165326419407343 ], [ -72.061956641451744, 5.165871126111847 ], [ -72.06206152778968, 5.166576326516024 ], [ -72.061707465832853, 5.167143878064374 ], [ -72.061164917164689, 5.167547928958061 ], [ -72.060594458952238, 5.168141580129648 ], [ -72.060242895762542, 5.168167054056776 ], [ -72.059622121498734, 5.167947339889829 ], [ -72.059326127072069, 5.167647819090657 ], [ -72.059329128881032, 5.166997328961961 ], [ -72.059495082174365, 5.166184968491286 ], [ -72.059686692869022, 5.165670874478137 ] ] ], [ [ [ -72.060194968080296, 5.172693258964205 ], [ -72.060303604299307, 5.172585345827156 ], [ -72.060276069753797, 5.172693635437233 ], [ -72.060167433503878, 5.172801548556078 ], [ -72.060194968080296, 5.172693258964205 ] ] ], [ [ [ -72.059922375852622, 5.173179871752243 ], [ -72.060031763321533, 5.172909336130571 ], [ -72.060167433503878, 5.172801548556078 ], [ -72.060085455573372, 5.172990898445453 ], [ -72.059922375852622, 5.173179871752243 ] ] ], [ [ [ -72.013801617846639, 5.086206540654433 ], [ -72.013669597372925, 5.085528346446692 ], [ -72.013267161334568, 5.084876001757085 ], [ -72.013268911201479, 5.084496564102953 ], [ -72.013432585072962, 5.084172083713688 ], [ -72.014380849744171, 5.083688620005337 ], [ -72.014974988774895, 5.083799786381431 ], [ -72.015407828133377, 5.083720481810362 ], [ -72.016164267181097, 5.083805295748856 ], [ -72.016732626721478, 5.083645307790075 ], [ -72.017516595022556, 5.083621834167224 ], [ -72.017787759420401, 5.083433365760027 ], [ -72.01800561403924, 5.083082030101972 ], [ -72.018174399156322, 5.081646331538646 ], [ -72.018094933293156, 5.081293619824176 ], [ -72.017853792266493, 5.080831746659936 ], [ -72.017886432185861, 5.079612245348178 ], [ -72.017672569529623, 5.079096291944633 ], [ -72.017673940841348, 5.078798161103403 ], [ -72.018893356992152, 5.078126214184813 ], [ -72.019056776240532, 5.077855935381876 ], [ -72.019031117699384, 5.07755767923763 ], [ -72.018842413875888, 5.077448393472012 ], [ -72.017815815748278, 5.07733523447006 ], [ -72.017597964822542, 5.077686571194177 ], [ -72.017082422176657, 5.078117841052859 ], [ -72.015350206620553, 5.078624790291441 ], [ -72.01489059177527, 5.078649766249757 ], [ -72.014457132336801, 5.078864586061615 ], [ -72.013239337837916, 5.07918418602308 ], [ -72.012697513066271, 5.079452708655283 ], [ -72.012317735951314, 5.079749084748367 ], [ -72.011857371852443, 5.079936673953124 ], [ -72.011558305787148, 5.080314732989972 ], [ -72.011555056757558, 5.081019401900647 ], [ -72.011253864743239, 5.081858205303186 ], [ -72.011194055973078, 5.083104676046655 ], [ -72.01105791102411, 5.083320870223952 ], [ -72.010787746889747, 5.083292513636692 ], [ -72.01051858338576, 5.083047335969785 ], [ -72.010006035113818, 5.082828132171436 ], [ -72.009818334014014, 5.082502022922897 ], [ -72.009549171268617, 5.082256845255256 ], [ -72.009174270141401, 5.081496216640442 ], [ -72.009177396998325, 5.080818651870647 ], [ -72.008962667694178, 5.080492417544642 ], [ -72.008558487277995, 5.080219510531229 ], [ -72.007964856138358, 5.079999930557049 ], [ -72.007212681851755, 5.0789936237485 ], [ -72.006543596871538, 5.077554053313613 ], [ -72.006220630226565, 5.077254420260679 ], [ -72.006059960183791, 5.07692843738028 ], [ -72.005900666270875, 5.076304326907474 ], [ -72.005444809731827, 5.075516221810684 ], [ -72.005339072584732, 5.075000772565862 ], [ -72.00517840300779, 5.074674790038243 ], [ -72.003885419080831, 5.073720182141881 ], [ -72.003616637083283, 5.073393698040522 ], [ -72.002861971635113, 5.072929443311746 ], [ -72.002701303568742, 5.072603461188761 ], [ -72.002758863494918, 5.07184484386348 ], [ -72.002571292333357, 5.071491634006602 ], [ -72.002356192646914, 5.071246708476052 ], [ -72.001790102107449, 5.070918844647442 ], [ -72.001252417019387, 5.070292979719651 ], [ -72.000794690892036, 5.069911412926128 ], [ -72.000391897581608, 5.069340380446651 ], [ -72.000151773667909, 5.06866169157056 ], [ -71.999666770915169, 5.06833420427845 ], [ -71.999236450558939, 5.06787145615557 ], [ -71.998916620571023, 5.066894265548587 ], [ -71.998946026192428, 5.06637944643036 ], [ -71.999110320784865, 5.065919459294578 ], [ -71.999002834779546, 5.06578344569064 ], [ -71.998706028506362, 5.065673656166148 ], [ -72.001217498937521, 5.066146061083002 ], [ -72.001594890324725, 5.06636463559048 ], [ -72.001919601188249, 5.066284832662665 ], [ -72.010749935346581, 5.06803322927242 ], [ -72.014166959275855, 5.071436939189907 ], [ -72.017184193937524, 5.073619152285243 ], [ -72.018506358519517, 5.074113121714213 ], [ -72.023388994914541, 5.076222628508048 ], [ -72.02347020606949, 5.076195899651622 ], [ -72.023712720414622, 5.076359639598277 ], [ -72.024009790186653, 5.076415217037514 ], [ -72.027597443188824, 5.078003766216725 ], [ -72.030376604264347, 5.079073612242031 ], [ -72.031269065394014, 5.078969306795551 ], [ -72.033001294549464, 5.078462307952483 ], [ -72.033974472405006, 5.078439680677993 ], [ -72.035484395889782, 5.079259737627561 ], [ -72.035754317736448, 5.079342289995757 ], [ -72.036997545453019, 5.079375107949262 ], [ -72.039919694150569, 5.078738035205981 ], [ -72.044197766609372, 5.077131416409065 ], [ -72.045090851134546, 5.076891571521386 ], [ -72.045167123938356, 5.077948978814925 ], [ -72.045030123707079, 5.078354911851511 ], [ -72.044731810477387, 5.078570377262266 ], [ -72.04419109595986, 5.078595003231481 ], [ -72.04384267728328, 5.07794290979675 ], [ -72.04354597053387, 5.077806029773074 ], [ -72.043221740220574, 5.077777439524831 ], [ -72.041488392330564, 5.078528402157801 ], [ -72.0412171082356, 5.078743989207755 ], [ -72.040269468617453, 5.079091991714151 ], [ -72.039537693077435, 5.079522295110192 ], [ -72.039104850331711, 5.079601619302258 ], [ -72.038969207869528, 5.079709411986756 ], [ -72.038780001657713, 5.079708543033182 ], [ -72.038537603243867, 5.079517702492947 ], [ -72.037994661638891, 5.08003018215828 ], [ -72.037155510184405, 5.080297364852315 ], [ -72.036612814986455, 5.08075563577883 ], [ -72.036097892242822, 5.081051410537557 ], [ -72.035174923582247, 5.081914487692312 ], [ -72.034848585706428, 5.082346647086506 ], [ -72.033785377654965, 5.084320329341953 ], [ -72.033647250738099, 5.0849701836799 ], [ -72.033155255016155, 5.086160482771646 ], [ -72.032693267711352, 5.086700428926108 ], [ -72.032287575322044, 5.086752766628684 ], [ -72.031639610970188, 5.086587157425552 ], [ -72.031044836351015, 5.086611518919845 ], [ -72.029772831481154, 5.086958000185933 ], [ -72.028988602017961, 5.087035692797118 ], [ -72.028259800545086, 5.086815500216136 ], [ -72.027611466212164, 5.086731196649321 ], [ -72.026989664012362, 5.08675542944372 ], [ -72.026718747042551, 5.086889696428983 ], [ -72.025609792607156, 5.08704719577625 ], [ -72.024772378611843, 5.086934912326246 ], [ -72.024314124497536, 5.086661759180531 ], [ -72.024128656035614, 5.085847796011505 ], [ -72.023833077226527, 5.085466980686077 ], [ -72.02364711068941, 5.084761429695907 ], [ -72.023405217280256, 5.084462173218475 ], [ -72.022973122685897, 5.084378865872605 ], [ -72.022783544111803, 5.08445930020576 ], [ -72.022566064055439, 5.084729329960021 ], [ -72.022346963696705, 5.085351697419655 ], [ -72.022345218848827, 5.085731138216517 ], [ -72.022235605900562, 5.08605587323553 ], [ -72.022072557422803, 5.086244843630575 ], [ -72.021693149611835, 5.086459916695298 ], [ -72.021611313540006, 5.086622158996412 ], [ -72.020826465695777, 5.08683535569071 ], [ -72.019986685860516, 5.087238020889161 ], [ -72.01936326472817, 5.087614582754402 ], [ -72.018874739964957, 5.088045975136572 ], [ -72.018306375343101, 5.088205963010197 ], [ -72.017711730772547, 5.088203208199445 ], [ -72.017065026587005, 5.087766557830011 ], [ -72.015579918058933, 5.087434434571433 ], [ -72.01458158786501, 5.087050359555004 ], [ -72.014231333818586, 5.086804805711568 ], [ -72.013962292489353, 5.086532525175818 ], [ -72.013801617846639, 5.086206540654433 ] ], [ [ -72.009948274173155, 5.071905277616105 ], [ -72.009489165625027, 5.07182184198612 ], [ -72.009244786416005, 5.072064638786293 ], [ -72.009026436524863, 5.072524381343936 ], [ -72.008510648514516, 5.073009848621934 ], [ -72.008076944499138, 5.07327887028991 ], [ -72.007506598567005, 5.073872495640136 ], [ -72.00742363866469, 5.074278658013067 ], [ -72.008230119216009, 5.075231007142922 ], [ -72.008553961633325, 5.075340921096718 ], [ -72.00963560294656, 5.075237521712284 ], [ -72.010307944909528, 5.075972423469227 ], [ -72.010469866725074, 5.076027380148299 ], [ -72.011152074124112, 5.074621173153758 ], [ -72.012509616216761, 5.073299399053869 ], [ -72.012754619280216, 5.072921087143821 ], [ -72.011513802855049, 5.072373279915077 ], [ -72.010784533341976, 5.072261491202565 ], [ -72.009948274173155, 5.071905277616105 ] ] ], [ [ [ -72.05653357569183, 5.080874009849334 ], [ -72.056074805444908, 5.080709288972305 ], [ -72.05564183428875, 5.080815728740152 ], [ -72.054915351747582, 5.080080594432421 ], [ -72.054483243418034, 5.079997307583024 ], [ -72.054186654052401, 5.079833326911601 ], [ -72.053321453143596, 5.079883581765322 ], [ -72.052290992696939, 5.08061068533322 ], [ -72.051289533266925, 5.080904251449459 ], [ -72.051046388295532, 5.08087603497128 ], [ -72.050803983350221, 5.08068519669614 ], [ -72.050482462467727, 5.080060329616138 ], [ -72.050132802311353, 5.079679271505766 ], [ -72.048785881185736, 5.078670254757763 ], [ -72.047900441848455, 5.077229683998628 ], [ -72.049871876783541, 5.077618161334127 ], [ -72.053951020877548, 5.078151786100551 ], [ -72.056814088253972, 5.078625631330052 ], [ -72.058545106735153, 5.078389589666732 ], [ -72.06375955507437, 5.078928336584491 ], [ -72.067134023275798, 5.079892352852519 ], [ -72.066428663587757, 5.080458339639982 ], [ -72.066265010506996, 5.080782849594917 ], [ -72.065777485872971, 5.080997467031219 ], [ -72.065179508328541, 5.081726567082434 ], [ -72.063471940310649, 5.082748759885881 ], [ -72.061768056489441, 5.082957828431587 ], [ -72.060794971360735, 5.08295339048787 ], [ -72.058499381493277, 5.082509245295591 ], [ -72.057285860701285, 5.081880305085432 ], [ -72.057070728510666, 5.081635383757354 ], [ -72.056856827315173, 5.081119424775155 ], [ -72.05653357569183, 5.080874009849334 ] ] ], [ [ [ -72.047054360423758, 5.08495047794548 ], [ -72.047006602714177, 5.083567950409997 ], [ -72.047304795529357, 5.083379588405122 ], [ -72.047656553786666, 5.083299888029306 ], [ -72.048118036797533, 5.082868336584826 ], [ -72.048361675612711, 5.082788140297626 ], [ -72.048849940803365, 5.082410918779352 ], [ -72.049312780086325, 5.081681226233967 ], [ -72.05044790878388, 5.081713526217919 ], [ -72.050772760139111, 5.081606596065921 ], [ -72.051687335178144, 5.082586531713113 ], [ -72.052334449764956, 5.082941846973744 ], [ -72.052793342074537, 5.083079467207839 ], [ -72.052954042178001, 5.083405453040422 ], [ -72.052817289368463, 5.083757182511578 ], [ -72.052218312933789, 5.084703089728783 ], [ -72.051592921300553, 5.085513353425309 ], [ -72.050942473032748, 5.085889833899389 ], [ -72.050023452999412, 5.085885624699879 ], [ -72.049456564391519, 5.085720402753561 ], [ -72.048591482189678, 5.085743542888954 ], [ -72.047646299430241, 5.085549481777469 ], [ -72.047295775665347, 5.085358146135832 ], [ -72.047134337805559, 5.085194781436518 ], [ -72.047054360423758, 5.08495047794548 ] ] ], [ [ [ -72.03778401936313, 5.084718183483328 ], [ -72.038297830547592, 5.084666338438048 ], [ -72.038675750014889, 5.084776491536779 ], [ -72.038701416418334, 5.085074752308817 ], [ -72.038511217109928, 5.085290708870924 ], [ -72.03826745414878, 5.085398003467922 ], [ -72.03772686066192, 5.085395517235378 ], [ -72.037320795703536, 5.085529168684831 ], [ -72.03710517848306, 5.085392657508982 ], [ -72.036917335102459, 5.085093651021097 ], [ -72.036919195202003, 5.084687101901072 ], [ -72.037028429627213, 5.084443669751319 ], [ -72.037271696151464, 5.08444478866661 ], [ -72.03778401936313, 5.084718183483328 ] ] ], [ [ [ -72.0422149088661, 5.085172208624627 ], [ -72.042485206584971, 5.085173449861124 ], [ -72.042674043706256, 5.085255628907821 ], [ -72.042889044301731, 5.085527655981148 ], [ -72.043102683540567, 5.086097820772779 ], [ -72.042857682013604, 5.086476151572367 ], [ -72.042586764609851, 5.086610427239462 ], [ -72.042181069461648, 5.086662771687128 ], [ -72.041830548625512, 5.086471433660875 ], [ -72.04172577293383, 5.085739145359329 ], [ -72.041835254060146, 5.085441504657966 ], [ -72.041998175529471, 5.085279629152041 ], [ -72.0422149088661, 5.085172208624627 ] ] ], [ [ [ -72.031562933973461, 5.103282688633623 ], [ -72.031347938768036, 5.103010657231186 ], [ -72.031483838071239, 5.102848663568168 ], [ -72.031699955372162, 5.102876766751426 ], [ -72.03188829450967, 5.103067363690428 ], [ -72.03186039158004, 5.103256960632527 ], [ -72.031562933973461, 5.103282688633623 ] ] ], [ [ [ -72.036853531838233, 5.151768761830295 ], [ -72.037126117565904, 5.151282163528499 ], [ -72.037157420828024, 5.150360779834006 ], [ -72.037294341016548, 5.14998196426898 ], [ -72.037457163126192, 5.149847203577187 ], [ -72.038133976851924, 5.14963352485873 ], [ -72.038486778531464, 5.149337025245393 ], [ -72.03862620749716, 5.148416143543012 ], [ -72.038844348359007, 5.148010601043396 ], [ -72.039358715305326, 5.147850371382992 ], [ -72.039656948984558, 5.147662031827447 ], [ -72.040091849013834, 5.147149081120746 ], [ -72.040560424074428, 5.145199779819444 ], [ -72.040562679926225, 5.144711920170465 ], [ -72.040294738861107, 5.144195700781402 ], [ -72.040106140116563, 5.144059304704784 ], [ -72.039835818280494, 5.144058048126529 ], [ -72.03921282467762, 5.144326190375423 ], [ -72.038616236008863, 5.144729973770366 ], [ -72.038020650235396, 5.144916930157058 ], [ -72.037723421828758, 5.144888443467754 ], [ -72.037103438758749, 5.144506105173641 ], [ -72.036077096734999, 5.144311601887595 ], [ -72.035077035086857, 5.144279842247006 ], [ -72.034264691845777, 5.144574200358839 ], [ -72.033478375429738, 5.145085508065696 ], [ -72.033072643203994, 5.145137824821146 ], [ -72.032668042014777, 5.144946213206861 ], [ -72.032506855081934, 5.144728632327892 ], [ -72.032455304144435, 5.144186318056282 ], [ -72.03261875257148, 5.143916042726149 ], [ -72.032566447444239, 5.143536347142818 ], [ -72.032431664454776, 5.143454407988914 ], [ -72.032268718784124, 5.143616270854919 ], [ -72.032133558914794, 5.143615640972085 ], [ -72.031703434998022, 5.143098666316433 ], [ -72.030895116416573, 5.142525721628338 ], [ -72.029760280272598, 5.142412016198616 ], [ -72.028111337881938, 5.14240432498177 ], [ -72.027599243066632, 5.142076692532342 ], [ -72.02703207880981, 5.141965631534604 ], [ -72.026735610144101, 5.141774522928959 ], [ -72.025925916228289, 5.141499707961011 ], [ -72.025656857635852, 5.141227416504649 ], [ -72.024557747705174, 5.139243728167399 ], [ -72.023857443995041, 5.138698388616035 ], [ -72.023615544702722, 5.138399120770285 ], [ -72.023374904409977, 5.137828824007325 ], [ -72.023270680363041, 5.136988129470446 ], [ -72.023515473811827, 5.136664030362671 ], [ -72.024003424316575, 5.136368169287345 ], [ -72.02449389009864, 5.135530249075537 ], [ -72.024904140053295, 5.134502228971891 ], [ -72.025419873910366, 5.134043873825911 ], [ -72.025855015558321, 5.133476727990706 ], [ -72.026045868788074, 5.133125271394763 ], [ -72.02604699959403, 5.13288134470322 ], [ -72.02583187949071, 5.132636410222188 ], [ -72.025371969570628, 5.132715577279821 ], [ -72.025045708187406, 5.133120609321284 ], [ -72.02466576075885, 5.13344408006247 ], [ -72.024313598757345, 5.133605058888332 ], [ -72.023526042174566, 5.134387386670618 ], [ -72.023253589852899, 5.134846874648821 ], [ -72.022629980613814, 5.135250516290592 ], [ -72.022491677226597, 5.135927457278691 ], [ -72.022382796348197, 5.136089569704779 ], [ -72.022058419423587, 5.136088055120003 ], [ -72.021788860786714, 5.135924175693733 ], [ -72.02162843502704, 5.135543978338841 ], [ -72.021630071594871, 5.135191641231876 ], [ -72.021740588647916, 5.134677191804388 ], [ -72.022121292690969, 5.134191106896363 ], [ -72.022149959868415, 5.133838895779631 ], [ -72.02161235400186, 5.133185903754407 ], [ -72.02126182845285, 5.132994543517521 ], [ -72.020804562674044, 5.132504547239694 ], [ -72.020455296486418, 5.132042158631879 ], [ -72.020241186570573, 5.131580401077518 ], [ -72.019918197074631, 5.131280755763186 ], [ -72.019489852401264, 5.130384343927644 ], [ -72.019058110084643, 5.130219707954065 ], [ -72.018438913122125, 5.129674749332418 ], [ -72.018335446359046, 5.128671441667957 ], [ -72.018634800956221, 5.128239185200718 ], [ -72.018824269575646, 5.128185862813671 ], [ -72.019366776636048, 5.127781843824863 ], [ -72.019718808474707, 5.1276479693836 ], [ -72.020043180442514, 5.127649482673521 ], [ -72.020581411351301, 5.128166958318841 ], [ -72.020849458226706, 5.12865607030506 ], [ -72.021119140158518, 5.128792845397332 ], [ -72.021445147626324, 5.128442021192045 ], [ -72.02150122127442, 5.12800862759584 ], [ -72.022044356147148, 5.127469090902558 ], [ -72.022504260951365, 5.127389924287268 ], [ -72.022667578089354, 5.127146754225844 ], [ -72.02266833193795, 5.126984136903109 ], [ -72.022533930613577, 5.126820889718418 ], [ -72.022291028339041, 5.126738447262768 ], [ -72.021993687175154, 5.126737061377589 ], [ -72.021641152970318, 5.126979349092449 ], [ -72.0213439375664, 5.126950859985725 ], [ -72.020804323334175, 5.126731516458008 ], [ -72.019916702121165, 5.12577875763504 ], [ -72.01964915901155, 5.125181235077048 ], [ -72.019217167848623, 5.125070806809834 ], [ -72.018893929161905, 5.124825368701631 ], [ -72.018596967076761, 5.124742673388637 ], [ -72.018462441667111, 5.124606528997446 ], [ -72.018463447710218, 5.124389706716921 ], [ -72.018789200750604, 5.124093088957417 ], [ -72.019573346234338, 5.12404253877883 ], [ -72.01997968862743, 5.123854709369539 ], [ -72.020495159448586, 5.123450560817104 ], [ -72.021174573126714, 5.122667727175521 ], [ -72.021554134865255, 5.122425564323758 ], [ -72.021826200901856, 5.122047383169591 ], [ -72.022259698206639, 5.121832574180835 ], [ -72.023286995021337, 5.1218102532993 ], [ -72.023747272119422, 5.121649774572772 ], [ -72.024125703955278, 5.121651535620652 ], [ -72.025633789697494, 5.122878210990525 ], [ -72.025955778296719, 5.123394676343773 ], [ -72.026410414013995, 5.124453830186622 ], [ -72.026733156021876, 5.124807678011239 ], [ -72.027054017147933, 5.125568070832946 ], [ -72.027267130390641, 5.126246651872076 ], [ -72.027266001516992, 5.126490578885701 ], [ -72.026965146367445, 5.127248079203769 ], [ -72.02669408197815, 5.127409439084264 ], [ -72.026045585453005, 5.127352213288983 ], [ -72.025964115513233, 5.127433144670372 ], [ -72.02596298588243, 5.12767707138501 ], [ -72.026097388551136, 5.127840318454594 ], [ -72.026475699341418, 5.127869183214664 ], [ -72.026932468567225, 5.128467588048054 ], [ -72.027228682492932, 5.128712899090906 ], [ -72.027904463290852, 5.128716044306504 ], [ -72.0285273108844, 5.128475009998469 ], [ -72.029985870786277, 5.128725727093681 ], [ -72.030363431419573, 5.128917208406245 ], [ -72.030928832861179, 5.129407703370735 ], [ -72.031899956636408, 5.129845877045936 ], [ -72.033657874872389, 5.129664319986954 ], [ -72.034144190131727, 5.129720786475427 ], [ -72.034467816148762, 5.129884912112595 ], [ -72.03532894212853, 5.130729128097405 ], [ -72.035677472407855, 5.131354133606717 ], [ -72.035894100335142, 5.131273828179203 ], [ -72.036839829364567, 5.13135953034312 ], [ -72.037380961429662, 5.131253626746288 ], [ -72.037948124360454, 5.131364674104338 ], [ -72.038759197699619, 5.131341333336278 ], [ -72.039138515762772, 5.131153365782357 ], [ -72.039408706953623, 5.131181722809401 ], [ -72.03965124145607, 5.131345470892818 ], [ -72.040354439321817, 5.131267419950115 ], [ -72.040544535834556, 5.131078573956954 ], [ -72.04079032009939, 5.130537635139246 ], [ -72.040791694644966, 5.130239498489413 ], [ -72.040684317909665, 5.130076377358175 ], [ -72.040036059340608, 5.129964956886072 ], [ -72.039901526312946, 5.129828813761421 ], [ -72.03990215121712, 5.129693297209204 ], [ -72.040605347282337, 5.129615244921535 ], [ -72.040903694279152, 5.129399796241021 ], [ -72.041743172542226, 5.129078438519506 ], [ -72.041987455921571, 5.128862738535726 ], [ -72.042151143811481, 5.12853824932944 ], [ -72.042153890482098, 5.127941975252763 ], [ -72.041885322804774, 5.127561276413029 ], [ -72.041561568701312, 5.1274242574645 ], [ -72.040561527741815, 5.127392521496241 ], [ -72.039667239841819, 5.127876247904863 ], [ -72.039341362409814, 5.128199984082272 ], [ -72.039095579273081, 5.128740922186795 ], [ -72.038635543542284, 5.128847204672999 ], [ -72.03787866152588, 5.128843694600451 ], [ -72.037096249434114, 5.128514819319248 ], [ -72.036286306791581, 5.128294231003351 ], [ -72.035936399569451, 5.127967361752691 ], [ -72.035507024997941, 5.127287774525815 ], [ -72.035130337554023, 5.126906573550412 ], [ -72.033702433424864, 5.125870003286961 ], [ -72.033297840679296, 5.125678398906056 ], [ -72.030787069166024, 5.124989145975968 ], [ -72.02962698537317, 5.124495889820392 ], [ -72.029142179794604, 5.124114185810704 ], [ -72.028656748331329, 5.123867996953726 ], [ -72.028226256706702, 5.123432338063441 ], [ -72.028011763029141, 5.123051890498729 ], [ -72.027637840591666, 5.122074422770106 ], [ -72.027669006344937, 5.121180148903961 ], [ -72.027346013633633, 5.120880508294318 ], [ -72.0267522112606, 5.120688023285551 ], [ -72.026049534092962, 5.120657653111152 ], [ -72.024885828581816, 5.12095038042878 ], [ -72.024641924007668, 5.121084763501111 ], [ -72.024425677316685, 5.121083757500782 ], [ -72.022644655444324, 5.120424985814248 ], [ -72.022025081582072, 5.119961342890567 ], [ -72.021781428549858, 5.120041519001771 ], [ -72.021672301553167, 5.120257838576301 ], [ -72.021373959306331, 5.120473277036584 ], [ -72.020399848749918, 5.120685567724805 ], [ -72.019453774049623, 5.120681160008918 ], [ -72.017674776954991, 5.119588733756734 ], [ -72.016919554338699, 5.119232869464071 ], [ -72.016354300958326, 5.118715270654687 ], [ -72.016166469994786, 5.118416258302131 ], [ -72.015818844523423, 5.117601537967311 ], [ -72.015819724382553, 5.117411818889704 ], [ -72.016392390512976, 5.11633035562004 ], [ -72.0171245989943, 5.115818804166981 ], [ -72.017152634176782, 5.115602108020359 ], [ -72.017072170872183, 5.115466216443198 ], [ -72.016506039612466, 5.115138338790215 ], [ -72.015994974787418, 5.114593891028919 ], [ -72.014752961565534, 5.114289966354272 ], [ -72.014023269148538, 5.114259461361118 ], [ -72.01370003701777, 5.114014024885416 ], [ -72.013591790234415, 5.114040623414392 ], [ -72.013562874337822, 5.114447037456475 ], [ -72.013041250590518, 5.116179212431121 ], [ -72.012929481225996, 5.116964684941646 ], [ -72.012627994868495, 5.11785768467246 ], [ -72.012083736656336, 5.118641137304297 ], [ -72.011105982252829, 5.119639389260557 ], [ -72.010942288130707, 5.119963862778718 ], [ -72.010453598317525, 5.120422333286397 ], [ -72.010182663723882, 5.120556582860693 ], [ -72.009774938374832, 5.12104253389092 ], [ -72.009693720929945, 5.121069257339354 ], [ -72.010048267499641, 5.120393335654478 ], [ -72.010814062973537, 5.118472588310441 ], [ -72.011383841539853, 5.118014495179729 ], [ -72.011981656610075, 5.117339706213389 ], [ -72.012172756785105, 5.116934049975104 ], [ -72.012393025692319, 5.116067774784019 ], [ -72.01231746953728, 5.114874880199108 ], [ -72.012054964381619, 5.113193255658941 ], [ -72.012057730628811, 5.112596997671596 ], [ -72.012307538773285, 5.111188794813726 ], [ -72.012126999216292, 5.109317830488421 ], [ -72.011834569072036, 5.10825944187596 ], [ -72.010976395087241, 5.106791869103827 ], [ -72.010034872723807, 5.105811766149001 ], [ -72.009522562604573, 5.105538346412902 ], [ -72.009279545660377, 5.105483007209259 ], [ -72.007927804816703, 5.10553091036077 ], [ -72.006254727621439, 5.104926836994796 ], [ -72.00341900424884, 5.104398641614364 ], [ -72.002933478581909, 5.104179549960698 ], [ -72.001857458857003, 5.103063301272742 ], [ -72.000563065998506, 5.102406782752317 ], [ -71.999889345477484, 5.101969987400762 ], [ -71.998006487872203, 5.09998267472761 ], [ -71.997467540470822, 5.099627817841417 ], [ -71.996711225500675, 5.099515870182146 ], [ -71.995736533960923, 5.099863648466368 ], [ -71.99530204833674, 5.100295260923539 ], [ -71.994843055946717, 5.100184701895358 ], [ -71.994142441243383, 5.099720675452799 ], [ -71.993631284215937, 5.099203330090142 ], [ -71.993605264431849, 5.098986386077129 ], [ -71.993849662140732, 5.098743604871618 ], [ -71.993850419040612, 5.098580991708483 ], [ -71.993340398132048, 5.097819727133472 ], [ -71.992936097374908, 5.097573910086836 ], [ -71.99196443957905, 5.09727123163983 ], [ -71.991885371569325, 5.09683721769082 ], [ -71.99318162961525, 5.097087209354803 ], [ -71.99339723140271, 5.097223732078214 ], [ -71.993719688348563, 5.097631782564325 ], [ -71.994180317928922, 5.097390012578974 ], [ -71.994613161719329, 5.097310728921468 ], [ -71.995503357595041, 5.097694331650914 ], [ -71.99612301132963, 5.098130874515395 ], [ -71.996499655348416, 5.098512075401564 ], [ -71.997281612181851, 5.098922274018857 ], [ -71.99765863548852, 5.099222168027223 ], [ -71.999513957282517, 5.101317762839779 ], [ -72.000133114192352, 5.101862714831145 ], [ -72.000618384476397, 5.102136011753667 ], [ -72.002641818748288, 5.102958552781374 ], [ -72.003260729085241, 5.103557709059706 ], [ -72.003772780811104, 5.103885336208331 ], [ -72.004285714133601, 5.104023246102498 ], [ -72.005961803392125, 5.103976862372247 ], [ -72.006934242887581, 5.104116914274392 ], [ -72.00747546536779, 5.10398392290629 ], [ -72.008070118867124, 5.1039866957142 ], [ -72.008205644472099, 5.103906018178559 ], [ -72.008126063466122, 5.10358040957521 ], [ -72.007750161428689, 5.103036594563398 ], [ -72.007536312020505, 5.102520638307713 ], [ -72.007484891751005, 5.101951233133046 ], [ -72.007595146246459, 5.101490994037774 ], [ -72.007732304356182, 5.101057983329694 ], [ -72.008523069162919, 5.099570995164567 ], [ -72.00877223500369, 5.098298307595364 ], [ -72.008990604465936, 5.097838570672685 ], [ -72.00937140119737, 5.097325383184637 ], [ -72.01002211550437, 5.096894760616041 ], [ -72.010265631540165, 5.096841687269023 ], [ -72.01085990381155, 5.09692576148657 ], [ -72.011750874337039, 5.097146731195786 ], [ -72.012047196248389, 5.097364935029441 ], [ -72.012853319872676, 5.098398606735362 ], [ -72.013633794741381, 5.09913402368699 ], [ -72.014253847761253, 5.099489248940244 ], [ -72.01576563188685, 5.099902824844695 ], [ -72.016225262667888, 5.099877857132155 ], [ -72.016523341237104, 5.099716621898851 ], [ -72.016661620242303, 5.099039680665789 ], [ -72.016960574599167, 5.09868872554905 ], [ -72.017908617072578, 5.098259473365069 ], [ -72.01850389651517, 5.098126719382015 ], [ -72.018910218057627, 5.097938881146033 ], [ -72.019748264980848, 5.097915665772283 ], [ -72.02018224130704, 5.097592437567086 ], [ -72.020533378031303, 5.097648272839667 ], [ -72.02069468156381, 5.097838744925726 ], [ -72.020557782531441, 5.098217558230791 ], [ -72.020556782355897, 5.098434381102996 ], [ -72.020637496659063, 5.098516065768414 ], [ -72.020961229183044, 5.098653084365618 ], [ -72.021285586928698, 5.098654588495711 ], [ -72.021610694674834, 5.098493475153172 ], [ -72.022127135240254, 5.097872489369921 ], [ -72.024026589102235, 5.096282182583083 ], [ -72.024732733000306, 5.095553656425988 ], [ -72.025304100699202, 5.094743194247496 ], [ -72.026635664985676, 5.093204449703835 ], [ -72.027803425011015, 5.092017288860809 ], [ -72.0289975879586, 5.090965763539894 ], [ -72.029945867302729, 5.090482275968983 ], [ -72.030459680330992, 5.090430440240701 ], [ -72.031188860526527, 5.090569323740392 ], [ -72.034372034721642, 5.091966296772061 ], [ -72.035344613103518, 5.092079195421312 ], [ -72.0370473731994, 5.0921141453583 ], [ -72.03782987584772, 5.092415892025381 ], [ -72.038180024009264, 5.09268854329011 ], [ -72.038475243514469, 5.093150668728002 ], [ -72.038662094893624, 5.09366650296425 ], [ -72.038765993752023, 5.094588513521673 ], [ -72.039061213914565, 5.095050639416523 ], [ -72.039788544110039, 5.095596067297827 ], [ -72.040948979347647, 5.096007969577463 ], [ -72.042295899228037, 5.097017016178547 ], [ -72.043051506410009, 5.097291533486832 ], [ -72.043429930606791, 5.097293274823832 ], [ -72.043673823503397, 5.097158876984251 ], [ -72.044271342179897, 5.096538233375435 ], [ -72.044380703120879, 5.096267696157471 ], [ -72.044548462637565, 5.09504878658416 ], [ -72.045255213722797, 5.094184706171529 ], [ -72.046448134968443, 5.093404169249617 ], [ -72.047017997806606, 5.092918912897683 ], [ -72.047911851160421, 5.092516455036457 ], [ -72.048425425360193, 5.092518812140365 ], [ -72.049639683934799, 5.092985154001703 ], [ -72.05031321535651, 5.093476118588144 ], [ -72.050959099431751, 5.094102477141322 ], [ -72.052686077630753, 5.094760897206948 ], [ -72.053279264342464, 5.09508886725613 ], [ -72.053467365437086, 5.095333667624539 ], [ -72.053732850887599, 5.096391950080272 ], [ -72.05375431950776, 5.097611739525512 ], [ -72.053935621445106, 5.099347242750785 ], [ -72.054149270093632, 5.099917411968961 ], [ -72.054445371143984, 5.10018981267743 ], [ -72.054416980283719, 5.100487829305851 ], [ -72.053630245063374, 5.101107617608956 ], [ -72.053329814154495, 5.101783844738351 ], [ -72.053246865843875, 5.102190027460751 ], [ -72.053271792841002, 5.102650913793076 ], [ -72.053486677763757, 5.102950046809212 ], [ -72.053702305349958, 5.103086557834954 ], [ -72.054215890637664, 5.103088915188218 ], [ -72.055110505095101, 5.102523830725841 ], [ -72.055548685666594, 5.101279043693884 ], [ -72.055956372128435, 5.100793035854628 ], [ -72.057175227692682, 5.100256536445483 ], [ -72.057771633736323, 5.099879808414761 ], [ -72.058312989989375, 5.099719662124897 ], [ -72.058637359277668, 5.099721147721061 ], [ -72.059364968699299, 5.100212358353757 ], [ -72.059985566890035, 5.100459139312564 ], [ -72.060712808518133, 5.101031661014825 ], [ -72.06168320659539, 5.101632399936094 ], [ -72.062193586931471, 5.102339451139112 ], [ -72.06310474561414, 5.104078306237303 ], [ -72.063777191871466, 5.104813204409048 ], [ -72.06439705752716, 5.105222608183612 ], [ -72.065743313496426, 5.106394261405701 ], [ -72.065984621501741, 5.106829037766869 ], [ -72.066117187955669, 5.107398839446891 ], [ -72.066575116717118, 5.107753293344927 ], [ -72.067060570626069, 5.107999454866017 ], [ -72.068410412373339, 5.108385091752376 ], [ -72.069761119702832, 5.108580998299145 ], [ -72.070598108634002, 5.108801660096383 ], [ -72.071138614599263, 5.108831234139039 ], [ -72.072353184492101, 5.109243351733186 ], [ -72.072947754794498, 5.109273171397038 ], [ -72.07338099772204, 5.109112521106094 ], [ -72.074086278374949, 5.108573645799914 ], [ -72.074197971817227, 5.107788118339046 ], [ -72.073822237195259, 5.10719010005692 ], [ -72.073444411904987, 5.107052852512974 ], [ -72.072633837990551, 5.106967839204376 ], [ -72.072068270396585, 5.106504477998606 ], [ -72.071636506718249, 5.106339878944552 ], [ -72.071475426206661, 5.106095201557376 ], [ -72.071449502511854, 5.105851141221915 ], [ -72.071641798313777, 5.105174402302185 ], [ -72.07237471945443, 5.104500129914284 ], [ -72.072619846051253, 5.104094677845705 ], [ -72.072434439231699, 5.103253586645867 ], [ -72.072166831995787, 5.102656062902025 ], [ -72.07219496985708, 5.102412249078444 ], [ -72.072791377842563, 5.102035503185659 ], [ -72.074090228638255, 5.101743272164605 ], [ -72.074981768578141, 5.101855753645848 ], [ -72.075955140116307, 5.101805978129005 ], [ -72.077414216934031, 5.101948145934266 ], [ -72.077980770620812, 5.102194668266626 ], [ -72.078465003879472, 5.102711864044104 ], [ -72.078842707221213, 5.102876212081449 ], [ -72.078977250815015, 5.103012348606924 ], [ -72.078976391997443, 5.103202078627858 ], [ -72.078867652846171, 5.10333710796334 ], [ -72.078893825370983, 5.103526960996852 ], [ -72.080159274152777, 5.104644019257758 ], [ -72.080723746776954, 5.105351314706155 ], [ -72.081397205452419, 5.105869371899094 ], [ -72.082099045965407, 5.106089403982843 ], [ -72.082718811544524, 5.106525901775075 ], [ -72.083851689889045, 5.107073152484501 ], [ -72.084228785492783, 5.107373021640047 ], [ -72.085092452952907, 5.107675102637684 ], [ -72.086870180951507, 5.109092642410837 ], [ -72.087626705765388, 5.109177394695323 ], [ -72.088059460799968, 5.10912515034974 ], [ -72.088358525676384, 5.10874703771272 ], [ -72.088551543614329, 5.107907656987303 ], [ -72.088769511848312, 5.107529175486691 ], [ -72.089284707511638, 5.10717914786909 ], [ -72.089852131512416, 5.107235933054907 ], [ -72.090067897041237, 5.107345332517172 ], [ -72.091467562831298, 5.108679833766161 ], [ -72.093110889754797, 5.109934124689461 ], [ -72.093514047735553, 5.110450951442398 ], [ -72.094241469339252, 5.110996353812579 ], [ -72.094751779552908, 5.111730508278501 ], [ -72.095103075427261, 5.111759206152272 ], [ -72.095401284730315, 5.111570821346768 ], [ -72.095834043833065, 5.111518572303753 ], [ -72.096563424154823, 5.111630298508172 ], [ -72.096860045486324, 5.111794274036106 ], [ -72.097532797790763, 5.11247495379641 ], [ -72.097717748761426, 5.113424476706091 ], [ -72.098013394110367, 5.11380529025532 ], [ -72.098310139018963, 5.113942161133582 ], [ -72.098742412227494, 5.113998329931368 ], [ -72.099879114179657, 5.113705319071673 ], [ -72.100770938460144, 5.113763567015386 ], [ -72.101823616189066, 5.114120700864204 ], [ -72.102901498997625, 5.11488452879304 ], [ -72.102167839910464, 5.115721476499532 ], [ -72.100185676044759, 5.117664087303917 ], [ -72.100103723366189, 5.117853453392307 ], [ -72.098121546654653, 5.119796050409359 ], [ -72.097550804757248, 5.120471093415502 ], [ -72.096790833323979, 5.121145276343718 ], [ -72.096138623598762, 5.121901262500551 ], [ -72.089511867006948, 5.128674514601362 ], [ -72.088673237829653, 5.128806217735407 ], [ -72.08834712428974, 5.129184201852575 ], [ -72.087941141568763, 5.129290770918116 ], [ -72.087723650197375, 5.129560829515323 ], [ -72.087641199370282, 5.12985860889731 ], [ -72.087451478246351, 5.129966163687601 ], [ -72.08731631452207, 5.129965547142594 ], [ -72.08712819225056, 5.129720743755989 ], [ -72.086534456465614, 5.129501194975068 ], [ -72.086347810724192, 5.128931138253733 ], [ -72.086132656403336, 5.1286862116267 ], [ -72.085943796828843, 5.128604034971213 ], [ -72.085699518792836, 5.128819760332244 ], [ -72.085290460498896, 5.12960393809276 ], [ -72.085287629892065, 5.130227339737515 ], [ -72.085503522346642, 5.130309640205334 ], [ -72.085527970462806, 5.130878956517881 ], [ -72.08576929588655, 5.131313738036472 ], [ -72.086146031618867, 5.131694927802474 ], [ -72.086252685862846, 5.132020674697545 ], [ -72.084324365948433, 5.133990530708457 ], [ -72.083756429980639, 5.134042144979455 ], [ -72.083350321359717, 5.134175813290873 ], [ -72.082372824358913, 5.13512001570981 ], [ -72.082018807340731, 5.135687599275255 ], [ -72.081530118693877, 5.136146146462693 ], [ -72.081230659485954, 5.136605559000462 ], [ -72.081092656549856, 5.137228339509948 ], [ -72.081199060218822, 5.137608294892018 ], [ -72.081117097433079, 5.137797653805096 ], [ -72.079322672226255, 5.140039137176012 ], [ -72.078779417361858, 5.140605848409164 ], [ -72.078615736100616, 5.140930355794363 ], [ -72.077718700901912, 5.142010434070301 ], [ -72.0776528101227, 5.13867624237457 ], [ -72.07698576465701, 5.136748744781751 ], [ -72.0761791078736, 5.135796380163718 ], [ -72.073509674933717, 5.134293379085318 ], [ -72.072728451442302, 5.133693492167869 ], [ -72.072055730767346, 5.133012788972775 ], [ -72.071488914450441, 5.132820455504551 ], [ -72.070732129027917, 5.132789877589802 ], [ -72.070165066389606, 5.132651751381196 ], [ -72.068249851633382, 5.131748505155104 ], [ -72.067276934994098, 5.131689826646626 ], [ -72.065708565217335, 5.131791036827821 ], [ -72.064763179141352, 5.131624063170727 ], [ -72.064169585446251, 5.131377393027996 ], [ -72.062548148430736, 5.131261516012009 ], [ -72.062062065322564, 5.13115086138016 ], [ -72.061494265581373, 5.131175352383591 ], [ -72.06068441807875, 5.130927684495358 ], [ -72.05927738169494, 5.13121935258097 ], [ -72.058845364801002, 5.131108944886297 ], [ -72.058710825402116, 5.130972803297661 ], [ -72.058711570691315, 5.130810180670699 ], [ -72.058875129434284, 5.130512786374955 ], [ -72.058986486566013, 5.129808586237944 ], [ -72.058697329123504, 5.128018367620341 ], [ -72.05829669153843, 5.126959453572795 ], [ -72.05794726307613, 5.126524175315355 ], [ -72.057704472735182, 5.126414640030609 ], [ -72.056838707966804, 5.126573278510987 ], [ -72.055754949275254, 5.127110370888687 ], [ -72.054862028368618, 5.127295984963824 ], [ -72.054536900477302, 5.127457111473849 ], [ -72.053780009187008, 5.127453621173832 ], [ -72.053644477045538, 5.127534308761814 ], [ -72.053803807996957, 5.12815844083746 ], [ -72.054153356955496, 5.128566616579929 ], [ -72.054312190715564, 5.129299163602793 ], [ -72.054793666710594, 5.130412658593574 ], [ -72.055357731989986, 5.131201283994676 ], [ -72.056272717915206, 5.132099945378359 ], [ -72.056406759217381, 5.132344502170454 ], [ -72.056377240019586, 5.132886451745142 ], [ -72.056102192240942, 5.133915145574015 ], [ -72.05572050718736, 5.134618095345443 ], [ -72.05474137398528, 5.135914579383702 ], [ -72.054631501986194, 5.136293531375255 ], [ -72.054683075957328, 5.13683585442412 ], [ -72.054870433749088, 5.137243283486768 ], [ -72.055597192312604, 5.137924246542037 ], [ -72.056082404450137, 5.138224634300703 ], [ -72.056593031103475, 5.138877495033126 ], [ -72.056645352833414, 5.139257196677441 ], [ -72.05656276150971, 5.139582066706157 ], [ -72.056371915834745, 5.139933540942131 ], [ -72.05599221661096, 5.140202829727209 ], [ -72.055316157313626, 5.140253914608592 ], [ -72.054102068025372, 5.139733322926057 ], [ -72.053265062836587, 5.139512619772145 ], [ -72.052643319707371, 5.139509744844317 ], [ -72.051966639374683, 5.139696344427539 ], [ -72.051129262332111, 5.139556949649082 ], [ -72.050698118510027, 5.139256809053946 ], [ -72.050457074045354, 5.138767819114356 ], [ -72.050457947316687, 5.138578094177864 ], [ -72.050730015730934, 5.138199894950995 ], [ -72.050732510197307, 5.137657823556895 ], [ -72.050625753385546, 5.13735918412159 ], [ -72.050006134313534, 5.136895547429836 ], [ -72.049655340420259, 5.136758403854346 ], [ -72.048573307697254, 5.136916021253874 ], [ -72.048410615957124, 5.137023684570729 ], [ -72.048221516122709, 5.136995705130944 ], [ -72.048087104551911, 5.136832458401117 ], [ -72.04803491248029, 5.136425655553756 ], [ -72.047688363052913, 5.135366992391986 ], [ -72.047366849315011, 5.134742110618956 ], [ -72.047017305692933, 5.134333931770912 ], [ -72.046207346188595, 5.134113349883962 ], [ -72.045801617824935, 5.134165679385787 ], [ -72.044720591742148, 5.134106464821368 ], [ -72.044125515799792, 5.134185020061693 ], [ -72.043505032317924, 5.133911105251858 ], [ -72.043128210832052, 5.133557007461307 ], [ -72.042830985819123, 5.133528526060745 ], [ -72.042612981875351, 5.133906971015903 ], [ -72.042745141700536, 5.13455807853543 ], [ -72.042961021621238, 5.134640391115544 ], [ -72.043203058745505, 5.134912552660276 ], [ -72.043631695116943, 5.135754762609752 ], [ -72.044411622846823, 5.136625705157813 ], [ -72.044813728948881, 5.137359376840634 ], [ -72.044839011487696, 5.137738950084441 ], [ -72.044372966734841, 5.139146197345186 ], [ -72.044344309296747, 5.139498416344915 ], [ -72.044451062358917, 5.139797055335777 ], [ -72.044935890256369, 5.140178759664791 ], [ -72.04634043783004, 5.140429207609448 ], [ -72.046637167129575, 5.140566103169392 ], [ -72.047148779935597, 5.141002139146838 ], [ -72.047873653114749, 5.142089661128868 ], [ -72.047926093383921, 5.142442257139829 ], [ -72.047843496941098, 5.14276712322989 ], [ -72.047436137398705, 5.143171795981856 ], [ -72.047299225746386, 5.143550618101674 ], [ -72.047242035656055, 5.144227954406289 ], [ -72.047132655859443, 5.144498487742361 ], [ -72.047238034525236, 5.145095265712045 ], [ -72.04739985385028, 5.145177328385723 ], [ -72.048156511656671, 5.145235045295563 ], [ -72.048668503110918, 5.145589772200137 ], [ -72.049046957637273, 5.145591526653549 ], [ -72.049723644271879, 5.145404934278479 ], [ -72.050968013290941, 5.145220970818817 ], [ -72.051614795628709, 5.1456576331204 ], [ -72.051774243608762, 5.146254663263922 ], [ -72.051770996441945, 5.146959356549402 ], [ -72.052064233391278, 5.147855152600996 ], [ -72.052007544825386, 5.148424077565097 ], [ -72.051599930837895, 5.14888295953167 ], [ -72.051650872185846, 5.149560799661165 ], [ -72.051539116890595, 5.150346302270449 ], [ -72.051619590139467, 5.150482196129147 ], [ -72.051644622940174, 5.150915978749274 ], [ -72.051237881406038, 5.151185134394879 ], [ -72.050832515113171, 5.15115615041204 ], [ -72.050186605732932, 5.15052975967351 ], [ -72.049757084042497, 5.149877268572249 ], [ -72.049514665495707, 5.149686415361122 ], [ -72.047840644192291, 5.149244983177809 ], [ -72.046975601476476, 5.149240968190798 ], [ -72.046353226514952, 5.149373598957816 ], [ -72.046027959360117, 5.149561816790995 ], [ -72.045538993874345, 5.150074522192281 ], [ -72.044508498952723, 5.150774438349626 ], [ -72.044130168235341, 5.150745576038895 ], [ -72.042754767633724, 5.15003447926022 ], [ -72.042214744571794, 5.149896448576447 ], [ -72.042078829851704, 5.150058440119955 ], [ -72.041859058643709, 5.150816327920252 ], [ -72.041615013477738, 5.150977816202098 ], [ -72.041128302847412, 5.151002655721593 ], [ -72.040669503155087, 5.150837897464761 ], [ -72.040427214576752, 5.150619938833827 ], [ -72.040482534160418, 5.150349157356227 ], [ -72.040320966730533, 5.150212886082742 ], [ -72.040344862401611, 5.150890594469856 ], [ -72.040208445117088, 5.151160998413842 ], [ -72.040125088625786, 5.151648480304119 ], [ -72.040176643404948, 5.152190797943797 ], [ -72.040067006956079, 5.152515534090801 ], [ -72.039849491196179, 5.152785560074227 ], [ -72.039605570486117, 5.152919943565847 ], [ -72.038956538329401, 5.152971128430421 ], [ -72.038659808485775, 5.152834226961593 ], [ -72.038038186281952, 5.152804227085987 ], [ -72.037525197020841, 5.152666317610662 ], [ -72.037148124472338, 5.152366418442218 ], [ -72.036879559066492, 5.151985713546013 ], [ -72.036853531838233, 5.151768761830295 ] ], [ [ -72.046089160040239, 5.14801717141061 ], [ -72.046089785862137, 5.147881654174324 ], [ -72.045793555007023, 5.147636342740457 ], [ -72.045631360154275, 5.147635589732838 ], [ -72.045549762013479, 5.147743626950431 ], [ -72.045629983176724, 5.147933727530145 ], [ -72.045899682201679, 5.148070499805765 ], [ -72.046089160040239, 5.14801717141061 ] ], [ [ -72.026239242413581, 5.138059019490501 ], [ -72.025428420732993, 5.138028133227507 ], [ -72.025184759200101, 5.138108306858463 ], [ -72.025210532675487, 5.138379462403591 ], [ -72.025963895072749, 5.139141876860109 ], [ -72.02647598680727, 5.139469508806831 ], [ -72.027016242806852, 5.139553339889282 ], [ -72.027205967570566, 5.139445810585165 ], [ -72.027450761556182, 5.139121709374768 ], [ -72.027532988129948, 5.138878160597163 ], [ -72.027480182070931, 5.138606878514281 ], [ -72.026833057443042, 5.138251514135495 ], [ -72.026239242413581, 5.138059019490501 ] ], [ [ -72.047948002226832, 5.125935972870708 ], [ -72.047298620751278, 5.126068492918701 ], [ -72.04675848717207, 5.125957580563909 ], [ -72.046082573059948, 5.125981560422743 ], [ -72.045189035510845, 5.126302677472377 ], [ -72.044294499921349, 5.126840620119904 ], [ -72.043940968982227, 5.127299752306339 ], [ -72.043940095714177, 5.127489476189043 ], [ -72.044639798756805, 5.128170313767625 ], [ -72.04512499620644, 5.128470702745913 ], [ -72.045422094999836, 5.128526285233591 ], [ -72.046533759622207, 5.127799617461765 ], [ -72.048536097285137, 5.127375206786198 ], [ -72.04888925286734, 5.126997380781381 ], [ -72.048864338188551, 5.12653649584952 ], [ -72.048352729343819, 5.126100467059383 ], [ -72.047948002226832, 5.125935972870708 ] ], [ [ -72.050591752404671, 5.127113659330552 ], [ -72.050914888665503, 5.127386192633869 ], [ -72.051319867213749, 5.127496478713072 ], [ -72.05196825649162, 5.127580783801233 ], [ -72.052212040198569, 5.127473492038748 ], [ -72.052725768617108, 5.12744875819532 ], [ -72.052915613078071, 5.127314113004387 ], [ -72.052892560887798, 5.126446672077154 ], [ -72.052651140447239, 5.126038995487642 ], [ -72.052084344767266, 5.125846651603466 ], [ -72.051570742332117, 5.125844282055305 ], [ -72.050649922782213, 5.126219490873556 ], [ -72.050109164570898, 5.126244098771744 ], [ -72.049946352127535, 5.12637886778043 ], [ -72.049891043960343, 5.126649653754586 ], [ -72.050133208942938, 5.126894709118574 ], [ -72.050591752404671, 5.127113659330552 ] ], [ [ -72.07517423298934, 5.130885815394872 ], [ -72.075770182800653, 5.130617497891927 ], [ -72.075852515093914, 5.130346827437896 ], [ -72.075745249536951, 5.130156602894111 ], [ -72.07536778293948, 5.129938036073622 ], [ -72.074610627479458, 5.129988777081117 ], [ -72.074094787411113, 5.130474298376675 ], [ -72.074039116214763, 5.130826404498393 ], [ -72.074226613551332, 5.131206729825692 ], [ -72.074821575320797, 5.131155246921108 ], [ -72.07517423298934, 5.130885815394872 ] ], [ [ -72.077139334605008, 5.132710835969234 ], [ -72.077139705045894, 5.132629523311817 ], [ -72.077058730704294, 5.132602047670255 ], [ -72.077004295037923, 5.132683112697273 ], [ -72.077139334605008, 5.132710835969234 ] ], [ [ -72.085372935141606, 5.123343062939722 ], [ -72.085885076515851, 5.12367065747377 ], [ -72.087019579800057, 5.123865563034717 ], [ -72.08783104574465, 5.123760839923071 ], [ -72.087966699455805, 5.123653037657814 ], [ -72.087994714367426, 5.123436324868126 ], [ -72.087834361491062, 5.12302901878781 ], [ -72.086034243746965, 5.120581366972662 ], [ -72.084254781490912, 5.119543269888096 ], [ -72.083768324321142, 5.119513947869515 ], [ -72.082847631249834, 5.119862114827957 ], [ -72.082142334675055, 5.120400996752344 ], [ -72.081573305280344, 5.120696554887518 ], [ -72.081193255025653, 5.121047184384537 ], [ -72.080757417087767, 5.121777027080554 ], [ -72.080078903084953, 5.122370236500366 ], [ -72.079614429356482, 5.12345230943605 ], [ -72.079553836631106, 5.124888589580396 ], [ -72.079769109916029, 5.125106412005815 ], [ -72.08076758346121, 5.125490441645582 ], [ -72.08211760379892, 5.125848970787166 ], [ -72.082469025630971, 5.125850575318724 ], [ -72.082658622062709, 5.125770126140506 ], [ -72.082958194219714, 5.125283604964658 ], [ -72.083880249827928, 5.124637294012015 ], [ -72.083962454099066, 5.124393724469479 ], [ -72.083882094782766, 5.124230728164666 ], [ -72.083938373331208, 5.123743095753391 ], [ -72.08423646755034, 5.12358182564953 ], [ -72.084750452091825, 5.123502854699127 ], [ -72.085021636688609, 5.123314356367267 ], [ -72.085372935141606, 5.123343062939722 ] ], [ [ -72.07488465339776, 5.123240953594483 ], [ -72.075127326165742, 5.123377587521489 ], [ -72.076364888143488, 5.12468427705283 ], [ -72.076770125450537, 5.124740340078948 ], [ -72.077365575172422, 5.124580434324606 ], [ -72.07766391632677, 5.124364959981089 ], [ -72.077882146427598, 5.1239322807185 ], [ -72.077912382615764, 5.123227693899096 ], [ -72.077806225189889, 5.122793531803864 ], [ -72.077482701272459, 5.122602319570668 ], [ -72.075861140595151, 5.122513591887293 ], [ -72.075130409467391, 5.122699983062273 ], [ -72.074994508773713, 5.122861989837827 ], [ -72.07488465339776, 5.123240953594483 ] ], [ [ -72.033332129965032, 5.124106541551892 ], [ -72.033439879344357, 5.124188352819704 ], [ -72.033845097013881, 5.124244440769616 ], [ -72.033980753391134, 5.124136655248695 ], [ -72.033981503934555, 5.12397403623269 ], [ -72.033874004634484, 5.123838018703079 ], [ -72.033576911873254, 5.12378243266351 ], [ -72.033305974610883, 5.123916694030165 ], [ -72.033332129965032, 5.124106541551892 ] ], [ [ -72.035909843950748, 5.122004403408201 ], [ -72.0368825912186, 5.122090222914812 ], [ -72.037287309605787, 5.122254721098476 ], [ -72.037989996146138, 5.122285080224824 ], [ -72.038070715176275, 5.12236676566786 ], [ -72.037988747330076, 5.12255611292008 ], [ -72.03806909172053, 5.122719108196171 ], [ -72.038663029952119, 5.122884482439383 ], [ -72.038690810381112, 5.122721987917214 ], [ -72.038475184706328, 5.122585469936983 ], [ -72.038341152311432, 5.122340914429691 ], [ -72.038398960346825, 5.121528066423179 ], [ -72.038077457550571, 5.120903188964798 ], [ -72.038161047652707, 5.120361498976223 ], [ -72.037920888049015, 5.119682790771362 ], [ -72.037759450350777, 5.119519420249873 ], [ -72.037462482825717, 5.119436733716163 ], [ -72.036950390497836, 5.119109116436837 ], [ -72.035897303663404, 5.118860304657987 ], [ -72.034113632476362, 5.118770728394995 ], [ -72.033164923707432, 5.119335508802948 ], [ -72.032757333606554, 5.119794381961446 ], [ -72.032375022905242, 5.120632823773809 ], [ -72.03242170451631, 5.122232159442722 ], [ -72.031660954800998, 5.123068843048192 ], [ -72.031415672093829, 5.123501363230758 ], [ -72.031414420209643, 5.123772394294088 ], [ -72.031575855813657, 5.123935766085403 ], [ -72.031953665822854, 5.12407303888327 ], [ -72.032521445165415, 5.124048571203312 ], [ -72.033198225287293, 5.123834882775514 ], [ -72.033307601057203, 5.123564353041834 ], [ -72.033714569515126, 5.123240996556093 ], [ -72.034228661783629, 5.123134966531416 ], [ -72.034961753859747, 5.122433668607725 ], [ -72.035909843950748, 5.122004403408201 ] ], [ [ -72.02881206895772, 5.119505035168017 ], [ -72.02854100897612, 5.119666398035855 ], [ -72.028566036394039, 5.12010017220771 ], [ -72.029213275676298, 5.1204284218748 ], [ -72.029399988140739, 5.120971361783168 ], [ -72.029830355132276, 5.121434122484015 ], [ -72.03004610223411, 5.12154353902446 ], [ -72.030640784211997, 5.121546300376144 ], [ -72.030857783235987, 5.121384685801061 ], [ -72.030968410167404, 5.120843125805278 ], [ -72.030753789172778, 5.120489781786898 ], [ -72.029647523062721, 5.120050987394559 ], [ -72.02945955843893, 5.119779078193082 ], [ -72.029136314329904, 5.119533644508928 ], [ -72.02881206895772, 5.119505035168017 ] ], [ [ -72.06295470229685, 5.119201906832563 ], [ -72.063038395967141, 5.118633097446339 ], [ -72.062931754080509, 5.118307354559774 ], [ -72.063769488513842, 5.11836540773156 ], [ -72.064121518870195, 5.11823150042383 ], [ -72.064311482712313, 5.118069744949632 ], [ -72.064394432651682, 5.117663558121477 ], [ -72.065018139197747, 5.117232746472315 ], [ -72.064915698424684, 5.115985469672671 ], [ -72.064729072586786, 5.115415419640919 ], [ -72.064460239889669, 5.115088933327389 ], [ -72.064083034073008, 5.11481615918693 ], [ -72.063055588632821, 5.114865656861054 ], [ -72.06240819266371, 5.114564538551424 ], [ -72.062299077348541, 5.114780873550364 ], [ -72.06237844042235, 5.115160699794252 ], [ -72.061999133391851, 5.115348690612675 ], [ -72.061808799422806, 5.115591757118723 ], [ -72.061834098923327, 5.115971335205619 ], [ -72.062182910992519, 5.116542129014617 ], [ -72.062154147268828, 5.116921459106081 ], [ -72.06174830233347, 5.117000909636924 ], [ -72.06139775820759, 5.1168095695616 ], [ -72.060776403826694, 5.116725403688648 ], [ -72.060451777768534, 5.116778121887224 ], [ -72.059855226696641, 5.117181947933008 ], [ -72.059720069008534, 5.117181327098042 ], [ -72.059531962866345, 5.116936523655197 ], [ -72.059369897598913, 5.116908674804557 ], [ -72.059234244611972, 5.117016469083179 ], [ -72.05914893848751, 5.117937625489289 ], [ -72.059199780520032, 5.118642572550089 ], [ -72.059333823409773, 5.118887127841449 ], [ -72.060411000418782, 5.11978652217151 ], [ -72.061274404015293, 5.120142846067604 ], [ -72.061788006400874, 5.120145205203765 ], [ -72.062465408662803, 5.119795958366185 ], [ -72.062763747715195, 5.119580492549113 ], [ -72.06295470229685, 5.119201906832563 ] ], [ [ -72.055621201989211, 5.114994143509848 ], [ -72.055652075675042, 5.114154052789225 ], [ -72.056058288897589, 5.113993294360893 ], [ -72.056328602059082, 5.113994536775116 ], [ -72.056329221569982, 5.11385901813932 ], [ -72.056113714526333, 5.11369540191143 ], [ -72.055873282725486, 5.113070898249571 ], [ -72.055550518364967, 5.112717059160667 ], [ -72.054685766687157, 5.112658875599901 ], [ -72.054011597849055, 5.112303420697992 ], [ -72.053417655685294, 5.112138064045604 ], [ -72.052741752621316, 5.112162059494511 ], [ -72.052335665228213, 5.112295712382322 ], [ -72.051820708875184, 5.112591489079533 ], [ -72.051413380475267, 5.112996177189976 ], [ -72.050922723868069, 5.113888356106856 ], [ -72.050190274682905, 5.114454170349157 ], [ -72.049809354191538, 5.114994498491492 ], [ -72.049726024775623, 5.115481989037605 ], [ -72.049750198836136, 5.116105495567429 ], [ -72.049883864316172, 5.116431361181747 ], [ -72.050261308310368, 5.116649933613478 ], [ -72.051638787066963, 5.11690021698089 ], [ -72.052178544674192, 5.117092432193599 ], [ -72.052799893468546, 5.117176605982142 ], [ -72.053529864712573, 5.117152862377914 ], [ -72.054662454130494, 5.11775436848371 ], [ -72.055284425424347, 5.117703021920003 ], [ -72.055502041321361, 5.117405876098466 ], [ -72.055477614212364, 5.11683657396922 ], [ -72.054992289057125, 5.116563298735351 ], [ -72.054938970406695, 5.116400427878656 ], [ -72.05518336898119, 5.116157613732402 ], [ -72.055483441894253, 5.115562699859071 ], [ -72.055621201989211, 5.114994143509848 ] ], [ [ -72.0330143614446, 5.116814163741116 ], [ -72.033040392670387, 5.117031114245323 ], [ -72.033336232953999, 5.117357730297801 ], [ -72.033984100173086, 5.117550459092068 ], [ -72.034309845320863, 5.117253827173895 ], [ -72.034338125290986, 5.116982920577406 ], [ -72.034257532192754, 5.116874132135808 ], [ -72.033474385997664, 5.11670788081562 ], [ -72.033204077301093, 5.116706628101911 ], [ -72.0330143614446, 5.116814163741116 ] ], [ [ -72.029294114961772, 5.114628618370258 ], [ -72.02910477513386, 5.114654843660747 ], [ -72.028643877716306, 5.114950845197876 ], [ -72.028263571569667, 5.115355634650001 ], [ -72.028126916611143, 5.115680243756943 ], [ -72.028857496298485, 5.11552101262921 ], [ -72.029294114961772, 5.114628618370258 ] ], [ [ -72.047183410370423, 5.10994103689902 ], [ -72.047186887412295, 5.109182138714661 ], [ -72.047431531211927, 5.108885120563435 ], [ -72.046998292054681, 5.109045749644963 ], [ -72.046647014811512, 5.109017027439319 ], [ -72.046350420437065, 5.10885303669789 ], [ -72.046027540655956, 5.108526300491516 ], [ -72.045055921794003, 5.108196574954076 ], [ -72.043110824713679, 5.10794367229529 ], [ -72.042544049604217, 5.1077513307243 ], [ -72.041706719415501, 5.1076119486948 ], [ -72.041084889242157, 5.107636183723482 ], [ -72.039547128282948, 5.106978592933814 ], [ -72.039332127823471, 5.106706561560842 ], [ -72.039307088200104, 5.106272783739347 ], [ -72.040287402958015, 5.104705280819537 ], [ -72.040424918093692, 5.104190940687131 ], [ -72.040400622755172, 5.103594542440409 ], [ -72.040211160660476, 5.103647876514193 ], [ -72.039885178312772, 5.103998723787 ], [ -72.03964128204629, 5.104133118198958 ], [ -72.038856153895267, 5.104400534508125 ], [ -72.038639910000711, 5.104399536562086 ], [ -72.038746041327116, 5.10483368839511 ], [ -72.038716522289548, 5.105375629681748 ], [ -72.038607404662983, 5.105591956991401 ], [ -72.038200328700157, 5.105942427944385 ], [ -72.037361012761281, 5.106236694424063 ], [ -72.036252263372646, 5.10633998772842 ], [ -72.035981958339093, 5.106338738715531 ], [ -72.035820273659979, 5.106229576334715 ], [ -72.035847927017144, 5.10609418509313 ], [ -72.036146258858977, 5.105878733094094 ], [ -72.036717634780246, 5.105068257936977 ], [ -72.037396508438491, 5.104393796963159 ], [ -72.037803085316369, 5.104151739313467 ], [ -72.03723756176268, 5.103688363215453 ], [ -72.036643888496982, 5.103468791554718 ], [ -72.035997400087979, 5.102977937551292 ], [ -72.03532263741954, 5.102757990826501 ], [ -72.035217379783433, 5.102134117414559 ], [ -72.035408459253077, 5.101728442895778 ], [ -72.03638553203497, 5.100865631704393 ], [ -72.03692675976751, 5.100732610299731 ], [ -72.038305181018998, 5.100766073375221 ], [ -72.039304184770657, 5.101014615392454 ], [ -72.03978973706424, 5.101233685335718 ], [ -72.04024651956972, 5.101832077290713 ], [ -72.040512846749479, 5.102700630568566 ], [ -72.040569766165717, 5.102077502773626 ], [ -72.041168163079263, 5.101267142962707 ], [ -72.040982055924474, 5.100588686947125 ], [ -72.040905560626811, 5.099585488949641 ], [ -72.040530489530326, 5.098851954852615 ], [ -72.039938555854974, 5.098252941422948 ], [ -72.039075078790262, 5.097923715653039 ], [ -72.038237266441058, 5.097892750090208 ], [ -72.036506091424357, 5.098155805511525 ], [ -72.036046827358263, 5.098099479212991 ], [ -72.034965372795085, 5.098148696606917 ], [ -72.034480199254432, 5.097848315685793 ], [ -72.034319760620022, 5.097468122289238 ], [ -72.033889270284391, 5.097032474943666 ], [ -72.033240922429798, 5.096948170666007 ], [ -72.032888785132272, 5.097109167250652 ], [ -72.032074646841878, 5.09781010414786 ], [ -72.031611274903184, 5.098648178421155 ], [ -72.031204827230752, 5.098863129723663 ], [ -72.030663602907666, 5.098996146530709 ], [ -72.030608545828173, 5.099212721482173 ], [ -72.030282938649506, 5.099482252880012 ], [ -72.03006457891361, 5.099942005592356 ], [ -72.029979748361114, 5.100754723303929 ], [ -72.030543765493832, 5.101543338551008 ], [ -72.030650764033709, 5.101787766570614 ], [ -72.030649517161919, 5.10205879762785 ], [ -72.030510500317973, 5.102898368636741 ], [ -72.030211172167256, 5.103330642484702 ], [ -72.030045747139255, 5.104034572329039 ], [ -72.029529676516972, 5.104574256734558 ], [ -72.03082563313167, 5.104905499223859 ], [ -72.031557447304181, 5.104475226202032 ], [ -72.032314421013737, 5.104451623949045 ], [ -72.032585472351414, 5.10429025513657 ], [ -72.033017583786986, 5.104373564476977 ], [ -72.033232580143775, 5.104645595984231 ], [ -72.03323195690713, 5.104781111819902 ], [ -72.032960406632554, 5.105050893518677 ], [ -72.033013096024376, 5.105349278296509 ], [ -72.033281903935034, 5.105675766330253 ], [ -72.033767080174357, 5.105976151200156 ], [ -72.033900611825004, 5.106329117514443 ], [ -72.034519819523709, 5.106874056031415 ], [ -72.034680756025992, 5.107145837910029 ], [ -72.034945950483973, 5.108258319153117 ], [ -72.034863487458296, 5.108556079402903 ], [ -72.034915553770745, 5.108989980701291 ], [ -72.03596451172659, 5.110133191165008 ], [ -72.036394135280972, 5.110758565551387 ], [ -72.037014470405381, 5.111059575998606 ], [ -72.03757912465872, 5.111712678748805 ], [ -72.038064183086703, 5.112040167401132 ], [ -72.039817947320344, 5.112752973687321 ], [ -72.041328190317827, 5.113518860470103 ], [ -72.041975936896577, 5.113738683704121 ], [ -72.042786990385551, 5.113715324839485 ], [ -72.043002615921822, 5.113851840204034 ], [ -72.043650613196377, 5.114017455433449 ], [ -72.044216398275267, 5.114426626817539 ], [ -72.044919329966064, 5.114402766668271 ], [ -72.046057370417913, 5.113811727739463 ], [ -72.046659138291034, 5.112269571114362 ], [ -72.047148057180493, 5.111756847190141 ], [ -72.047447882555289, 5.111216147146927 ], [ -72.0475052978788, 5.11048460137033 ], [ -72.047183410370423, 5.10994103689902 ] ], [ [ -72.030498336673361, 5.11140886648079 ], [ -72.030632365253538, 5.111653420650324 ], [ -72.030252437682506, 5.111976903921133 ], [ -72.03016909661379, 5.1124643835918 ], [ -72.030790426080571, 5.112548574524859 ], [ -72.032170238020015, 5.112283930844322 ], [ -72.032278860134497, 5.112176019136746 ], [ -72.031523750666636, 5.111793069275458 ], [ -72.031039822668234, 5.111221649736446 ], [ -72.030634738744922, 5.11113846180067 ], [ -72.030498336673361, 5.11140886648079 ] ], [ [ -72.025911999601789, 5.10360887385568 ], [ -72.025801880058935, 5.104042020538874 ], [ -72.025447988842529, 5.104582451313951 ], [ -72.025419583943119, 5.10488045872067 ], [ -72.025633950763805, 5.105288005898534 ], [ -72.026120244571175, 5.105344467401363 ], [ -72.027283044103328, 5.105241442081067 ], [ -72.028528932872334, 5.104705141199728 ], [ -72.029124347399062, 5.104545276508631 ], [ -72.02726338245445, 5.103642238665064 ], [ -72.026020370002328, 5.103555168923403 ], [ -72.025911999601789, 5.10360887385568 ] ], [ [ -72.02039035217696, 5.099355125958665 ], [ -72.019417153877555, 5.099377713935252 ], [ -72.018578479597679, 5.099536441801255 ], [ -72.018035881405737, 5.099967576843595 ], [ -72.01722361072342, 5.100261941670587 ], [ -72.017194327040627, 5.100749666051277 ], [ -72.017300192219324, 5.101238018254201 ], [ -72.017648699871771, 5.101863014584029 ], [ -72.017808249186174, 5.102432926519068 ], [ -72.018855152930897, 5.104009786274511 ], [ -72.01920529050804, 5.104282446807075 ], [ -72.019664550195003, 5.104338786875975 ], [ -72.020044222340175, 5.104069515980403 ], [ -72.020371085828089, 5.103528965171391 ], [ -72.020426522496933, 5.103231084793114 ], [ -72.020295377156586, 5.102363166191042 ], [ -72.021035817196903, 5.100062809658494 ], [ -72.021010787975243, 5.099629038372156 ], [ -72.020849234087251, 5.099492771788745 ], [ -72.02039035217696, 5.099355125958665 ] ], [ [ -72.050017076303092, 5.105048233594096 ], [ -72.050584103401789, 5.105186361291283 ], [ -72.051043875088112, 5.105134266408343 ], [ -72.051425403762678, 5.104458415341077 ], [ -72.051589941996227, 5.103944191822828 ], [ -72.050776788657913, 5.104428330348828 ], [ -72.050017076303092, 5.105048233594096 ] ], [ [ -72.054033652191649, 5.10747896671469 ], [ -72.054439736235537, 5.1073453107734 ], [ -72.054656850882722, 5.107156578128008 ], [ -72.054712150887269, 5.106885789473139 ], [ -72.054334955315085, 5.106613014676082 ], [ -72.053171757579136, 5.106797401160626 ], [ -72.052765054729434, 5.10706657457558 ], [ -72.052682599096258, 5.107364341994884 ], [ -72.052844289262993, 5.107473501935501 ], [ -72.053169032473249, 5.107393681582222 ], [ -72.054033652191649, 5.10747896671469 ] ], [ [ -72.048461435687116, 5.108293572388657 ], [ -72.04840898712645, 5.107940977536549 ], [ -72.048247422377102, 5.107804713309711 ], [ -72.047733463766974, 5.107883659572575 ], [ -72.047597316514768, 5.108099865454149 ], [ -72.047595826942228, 5.108425107667562 ], [ -72.047757143274652, 5.108615579109753 ], [ -72.048217040743125, 5.108536384277789 ], [ -72.048461435687116, 5.108293572388657 ] ], [ [ -72.092460164270904, 5.110364856016189 ], [ -72.092272040694709, 5.110120056166299 ], [ -72.091463037350167, 5.109682703463275 ], [ -72.090897445462545, 5.109219349811532 ], [ -72.090680945125598, 5.109272577600361 ], [ -72.090625780059668, 5.109516273343248 ], [ -72.09083873225299, 5.110249078173688 ], [ -72.091348669857197, 5.11106454656592 ], [ -72.091887720476464, 5.11141935984962 ], [ -72.092293201670216, 5.111421199841205 ], [ -72.09259116621611, 5.111287025946845 ], [ -72.092460164270904, 5.110364856016189 ] ], [ [ -72.056309994739991, 5.112151359081356 ], [ -72.056686822162916, 5.112505446240969 ], [ -72.056927255032704, 5.113129949939978 ], [ -72.057223237012323, 5.113429457202118 ], [ -72.057573901159287, 5.11359369405035 ], [ -72.057979495054482, 5.113568452757423 ], [ -72.058765261042183, 5.113165495989134 ], [ -72.059173330181167, 5.112598177804919 ], [ -72.05925566161028, 5.112327512045687 ], [ -72.059258507458651, 5.11170412463562 ], [ -72.059178650826482, 5.111432714471453 ], [ -72.058343898867136, 5.110724170015097 ], [ -72.057532962219852, 5.110720447356238 ], [ -72.057126627571037, 5.110908311888661 ], [ -72.056773736136776, 5.111231943022971 ], [ -72.056365171915004, 5.111907673896119 ], [ -72.056309994739991, 5.112151359081356 ] ], [ [ -72.077166255479952, 5.114903111679713 ], [ -72.077490145754865, 5.115013009115108 ], [ -72.077543717360243, 5.11512167282388 ], [ -72.077595566361509, 5.115609795965454 ], [ -72.077457945630499, 5.116151263883831 ], [ -72.077563611943148, 5.116693842324954 ], [ -72.077697787114403, 5.116911293305708 ], [ -72.078048710424966, 5.117021314489699 ], [ -72.078859546940791, 5.117052120030491 ], [ -72.080180794977622, 5.117789979523777 ], [ -72.081206784165516, 5.118065708209303 ], [ -72.08142316389555, 5.118039590112932 ], [ -72.081559553772834, 5.117769163082503 ], [ -72.082291755523599, 5.117257507969645 ], [ -72.082589600035263, 5.117150445854391 ], [ -72.082806839690335, 5.116934596491165 ], [ -72.083025184795488, 5.116474807588661 ], [ -72.083027887137035, 5.115878511315654 ], [ -72.082894323669208, 5.115525538674055 ], [ -72.08246267115652, 5.115333837551504 ], [ -72.081976340777985, 5.115277411679174 ], [ -72.081706758035011, 5.115113553703089 ], [ -72.080708049915202, 5.114783742954437 ], [ -72.080140256283457, 5.114808259251022 ], [ -72.079789578822258, 5.114644031097472 ], [ -72.079709097746161, 5.114508139821954 ], [ -72.079981506448846, 5.114048599223941 ], [ -72.079982120992639, 5.11391307770403 ], [ -72.079661917266179, 5.112990052701458 ], [ -72.079366164795772, 5.112636341358495 ], [ -72.077963338826962, 5.112006533881824 ], [ -72.077342346283714, 5.111841072792359 ], [ -72.076017791791088, 5.11183502983449 ], [ -72.075909295876528, 5.111915849031638 ], [ -72.07620467634824, 5.112350873343218 ], [ -72.076496242997479, 5.113626128560862 ], [ -72.076467734580561, 5.113951255808895 ], [ -72.076358745915869, 5.114140491769036 ], [ -72.07689692133161, 5.114685044007329 ], [ -72.077166255479952, 5.114903111679713 ] ], [ [ -72.092512625717617, 5.116707702258068 ], [ -72.092756896024312, 5.116491970294286 ], [ -72.092839339626053, 5.116194187817653 ], [ -72.092758732428749, 5.11608540111899 ], [ -72.092569383974961, 5.116111646451489 ], [ -72.092162797674845, 5.116353746327231 ], [ -72.09156747509148, 5.116486567781359 ], [ -72.091458856028225, 5.116594494854882 ], [ -72.091457508609707, 5.116892645233492 ], [ -72.091618967436432, 5.117056009657007 ], [ -72.091862135721058, 5.117084219588107 ], [ -72.092512625717617, 5.116707702258068 ] ], [ [ -72.097502855156904, 5.119115611942801 ], [ -72.097589088435384, 5.117977581291338 ], [ -72.097400350124602, 5.11786830423674 ], [ -72.09648185778228, 5.117728611801737 ], [ -72.096264619670123, 5.117944468272573 ], [ -72.095823657651721, 5.119812728966072 ], [ -72.096634633598697, 5.11981640973398 ], [ -72.09741784366976, 5.119982595163345 ], [ -72.097742479134695, 5.11992985737644 ], [ -72.097770734710423, 5.119658932708506 ], [ -72.097502855156904, 5.119115611942801 ] ], [ [ -72.073047702299561, 5.12296149972743 ], [ -72.073210018340575, 5.12293513805546 ], [ -72.073238901511303, 5.122528699805057 ], [ -72.073021657527747, 5.122744542962374 ], [ -72.073047702299561, 5.12296149972743 ] ], [ [ -72.039959532698916, 5.12310731713858 ], [ -72.039850908214376, 5.123215229796682 ], [ -72.039850159266422, 5.123377849684466 ], [ -72.040119598674735, 5.12356882446712 ], [ -72.040389911953085, 5.123570075934612 ], [ -72.040525692623746, 5.123435184970259 ], [ -72.040499410087662, 5.123272439854359 ], [ -72.040202939241382, 5.123081340100655 ], [ -72.039959532698916, 5.12310731713858 ] ], [ [ -72.077785046303987, 5.103630332745577 ], [ -72.077810113631017, 5.104064123982805 ], [ -72.078079936923388, 5.104173771901197 ], [ -72.078270138928602, 5.10395779928426 ], [ -72.07821779436955, 5.103578093367987 ], [ -72.078380841931576, 5.103389101803738 ], [ -72.078327638149588, 5.103199125790416 ], [ -72.078029924569748, 5.103279084984969 ], [ -72.077785046303987, 5.103630332745577 ] ], [ [ -71.994630101984441, 5.099479032443329 ], [ -71.995034657035049, 5.099670645050371 ], [ -71.995440851856472, 5.099509928517182 ], [ -71.995495540780851, 5.099374670233293 ], [ -71.995280694296838, 5.099075534161383 ], [ -71.994795556302023, 5.098775133649378 ], [ -71.994606478293434, 5.098747146230944 ], [ -71.9944693144095, 5.099180149256385 ], [ -71.994630101984441, 5.099479032443329 ] ] ], [ [ [ -72.029163546625881, 5.148670169404281 ], [ -72.029353526760858, 5.148508434773074 ], [ -72.029650628264363, 5.148564029173495 ], [ -72.029838594412041, 5.148835943047414 ], [ -72.029944960721366, 5.14921589053573 ], [ -72.02988925990006, 5.149567977724773 ], [ -72.029726311509933, 5.149729838639422 ], [ -72.029482896086705, 5.149755805550979 ], [ -72.029320073500472, 5.149890563240999 ], [ -72.028778926494567, 5.149996450045101 ], [ -72.028590079262358, 5.149914257030301 ], [ -72.028563676876914, 5.149778615677387 ], [ -72.028781823110762, 5.149373080603056 ], [ -72.029026245601074, 5.149130289686986 ], [ -72.029163546625881, 5.148670169404281 ] ] ], [ [ [ -72.05665749845528, 5.154245921878667 ], [ -72.055846508079668, 5.154242165458672 ], [ -72.055063425834049, 5.154048807637253 ], [ -72.054578206837846, 5.153748412620307 ], [ -72.054255560853235, 5.153367458260369 ], [ -72.054122145553123, 5.152987380899343 ], [ -72.054205618088204, 5.152472787512125 ], [ -72.054476946333665, 5.152257210840751 ], [ -72.055070795728184, 5.152449691518917 ], [ -72.055959885310131, 5.153104311626675 ], [ -72.056607552845762, 5.15335124937504 ], [ -72.057011424780526, 5.153705475140588 ], [ -72.057281380401562, 5.15378803792061 ], [ -72.05768774944498, 5.15360018909222 ], [ -72.058230531286611, 5.153141928025074 ], [ -72.058557422633754, 5.152601354206102 ], [ -72.058585328857546, 5.152411753033365 ], [ -72.058748275232503, 5.152249880912207 ], [ -72.059452754264044, 5.151900783048206 ], [ -72.05996687991157, 5.15179474310906 ], [ -72.060291151298401, 5.151823346781079 ], [ -72.060776873090205, 5.152015322930888 ], [ -72.061423422810904, 5.152506190577829 ], [ -72.061476242672242, 5.152777478683821 ], [ -72.061120075716119, 5.153805798976999 ], [ -72.060739118339853, 5.154346124936885 ], [ -72.06054951234546, 5.154426561117138 ], [ -72.05933302238796, 5.154420933347046 ], [ -72.058494372764585, 5.154552573818324 ], [ -72.058009150412119, 5.154252180286971 ], [ -72.057305666964098, 5.154384444856852 ], [ -72.057198159038435, 5.154248425585743 ], [ -72.056901170261924, 5.154165737482171 ], [ -72.05665749845528, 5.154245921878667 ] ] ], [ [ [ -72.045700841547429, 5.161838416004587 ], [ -72.0449710742988, 5.161807914308436 ], [ -72.044054085689794, 5.161342876259441 ], [ -72.043300803965934, 5.160553352806696 ], [ -72.042817602015361, 5.159819295475893 ], [ -72.042359800994504, 5.159437707821008 ], [ -72.041684858308756, 5.15924483588771 ], [ -72.041279365373299, 5.15924294643638 ], [ -72.040629445914703, 5.159483852507092 ], [ -72.039924203431653, 5.159995538402434 ], [ -72.039165397365409, 5.160398557606931 ], [ -72.038705461589331, 5.160477723674419 ], [ -72.038192215042841, 5.16039401761976 ], [ -72.037546195433833, 5.159794719148614 ], [ -72.037332323708767, 5.15927874874165 ], [ -72.036983162651424, 5.15878925096739 ], [ -72.035717407513715, 5.157753399986979 ], [ -72.035556973425869, 5.157373198415226 ], [ -72.035505173230703, 5.156885088853096 ], [ -72.035778141498611, 5.156317183489653 ], [ -72.036482624320726, 5.155968120953905 ], [ -72.037051063538968, 5.1558081494132 ], [ -72.037241046190786, 5.155646412524741 ], [ -72.037782452661702, 5.155486313999834 ], [ -72.038377295974939, 5.155461983114046 ], [ -72.039403531177285, 5.155683596623732 ], [ -72.040132031553398, 5.155985133498394 ], [ -72.040832746735433, 5.156449163876266 ], [ -72.04180178174056, 5.157348106392399 ], [ -72.042097258944807, 5.157756041377978 ], [ -72.042663943780227, 5.157975511884048 ], [ -72.043204977260572, 5.157896719196738 ], [ -72.043775177192117, 5.157357294305909 ], [ -72.044452252976853, 5.1570894054559 ], [ -72.044777901555634, 5.156819880715819 ], [ -72.045480755638664, 5.15682315019946 ], [ -72.04591190213533, 5.157123299591982 ], [ -72.04620775921893, 5.157449923787462 ], [ -72.046609365901048, 5.158292016441735 ], [ -72.046660296768067, 5.158969854190147 ], [ -72.046519487524563, 5.160188880654334 ], [ -72.046544262447583, 5.160676868487374 ], [ -72.046813213020002, 5.160976264254448 ], [ -72.047461254246812, 5.161141903432827 ], [ -72.047676515605545, 5.161359737237245 ], [ -72.047945341668495, 5.161686236469136 ], [ -72.048185504327861, 5.162364955323741 ], [ -72.048129807364376, 5.16271704911843 ], [ -72.047667734232846, 5.163256980413437 ], [ -72.047179756576099, 5.163552853937718 ], [ -72.046882266074419, 5.163578573238517 ], [ -72.046504303753252, 5.163468397602633 ], [ -72.046207943273714, 5.163250185659633 ], [ -72.04610420410647, 5.16230106198715 ], [ -72.045862663469919, 5.161920481355701 ], [ -72.045700841547429, 5.161838416004587 ] ], [ [ -72.038640458358913, 5.157008128741651 ], [ -72.038423693947578, 5.157115533470066 ], [ -72.038287398969402, 5.15735883247427 ], [ -72.03833957845859, 5.15776563330538 ], [ -72.038716276536917, 5.158146843651478 ], [ -72.039230150278215, 5.158095031937333 ], [ -72.039610242840979, 5.157744453630077 ], [ -72.039584592525443, 5.157446191553534 ], [ -72.039423527185633, 5.157201506053021 ], [ -72.039072981612378, 5.157010145072069 ], [ -72.038640458358913, 5.157008128741651 ] ] ], [ [ [ -72.055147309076659, 5.159307419167805 ], [ -72.055578840020758, 5.159526254521963 ], [ -72.05584729667514, 5.159934063320404 ], [ -72.055817887468294, 5.160448907786118 ], [ -72.055626153199412, 5.160990103486675 ], [ -72.05443356098192, 5.161662175615056 ], [ -72.054027811501285, 5.161714500680447 ], [ -72.053028707639356, 5.161465924325118 ], [ -72.052760378581169, 5.16103101141173 ], [ -72.052762632091373, 5.160543146609643 ], [ -72.053169882412774, 5.160165578659766 ], [ -72.054768844345986, 5.159305663684329 ], [ -72.055147309076659, 5.159307419167805 ] ] ], [ [ [ -72.049253960979897, 5.182643783621058 ], [ -72.047361327518374, 5.182689153627861 ], [ -72.047145811331191, 5.18252552266498 ], [ -72.045318842777448, 5.180077626420394 ], [ -72.044511482092815, 5.179287838637953 ], [ -72.044351295372465, 5.178853426636229 ], [ -72.043465356270531, 5.177521193014145 ], [ -72.042954236641577, 5.176976725750987 ], [ -72.042226848963807, 5.176431247803579 ], [ -72.040312886357839, 5.175256832948567 ], [ -72.039664712771867, 5.175118282611409 ], [ -72.038285627139103, 5.175193143012858 ], [ -72.037339708857971, 5.175134508807099 ], [ -72.036692168886731, 5.174860439897195 ], [ -72.035749030169129, 5.174205533930887 ], [ -72.03461552416627, 5.173793669742764 ], [ -72.034238194565262, 5.173547968879964 ], [ -72.033565646684366, 5.17284012195225 ], [ -72.033268912624493, 5.172703213377723 ], [ -72.032947040341384, 5.17215963154296 ], [ -72.031466280750067, 5.170851717288715 ], [ -72.030819002788846, 5.170523440184085 ], [ -72.028686300033456, 5.16989005889434 ], [ -72.026772525144864, 5.168688525540681 ], [ -72.025721911832449, 5.167897593773567 ], [ -72.025401692958013, 5.167001675165713 ], [ -72.025216638109995, 5.166106391024638 ], [ -72.025144266646421, 5.164235909342823 ], [ -72.025283096672794, 5.16345055853227 ], [ -72.025884134194243, 5.162098200054643 ], [ -72.026077152902843, 5.161285998639996 ], [ -72.026081069114028, 5.160445807409003 ], [ -72.025709434809912, 5.15898047575184 ], [ -72.025900556351971, 5.158574818015201 ], [ -72.025928977836045, 5.158276812270455 ], [ -72.025852931004167, 5.15719231486366 ], [ -72.026097989819746, 5.156814012766559 ], [ -72.026317151764914, 5.156191657289626 ], [ -72.026429823963838, 5.155216457002037 ], [ -72.025980115752731, 5.153100276455518 ], [ -72.025336136612353, 5.152067329387322 ], [ -72.024152400234229, 5.150842132753777 ], [ -72.023235833814908, 5.150295773640839 ], [ -72.022508619603812, 5.149723197033876 ], [ -72.021159798447385, 5.149120606461612 ], [ -72.020890489201577, 5.148902518010535 ], [ -72.020648843354508, 5.148549042047599 ], [ -72.019678221307132, 5.148002428256406 ], [ -72.018818381019287, 5.146887162231292 ], [ -72.018767979728452, 5.146100928534286 ], [ -72.02014117174808, 5.147272804759197 ], [ -72.020598188295168, 5.147817012785981 ], [ -72.020975245961765, 5.148116915779724 ], [ -72.022269370285898, 5.148854766683148 ], [ -72.023508551462058, 5.149782083906726 ], [ -72.025341938540606, 5.150820594486664 ], [ -72.025880185011772, 5.151338079114891 ], [ -72.026389887016791, 5.152180672857567 ], [ -72.026549558135414, 5.152723490667534 ], [ -72.026653777454698, 5.153564188291129 ], [ -72.026830009619673, 5.156356679018256 ], [ -72.026637123052851, 5.157141779225733 ], [ -72.026309578298751, 5.157817834410213 ], [ -72.026279894561497, 5.158386869791626 ], [ -72.026599233650217, 5.15947250707909 ], [ -72.026677047933802, 5.160177563805215 ], [ -72.026344951931392, 5.161829324248827 ], [ -72.025659025373116, 5.163994391599506 ], [ -72.025594464309265, 5.166243681070847 ], [ -72.025807943900404, 5.166840960010434 ], [ -72.026237939232715, 5.167385047753004 ], [ -72.027369525418621, 5.168203461876813 ], [ -72.028555813104433, 5.168886614155407 ], [ -72.028960675442463, 5.16902403029874 ], [ -72.02985276377315, 5.169028211933951 ], [ -72.030716809135569, 5.169249090062374 ], [ -72.030960359010976, 5.169196023895353 ], [ -72.03090995622604, 5.16840978197373 ], [ -72.031022003330534, 5.167570093683683 ], [ -72.030868518090529, 5.165699223106722 ], [ -72.030549299681397, 5.16458647911317 ], [ -72.030308150337959, 5.164124588278982 ], [ -72.029715196534511, 5.163742361301829 ], [ -72.029230879588013, 5.163252228450433 ], [ -72.028639190188827, 5.162598971249287 ], [ -72.028452107902154, 5.162137334073323 ], [ -72.028373661295035, 5.161567791327855 ], [ -72.02840359746277, 5.160944548904014 ], [ -72.029061339235767, 5.159023271817091 ], [ -72.029227697138893, 5.158129630966465 ], [ -72.029178298491772, 5.15712656622572 ], [ -72.028994619580075, 5.155933148332118 ], [ -72.028808166560381, 5.155335997082055 ], [ -72.028379935353669, 5.154412472257597 ], [ -72.027600411206294, 5.153460201575701 ], [ -72.027198205506579, 5.15275362785351 ], [ -72.027038659824839, 5.152183706910145 ], [ -72.027041559373714, 5.151560338500323 ], [ -72.027232171192253, 5.151263090426367 ], [ -72.027883463770308, 5.150724063163493 ], [ -72.028478927476698, 5.150564224158286 ], [ -72.0288567481998, 5.150701507408294 ], [ -72.029505143162154, 5.150785847186643 ], [ -72.029857317466906, 5.150624870280302 ], [ -72.030100607402375, 5.150626006459413 ], [ -72.030369544724024, 5.150925402405237 ], [ -72.030909811961635, 5.151009236045839 ], [ -72.031505528551506, 5.150795187748074 ], [ -72.031938296460169, 5.150743000311988 ], [ -72.032128403106782, 5.150554161708712 ], [ -72.032371945135694, 5.150501090789827 ], [ -72.033099678331112, 5.150965249209502 ], [ -72.033287898227059, 5.151182957041676 ], [ -72.033796984490522, 5.152161066117038 ], [ -72.034035495839518, 5.153192120695187 ], [ -72.034004437328889, 5.154059295199904 ], [ -72.03386688411787, 5.154573624088383 ], [ -72.033649491608912, 5.154816542881814 ], [ -72.033485534529447, 5.155195229562846 ], [ -72.033209166255645, 5.156494917383461 ], [ -72.033204254886257, 5.157551939153641 ], [ -72.033391341977293, 5.158013576191572 ], [ -72.03347017268527, 5.158501811319376 ], [ -72.033684670434027, 5.158882265429694 ], [ -72.033949832652837, 5.159994756920402 ], [ -72.034190355698215, 5.160592162757933 ], [ -72.03494147844448, 5.161842444325182 ], [ -72.035452330803892, 5.162441113728857 ], [ -72.03563866345911, 5.163065370868085 ], [ -72.0359337577068, 5.163554617472887 ], [ -72.036661253383372, 5.164072988112066 ], [ -72.037121569227452, 5.163912515534979 ], [ -72.037309792473494, 5.164130225086534 ], [ -72.037227182293492, 5.164455084884975 ], [ -72.036684885228169, 5.164804900847503 ], [ -72.036519537582791, 5.165481722937402 ], [ -72.035947559446868, 5.166400578026258 ], [ -72.035673447151112, 5.167212409481604 ], [ -72.035428258265966, 5.167617819315734 ], [ -72.034830377630428, 5.168292616510776 ], [ -72.034530364410173, 5.168860391351283 ], [ -72.034393053892728, 5.169320512270892 ], [ -72.034362361126242, 5.170106376821926 ], [ -72.034252587765081, 5.170458211466513 ], [ -72.034221641492479, 5.171298282125677 ], [ -72.034864505637159, 5.17257516746812 ], [ -72.035294513313303, 5.173119255652093 ], [ -72.03661498134106, 5.174019861311042 ], [ -72.037342989865351, 5.174429825368455 ], [ -72.038450350888297, 5.17465183719365 ], [ -72.03936961436996, 5.174629033177372 ], [ -72.03996485501186, 5.174523401221361 ], [ -72.040262979611768, 5.174362171864667 ], [ -72.040106451025508, 5.173141766028599 ], [ -72.040108719542317, 5.172653907008013 ], [ -72.040218365304227, 5.172329173008925 ], [ -72.040871071893577, 5.171492002484968 ], [ -72.041412243103721, 5.17138611475902 ], [ -72.04176506213031, 5.171089619535666 ], [ -72.041847043603951, 5.17090027498626 ], [ -72.041825675374994, 5.169680499202695 ], [ -72.041718926784114, 5.169381857846268 ], [ -72.041503793346706, 5.169136918361023 ], [ -72.041375171955067, 5.167726915009872 ], [ -72.041539636316415, 5.167239812298581 ], [ -72.042246399267825, 5.16640288851946 ], [ -72.042463042069329, 5.166322587296521 ], [ -72.043409203996106, 5.166326999881933 ], [ -72.044275021178734, 5.166168412691923 ], [ -72.044951731581563, 5.165981838831563 ], [ -72.0454124273151, 5.165740049581446 ], [ -72.046548577193803, 5.165582717982718 ], [ -72.047035175892674, 5.165584984031815 ], [ -72.048169318592642, 5.165861304865456 ], [ -72.049385943524968, 5.165839862975655 ], [ -72.050358642345657, 5.165952804723349 ], [ -72.050655256915363, 5.166116809153174 ], [ -72.050787413812614, 5.166767922965268 ], [ -72.05059604751186, 5.167227802895743 ], [ -72.049047862765974, 5.168792635341012 ], [ -72.049072761823581, 5.169253520758938 ], [ -72.049232577072502, 5.169769242656751 ], [ -72.049743200451232, 5.170422118782671 ], [ -72.050471223245992, 5.170832070248808 ], [ -72.050846680637846, 5.171484317273139 ], [ -72.051977449310172, 5.1724924346102 ], [ -72.05240885880373, 5.172738380109355 ], [ -72.053245523717436, 5.173040419778818 ], [ -72.054026867930844, 5.173613243454632 ], [ -72.054836376505421, 5.173942259959573 ], [ -72.056400326847225, 5.17481686930308 ], [ -72.056749259961734, 5.17536057709772 ], [ -72.056720972190774, 5.17563148823912 ], [ -72.056393555230756, 5.176280467841275 ], [ -72.054983273111318, 5.177249658791232 ], [ -72.054167609418883, 5.178248717457939 ], [ -72.053869858967929, 5.178328643496299 ], [ -72.053491634565844, 5.178272673589587 ], [ -72.053276116465909, 5.178109044653978 ], [ -72.053115294358008, 5.177810149582599 ], [ -72.052747242775439, 5.175558788959504 ], [ -72.052560391576918, 5.175042939698745 ], [ -72.051888439357938, 5.174199581881898 ], [ -72.051052402823728, 5.173762022187666 ], [ -72.050538636806593, 5.173786733251132 ], [ -72.05026754611275, 5.173948095049429 ], [ -72.049777672667716, 5.174650519226598 ], [ -72.049668155446156, 5.174948153914899 ], [ -72.049746240396431, 5.175599016231949 ], [ -72.049364373685734, 5.176329046599997 ], [ -72.048930324401184, 5.176652271679114 ], [ -72.048144584014693, 5.177028063809911 ], [ -72.047388015902982, 5.176943221859887 ], [ -72.046714185633107, 5.176506412934931 ], [ -72.046147232756724, 5.176341142766784 ], [ -72.045770397280421, 5.175987031726006 ], [ -72.045529485691077, 5.17547093119995 ], [ -72.045313719992095, 5.175361508057758 ], [ -72.04277281277983, 5.175295434213781 ], [ -72.042610359382408, 5.175348883075267 ], [ -72.042609729462924, 5.175484399767132 ], [ -72.044008927393818, 5.17690034172048 ], [ -72.044922783359539, 5.178042977288373 ], [ -72.045109878477803, 5.178504618935692 ], [ -72.04529432847869, 5.179535432101071 ], [ -72.045562399307116, 5.180024556320444 ], [ -72.046263138373803, 5.18048859781184 ], [ -72.0469915422875, 5.180817248154447 ], [ -72.047558750968008, 5.180928313040638 ], [ -72.048259619264655, 5.181365250234297 ], [ -72.04920568265976, 5.18139677045863 ], [ -72.049610563435024, 5.181534180446649 ], [ -72.049987781372508, 5.181806981700189 ], [ -72.051009414035221, 5.183031433788219 ], [ -72.0513867593763, 5.18327713149683 ], [ -72.052116429438385, 5.183334743587593 ], [ -72.052631461527071, 5.183038999836347 ], [ -72.052680248109027, 5.184177602274397 ], [ -72.052139815935504, 5.18412087307869 ], [ -72.051546448097142, 5.183819959246797 ], [ -72.051141313373691, 5.183736756521495 ], [ -72.050386245534028, 5.183326671120867 ], [ -72.049874485655891, 5.182917721044731 ], [ -72.049253960979897, 5.182643783621058 ] ], [ [ -72.047294094550153, 5.173880027054794 ], [ -72.047428633969716, 5.174016174689768 ], [ -72.047779819810486, 5.174072020427547 ], [ -72.048457169529129, 5.173749929661636 ], [ -72.048837148759361, 5.173426451899988 ], [ -72.04891950632819, 5.173155794927543 ], [ -72.048677208989432, 5.172937833101296 ], [ -72.048190855324762, 5.172881358141249 ], [ -72.047540288970197, 5.173257782049285 ], [ -72.047294094550153, 5.173880027054794 ] ] ], [ [ [ -72.059895091559909, 5.173233953763991 ], [ -72.05989534194876, 5.173179746235536 ], [ -72.059922125466059, 5.173234079282022 ], [ -72.059895091559909, 5.173233953763991 ] ] ], [ [ [ -72.059868057654469, 5.17323382824481 ], [ -72.059894841168401, 5.173288161292358 ], [ -72.059867807260659, 5.173288035771857 ], [ -72.059868057654469, 5.17323382824481 ] ] ], [ [ [ -72.05422886494749, 5.182531467009514 ], [ -72.054362276503227, 5.182911547613227 ], [ -72.05309192213592, 5.182851417670422 ], [ -72.052848866287107, 5.182796076078695 ], [ -72.053038733874274, 5.182661440466685 ], [ -72.0532566411472, 5.182310102028291 ], [ -72.053554016608288, 5.182311488198865 ], [ -72.05422886494749, 5.182531467009514 ] ] ], [ [ [ -71.998112041027369, 5.065535383869777 ], [ -71.998139068888733, 5.065535509362602 ], [ -71.998111915878454, 5.065562486197826 ], [ -71.998112041027369, 5.065535383869777 ] ] ], [ [ [ -71.998543986362833, 5.06564580097516 ], [ -71.998354666103282, 5.065672024935091 ], [ -71.998138943740926, 5.065562611691326 ], [ -71.998274083063592, 5.065563239141939 ], [ -71.998543986362833, 5.06564580097516 ] ] ], [ [ [ -71.99862494486473, 5.065673279745099 ], [ -71.998679125753199, 5.065646428351459 ], [ -71.998679000625131, 5.06567353069359 ], [ -71.99862494486473, 5.065673279745099 ] ] ], [ [ [ -71.997469612105292, 5.070031480753654 ], [ -71.997846250753582, 5.070412671927488 ], [ -71.997872025980499, 5.070683820731054 ], [ -71.997655049665198, 5.070845429523938 ], [ -71.997087460337639, 5.070842790758117 ], [ -71.997006877472913, 5.070734004566656 ], [ -71.997035534659773, 5.070381800373347 ], [ -71.997253262575612, 5.070057577969888 ], [ -71.997469612105292, 5.070031480753654 ] ] ], [ [ [ -71.989806885607791, 5.072977114685723 ], [ -71.98999608136738, 5.07297799683051 ], [ -71.990427398029752, 5.073223932120809 ], [ -71.990588309408764, 5.073495709463744 ], [ -71.990504460636799, 5.074091578326514 ], [ -71.990259951500818, 5.074361465318452 ], [ -71.989935489454325, 5.074387054873879 ], [ -71.988801319030756, 5.074164942900495 ], [ -71.988613883697013, 5.073784631031459 ], [ -71.988643552234706, 5.073215613349175 ], [ -71.989049474337662, 5.073109096030024 ], [ -71.98942774000291, 5.073137962858254 ], [ -71.989806885607791, 5.072977114685723 ] ] ], [ [ [ -72.001950879428406, 5.077071971625072 ], [ -72.001706245353489, 5.077368967508458 ], [ -72.00140868191481, 5.077421790253126 ], [ -72.001140277259125, 5.077013997798205 ], [ -72.001141530297446, 5.076742973856188 ], [ -72.001412816648227, 5.076527411024975 ], [ -72.001656072278195, 5.076528541620357 ], [ -72.001925479522455, 5.076719514628287 ], [ -72.001950879428406, 5.077071971625072 ] ] ], [ [ [ -72.011487372934553, 5.08397333983166 ], [ -72.011189929347992, 5.083999063131378 ], [ -72.011028380961264, 5.083862797530418 ], [ -72.011056410385834, 5.083646101851584 ], [ -72.011299795887041, 5.083620127748399 ], [ -72.011542306156144, 5.08378387207433 ], [ -72.011487372934553, 5.08397333983166 ] ] ], [ [ [ -71.986152579043747, 5.085779597970554 ], [ -71.986208275737908, 5.085427524783479 ], [ -71.986801765457543, 5.085674225412734 ], [ -71.987474954090189, 5.086219427588539 ], [ -71.988548527951977, 5.087850608964166 ], [ -71.98884218514975, 5.088637960042417 ], [ -71.988920874775374, 5.089153278892214 ], [ -71.988809480859388, 5.089857426994118 ], [ -71.988591233244279, 5.09029004819209 ], [ -71.988348480065156, 5.090180501352479 ], [ -71.988514058080057, 5.089449504576771 ], [ -71.988490435137663, 5.088717622261151 ], [ -71.987795260274652, 5.087088210590268 ], [ -71.987231319653219, 5.086299595604146 ], [ -71.986152579043747, 5.085779597970554 ] ] ], [ [ [ -72.004816621429811, 5.094458346545355 ], [ -72.004655199590346, 5.094294976164254 ], [ -72.004142774961394, 5.094048661216878 ], [ -72.004116750582966, 5.093831715638977 ], [ -72.003848719615476, 5.093342612121254 ], [ -72.003851733794122, 5.09269215336341 ], [ -72.003611862366157, 5.091959254051218 ], [ -72.003397387704268, 5.091578812560986 ], [ -72.002939902895989, 5.09114303301343 ], [ -72.002076857921864, 5.090732466800181 ], [ -72.001942340947025, 5.090596325025529 ], [ -72.001970500405349, 5.090352529345195 ], [ -72.002622963356785, 5.08954247908328 ], [ -72.002678904533909, 5.089136194543775 ], [ -72.002897521248613, 5.088622255455382 ], [ -72.002791288305644, 5.08821521560921 ], [ -72.002117699629352, 5.08775132786409 ], [ -72.001956656156025, 5.087506650948688 ], [ -72.001904983469629, 5.086991453510074 ], [ -72.002068662716681, 5.086666979768006 ], [ -72.002366858439785, 5.086478647127544 ], [ -72.00363721460603, 5.086484559999275 ], [ -72.004070178294342, 5.086378162485025 ], [ -72.005126937690349, 5.085813914002006 ], [ -72.006321346155758, 5.084708240551003 ], [ -72.006645567293646, 5.084736850469023 ], [ -72.008102247429775, 5.08536699066043 ], [ -72.008559986494589, 5.085748561097794 ], [ -72.00909768629765, 5.086374431414318 ], [ -72.009553047866859, 5.087270951209319 ], [ -72.010412219115736, 5.088521688579899 ], [ -72.011032261758302, 5.088876910018871 ], [ -72.011761173043837, 5.089070017400183 ], [ -72.012435401103502, 5.089398386579863 ], [ -72.01275749926009, 5.089887740390608 ], [ -72.012647755369187, 5.09023957316596 ], [ -72.012240689407562, 5.090590025204712 ], [ -72.011752660475054, 5.090912997435733 ], [ -72.01134672079516, 5.091019524638325 ], [ -72.01072279352698, 5.091504483463447 ], [ -72.010068076754933, 5.092802393589522 ], [ -72.009957202170696, 5.093398148126343 ], [ -72.009683900312154, 5.094047353457605 ], [ -72.009113149294848, 5.094722277716347 ], [ -72.0088937787623, 5.095398835965733 ], [ -72.008622230532211, 5.09566860377718 ], [ -72.00791858852088, 5.095855050523205 ], [ -72.006676117085675, 5.095659543512511 ], [ -72.006108375762338, 5.095684002331613 ], [ -72.00546092823302, 5.095409955489312 ], [ -72.005218794971725, 5.095164899815436 ], [ -72.005058628759159, 5.09473050460669 ], [ -72.004816621429811, 5.094458346545355 ] ] ], [ [ [ -71.998728660974763, 5.089985077656315 ], [ -71.999107065563777, 5.089986842547005 ], [ -71.999484590380376, 5.09017832360881 ], [ -71.999997762960319, 5.090262025315251 ], [ -72.000186337152655, 5.090398419258994 ], [ -72.000102485130299, 5.090994293040971 ], [ -71.999857967309936, 5.091264182148755 ], [ -71.998639400193412, 5.091746350247544 ], [ -71.997990579405283, 5.091770425373809 ], [ -71.997613180709365, 5.091551840860062 ], [ -71.997561010037742, 5.091145054153028 ], [ -71.998076572015322, 5.090713813888743 ], [ -71.998403811310524, 5.090091973975879 ], [ -71.998728660974763, 5.089985077656315 ] ] ], [ [ [ -72.002290081708367, 5.097211076032658 ], [ -72.002290710500532, 5.097075564003232 ], [ -72.002479538222531, 5.097157753886129 ], [ -72.00250593875316, 5.097293392032666 ], [ -72.002397695825664, 5.097319990058839 ], [ -72.002290081708367, 5.097211076032658 ] ] ], [ [ [ -72.003989659861446, 5.097923681752204 ], [ -72.003826980873072, 5.098031335227007 ], [ -72.003637775387659, 5.098030452807455 ], [ -72.003180036827658, 5.097648875572779 ], [ -72.003099703264823, 5.097485882792197 ], [ -72.003181797032781, 5.097269441583036 ], [ -72.004127571910772, 5.097328058042761 ], [ -72.004153470055286, 5.097572106137096 ], [ -72.003989659861446, 5.097923681752204 ] ] ], [ [ [ -72.009720625359506, 5.12109648628589 ], [ -72.009720373278896, 5.121150691427426 ], [ -72.009693594889512, 5.121096359909497 ], [ -72.009720625359506, 5.12109648628589 ] ] ], [ [ [ -72.009350187383745, 5.125187329879011 ], [ -72.009372675987422, 5.126163148470889 ], [ -72.009558610033324, 5.126868700667687 ], [ -72.009853298010356, 5.127439246320133 ], [ -72.010900684486984, 5.128907720069057 ], [ -72.012460526919071, 5.130622522001042 ], [ -72.013507796676336, 5.132118100512388 ], [ -72.015094936017292, 5.133778825608903 ], [ -72.015120453601185, 5.134104184398825 ], [ -72.015495862768091, 5.134756419703959 ], [ -72.015974603941643, 5.136439064204682 ], [ -72.016645592620847, 5.137472129782449 ], [ -72.017505676523029, 5.138533183981401 ], [ -72.017961678665529, 5.139294211186494 ], [ -72.018175028982895, 5.139918586544941 ], [ -72.018462156030054, 5.142115302232454 ], [ -72.018727297887565, 5.143227781229273 ], [ -72.018670962775644, 5.143715378086068 ], [ -72.018397111604898, 5.144472989974479 ], [ -72.017996686824375, 5.143386980819488 ], [ -72.017974956791122, 5.142248538433864 ], [ -72.017741389997695, 5.140160487494175 ], [ -72.017393766238328, 5.139345760463948 ], [ -72.016909976597674, 5.138747223130613 ], [ -72.016128842899434, 5.138147294251729 ], [ -72.015725518213969, 5.137684650265975 ], [ -72.015108972659561, 5.136570529446571 ], [ -72.014816171927663, 5.135593440914707 ], [ -72.014253943021316, 5.134425368928627 ], [ -72.014121563191679, 5.133828477633393 ], [ -72.013800218048189, 5.133176495636349 ], [ -72.012482384788342, 5.131733856366676 ], [ -72.011220890509662, 5.129803624044043 ], [ -72.009635537661225, 5.127763464831894 ], [ -72.009207841887019, 5.126731542983955 ], [ -72.008778758525935, 5.125997749601566 ], [ -72.008595348850363, 5.124750147020141 ], [ -72.00900648439891, 5.1235324298234 ], [ -72.009012033464003, 5.122339917554986 ], [ -72.009693342806642, 5.121150565049688 ], [ -72.009418625835977, 5.122097890911241 ], [ -72.009549869829087, 5.122938702490602 ], [ -72.009736814020215, 5.123427433711828 ], [ -72.009707639692408, 5.123888050940617 ], [ -72.009433928350816, 5.124618555581396 ], [ -72.009350187383745, 5.125187329879011 ] ] ], [ [ [ -72.01585092543435, 5.133972085039739 ], [ -72.015499394248664, 5.133997544015724 ], [ -72.015176029430918, 5.133779204985019 ], [ -72.015258762349731, 5.133427249278766 ], [ -72.015691134360665, 5.13345637495907 ], [ -72.015960311009238, 5.133701563612473 ], [ -72.015959554468523, 5.133864179903281 ], [ -72.01585092543435, 5.133972085039739 ] ] ] ] } },
{ "type": "Feature", "properties": { "PATTERN": "Oscillating Hot Spot", "Shape_Area": 47557215.000001997 }, "geometry": { "type": "MultiPolygon", "coordinates": [ [ [ [ -72.099636067088497, 5.113650007934281 ], [ -72.098823875621761, 5.113917382987532 ], [ -72.09812152340497, 5.113805780139919 ], [ -72.097745147503105, 5.113343284978355 ], [ -72.097586984433889, 5.112448093986377 ], [ -72.096806713947345, 5.111631400805514 ], [ -72.095536812154251, 5.111490119934738 ], [ -72.09513047424592, 5.111678014680279 ], [ -72.094806210558474, 5.111649439403716 ], [ -72.09418801630278, 5.110860585425798 ], [ -72.093460472613117, 5.110342287739761 ], [ -72.093084224491477, 5.109852688226458 ], [ -72.091494717077978, 5.108652851804804 ], [ -72.089906317542827, 5.107209073822781 ], [ -72.089203734368937, 5.107151675282273 ], [ -72.088742724780744, 5.107474843729441 ], [ -72.088524878974283, 5.107826220706642 ], [ -72.088331983520021, 5.108638496908893 ], [ -72.088086982484782, 5.109016855111354 ], [ -72.087897269495386, 5.109124413643271 ], [ -72.086870425952668, 5.109038433460352 ], [ -72.085119607247123, 5.107648121074347 ], [ -72.084363821535931, 5.10740074054344 ], [ -72.083905875863834, 5.107046293895232 ], [ -72.082692147738342, 5.106444465702585 ], [ -72.082207172429719, 5.106089895810607 ], [ -72.081667153441899, 5.10595191473219 ], [ -72.081262783460062, 5.105706130915705 ], [ -72.080751023662472, 5.105297229045091 ], [ -72.080348126713417, 5.104726193235122 ], [ -72.079405827756872, 5.103881654293214 ], [ -72.07911019952337, 5.103500840929497 ], [ -72.079112407874916, 5.103012963676155 ], [ -72.079031927046984, 5.102877073187149 ], [ -72.078492771447358, 5.102549361410485 ], [ -72.078116295492805, 5.102113970641467 ], [ -72.077523078566543, 5.101786012626175 ], [ -72.076468857442194, 5.101781212876922 ], [ -72.076036725094355, 5.101697930594825 ], [ -72.075144324633712, 5.101775179977404 ], [ -72.074252907490987, 5.10163559459466 ], [ -72.072764715389482, 5.101954067516068 ], [ -72.072277047121702, 5.102195785925 ], [ -72.072086967939882, 5.102384651797187 ], [ -72.072031429914333, 5.102709654654746 ], [ -72.07232619121902, 5.103280197572345 ], [ -72.072376195395108, 5.104174880389205 ], [ -72.072239931911682, 5.104418200877293 ], [ -72.071506764759249, 5.105146681295476 ], [ -72.071286822129778, 5.105958817187335 ], [ -72.071527888915668, 5.106447801731359 ], [ -72.072067655086073, 5.106639998587203 ], [ -72.072579405994247, 5.107048904833797 ], [ -72.073606108546798, 5.107162009192297 ], [ -72.073848776641483, 5.107298640032632 ], [ -72.074063675391599, 5.107597772503414 ], [ -72.074142555741901, 5.108086017509344 ], [ -72.074005306833044, 5.108546171562389 ], [ -72.073245840080091, 5.109111904096468 ], [ -72.07289393792766, 5.109218716281146 ], [ -72.07243452524834, 5.109189513815809 ], [ -72.071219955297238, 5.108777396403879 ], [ -72.068545692529185, 5.108358605662505 ], [ -72.067330760661036, 5.10802779519522 ], [ -72.066629302652643, 5.107726436664489 ], [ -72.066252097718149, 5.107453665701735 ], [ -72.06603893065396, 5.106775077134628 ], [ -72.065770591370423, 5.106340177131614 ], [ -72.064370396433631, 5.105141172706001 ], [ -72.063885192979086, 5.10484080311874 ], [ -72.063400853728382, 5.104350706065426 ], [ -72.062890347811006, 5.10367075807705 ], [ -72.062059789203147, 5.102040689942446 ], [ -72.061629638248377, 5.101523737042919 ], [ -72.060740086206749, 5.100977577059655 ], [ -72.060066782835392, 5.100432406739634 ], [ -72.059419277209017, 5.100158398271181 ], [ -72.058691791203401, 5.099640083913631 ], [ -72.058394576175388, 5.099611618380411 ], [ -72.057853343502345, 5.099744661027304 ], [ -72.056877642227334, 5.100309381340428 ], [ -72.055848619908488, 5.100711228939804 ], [ -72.055441551630622, 5.101061718113619 ], [ -72.055083968987788, 5.102415291890973 ], [ -72.054189231008124, 5.103007480075536 ], [ -72.053783645236464, 5.103032722727975 ], [ -72.053621831708625, 5.102950667233854 ], [ -72.053380534672669, 5.10251589181988 ], [ -72.053355607544972, 5.102055005448194 ], [ -72.053438060825911, 5.101757237327054 ], [ -72.053683811683214, 5.101216280373182 ], [ -72.05455176287596, 5.100569760321036 ], [ -72.054634709665407, 5.10016357681603 ], [ -72.054203949690475, 5.09978214150474 ], [ -72.053963270316231, 5.099211848324157 ], [ -72.053808133427893, 5.097666194775593 ], [ -72.053787282668949, 5.096310886875755 ], [ -72.053628806872268, 5.095497033086988 ], [ -72.053306665503342, 5.09500768015444 ], [ -72.052686448391768, 5.094679586244758 ], [ -72.051175342297384, 5.094103468940204 ], [ -72.050206083370867, 5.093258793859121 ], [ -72.049505274615868, 5.092821912483911 ], [ -72.048479856941768, 5.09243774957462 ], [ -72.047993436721498, 5.092408413074805 ], [ -72.046910000758146, 5.092891312910183 ], [ -72.046258675823793, 5.09345750715335 ], [ -72.045309769689325, 5.094076540717328 ], [ -72.044603390634705, 5.094859310937406 ], [ -72.044384793860019, 5.095373282331807 ], [ -72.044327014474604, 5.096186137195828 ], [ -72.044217529565415, 5.096483777844827 ], [ -72.043430426752423, 5.09718486112522 ], [ -72.042997817985622, 5.09720997446429 ], [ -72.042296147383723, 5.096962809384626 ], [ -72.041003039728665, 5.096008218467714 ], [ -72.040571549742623, 5.095789400375409 ], [ -72.039734732123918, 5.095541611655385 ], [ -72.039061462245087, 5.094996432778526 ], [ -72.038820053907202, 5.094588762526194 ], [ -72.038716030819842, 5.093693855244163 ], [ -72.038555961121986, 5.093232352088802 ], [ -72.038260989819847, 5.092716020031322 ], [ -72.03788405992573, 5.09238903771045 ], [ -72.036993561697884, 5.092059689784546 ], [ -72.035182682297247, 5.092024241433819 ], [ -72.034183198603316, 5.09188411477253 ], [ -72.03202553871148, 5.090844221116108 ], [ -72.031216014633785, 5.090542345334099 ], [ -72.030540893839884, 5.090403711375062 ], [ -72.030162478108309, 5.090401964811179 ], [ -72.029675321556894, 5.090535234359471 ], [ -72.028753573822556, 5.091127258475582 ], [ -72.026771686028397, 5.093015353464385 ], [ -72.025331504649316, 5.094662010378739 ], [ -72.024732982556245, 5.095499450496427 ], [ -72.023700983303343, 5.096551709918265 ], [ -72.022344373161729, 5.097656668366193 ], [ -72.022019265926176, 5.097817782438241 ], [ -72.021747093499513, 5.098223072853145 ], [ -72.02139470613713, 5.098438266799535 ], [ -72.021043193661598, 5.098463740317441 ], [ -72.02085523515774, 5.098191834225561 ], [ -72.020803800614701, 5.097622423360535 ], [ -72.020453288823262, 5.097431073944881 ], [ -72.020237050889179, 5.097430071169716 ], [ -72.019776170024244, 5.097726071275107 ], [ -72.018937748101365, 5.097830595288209 ], [ -72.016988105026968, 5.098580439987521 ], [ -72.016662496645935, 5.098849961332466 ], [ -72.016334383519194, 5.099661537419197 ], [ -72.015982370768654, 5.099795418632056 ], [ -72.01560395457669, 5.099793660284217 ], [ -72.014254098389785, 5.09943504353688 ], [ -72.013607141091683, 5.099052589957786 ], [ -72.013041900364385, 5.098534999868699 ], [ -72.012181967873914, 5.09744687144135 ], [ -72.011805058732051, 5.097119879953054 ], [ -72.01107626510418, 5.096899664690597 ], [ -72.010293037251728, 5.096760505208116 ], [ -72.009995587752954, 5.096786224455736 ], [ -72.009290438272799, 5.097297903182822 ], [ -72.008936671008797, 5.097811216431199 ], [ -72.008718176022214, 5.09829805588376 ], [ -72.008468884527502, 5.099597845927092 ], [ -72.007732806859792, 5.100949573176748 ], [ -72.007568367939456, 5.101436662986871 ], [ -72.007430455538795, 5.102032288722971 ], [ -72.007455725806423, 5.102411850150331 ], [ -72.007695976423463, 5.103063445068116 ], [ -72.008018447391564, 5.103471495345678 ], [ -72.008124681020263, 5.103878537578217 ], [ -72.006637167843721, 5.104061322361227 ], [ -72.005907995625918, 5.103922405163819 ], [ -72.004285965822888, 5.103969041202776 ], [ -72.003773032536614, 5.103831131333892 ], [ -72.003260980837481, 5.103503504210242 ], [ -72.002695877817757, 5.102958805233759 ], [ -72.000591480980603, 5.102108783101599 ], [ -72.000160143618473, 5.101862841136406 ], [ -71.999245175268555, 5.100991271680456 ], [ -71.998627153936724, 5.100202398947404 ], [ -71.997578051755283, 5.099113379841683 ], [ -71.996634801332803, 5.09851270726667 ], [ -71.996096612364639, 5.097995236880028 ], [ -71.995423026537338, 5.097531339048921 ], [ -71.994775714548879, 5.097230180799223 ], [ -71.994262035700373, 5.097254880884273 ], [ -71.993693289906048, 5.097496145138519 ], [ -71.993208910942485, 5.097033131476034 ], [ -71.991885623941826, 5.096783013398243 ], [ -71.991594740110273, 5.095399412417046 ], [ -71.990873286214253, 5.093607256266793 ], [ -71.989961623431768, 5.092031033041712 ], [ -71.988645164394427, 5.090317403269524 ], [ -71.988919361289362, 5.089478503832002 ], [ -71.988921883711612, 5.088936462263589 ], [ -71.988495227468889, 5.087687743656394 ], [ -71.987421401610433, 5.086110766511728 ], [ -71.986721058581608, 5.085592539933154 ], [ -71.986208528017286, 5.085373320756207 ], [ -71.988505143054596, 5.073919637048635 ], [ -71.988692704056973, 5.07427284684793 ], [ -71.988854368992577, 5.074382011804574 ], [ -71.989448859381696, 5.074411887820004 ], [ -71.990231666469739, 5.074632360513671 ], [ -71.990530734587836, 5.074254317136981 ], [ -71.990722569840742, 5.073686054429872 ], [ -71.99050885896699, 5.073143003735261 ], [ -71.989996709718667, 5.072842486235505 ], [ -71.989672374218642, 5.072840973994076 ], [ -71.989320256678582, 5.073001948161745 ], [ -71.988698739685205, 5.072971946728314 ], [ -71.99046958143461, 5.064117615146506 ], [ -71.990713080808149, 5.064064542809594 ], [ -71.997112886947576, 5.065341023721434 ], [ -71.997139414033569, 5.065449558466843 ], [ -71.997463247382001, 5.065559474016089 ], [ -71.998109162430637, 5.066158737408756 ], [ -71.998649344875204, 5.066242554384552 ], [ -71.998783358131888, 5.066487102910015 ], [ -71.998807883051398, 5.06702927528756 ], [ -71.999128213455435, 5.067898056481616 ], [ -71.999558533698348, 5.068360804641037 ], [ -72.000070439255296, 5.068715519858014 ], [ -72.000310938508022, 5.069312901585505 ], [ -72.000848121388373, 5.070047175865912 ], [ -72.001305972754906, 5.070401640291782 ], [ -72.001816754897689, 5.071000277367506 ], [ -72.002382720396611, 5.0713552436519 ], [ -72.002704556789666, 5.071898797826116 ], [ -72.002646871624194, 5.07268451754028 ], [ -72.002727080488654, 5.072874611036561 ], [ -72.003103974968511, 5.073201597026038 ], [ -72.003535426994532, 5.073420424120509 ], [ -72.00391194698129, 5.073828717458968 ], [ -72.004693517870265, 5.074320199930762 ], [ -72.005124221092316, 5.07470164168426 ], [ -72.005390252440279, 5.075624380947138 ], [ -72.005739496027402, 5.076086754211477 ], [ -72.006005778017851, 5.076955289009137 ], [ -72.006193351471097, 5.077308499856241 ], [ -72.006489414634203, 5.077580904963658 ], [ -72.007185277890386, 5.079074805932259 ], [ -72.007614734070245, 5.079727274237038 ], [ -72.008072095315953, 5.080190150249771 ], [ -72.008477025842566, 5.080300441992891 ], [ -72.008934638377085, 5.080709112817829 ], [ -72.009041752856049, 5.08092643517033 ], [ -72.009039376324935, 5.08144138433101 ], [ -72.009521767163847, 5.082338027622849 ], [ -72.009790929907908, 5.082583205315158 ], [ -72.009951727195102, 5.082882086542258 ], [ -72.01067913097306, 5.083400422529881 ], [ -72.01086595716292, 5.083916250342772 ], [ -72.011135121052575, 5.084161428148969 ], [ -72.011378006545243, 5.084243864700772 ], [ -72.011864528100901, 5.084246121707908 ], [ -72.012081135058452, 5.084165816723192 ], [ -72.01178569180054, 5.08375789780632 ], [ -72.011328075247889, 5.083349226711713 ], [ -72.011334826344694, 5.081885683979933 ], [ -72.011608489582912, 5.081155165780693 ], [ -72.011666296082623, 5.080342336815446 ], [ -72.011883900925255, 5.080045209862449 ], [ -72.01329327059446, 5.079211539109715 ], [ -72.014402825095573, 5.078918541228224 ], [ -72.014890342226778, 5.078703971719564 ], [ -72.015349957111695, 5.0786789957841 ], [ -72.016108011979355, 5.078411470384476 ], [ -72.01721719246855, 5.078199774467665 ], [ -72.017868502606504, 5.077633615295962 ], [ -72.018463511364843, 5.077555055782352 ], [ -72.018841666390315, 5.077611010475525 ], [ -72.01889447830635, 5.077882288671493 ], [ -72.018704154705773, 5.078125339617003 ], [ -72.018270446233259, 5.078394368588707 ], [ -72.017512390794394, 5.078661897072295 ], [ -72.017430805455319, 5.078769933243102 ], [ -72.017805345376672, 5.079611870304277 ], [ -72.017799609586817, 5.08085859937448 ], [ -72.018093935631782, 5.081510442321325 ], [ -72.01806316496247, 5.082323401599349 ], [ -72.017897622461888, 5.083054426914714 ], [ -72.017734325089236, 5.083297601528252 ], [ -72.017490314641719, 5.083459092267709 ], [ -72.016137612655214, 5.083723862275403 ], [ -72.015570501905344, 5.083612822105539 ], [ -72.015056575467483, 5.083691751150448 ], [ -72.014732851582622, 5.083554734654685 ], [ -72.014408503347553, 5.083553231670725 ], [ -72.013135765852795, 5.084062294471132 ], [ -72.012567906881841, 5.084113867819942 ], [ -72.012487319935545, 5.084005081092953 ], [ -72.012298242058492, 5.083977100969697 ], [ -72.012108289067996, 5.084138839429484 ], [ -72.01253887769451, 5.08454738522156 ], [ -72.013024399996212, 5.084766462955481 ], [ -72.013265411335382, 5.085255439406107 ], [ -72.01353420198177, 5.085581925148714 ], [ -72.013881080095402, 5.086559251831902 ], [ -72.014419412883157, 5.087049607529996 ], [ -72.015552638925897, 5.087488514757143 ], [ -72.016956784651683, 5.08779315960945 ], [ -72.017684451695089, 5.088257288560285 ], [ -72.018089766285982, 5.088286269743069 ], [ -72.018928424080173, 5.088127533972912 ], [ -72.019417073732058, 5.087669038726347 ], [ -72.020121832405138, 5.087238646435003 ], [ -72.020880274867821, 5.086889811575477 ], [ -72.02155663143148, 5.086757423404389 ], [ -72.021882354847008, 5.086460791816999 ], [ -72.022315572003691, 5.086300174411619 ], [ -72.022478620469712, 5.08611120392175 ], [ -72.022537165654995, 5.085135748807041 ], [ -72.022700836601075, 5.08481126342801 ], [ -72.02294497219286, 5.084622667323407 ], [ -72.023188111086895, 5.084650894527792 ], [ -72.023618835766669, 5.085032334258917 ], [ -72.023696809403205, 5.085710282662959 ], [ -72.023858611704654, 5.085792341010331 ], [ -72.02401879459579, 5.086226737756927 ], [ -72.023989771864706, 5.086660260102793 ], [ -72.024150951475207, 5.086877833323889 ], [ -72.024609703855319, 5.087042574758519 ], [ -72.025636323914526, 5.087155732624013 ], [ -72.025934145913482, 5.087048694152278 ], [ -72.026555947847228, 5.087024462567547 ], [ -72.027502850532457, 5.086839109683849 ], [ -72.028259427294032, 5.08689680939399 ], [ -72.028799146588369, 5.087089025808204 ], [ -72.029420825692881, 5.087091894499174 ], [ -72.031071617317224, 5.086665849810026 ], [ -72.031693297303406, 5.086668716070834 ], [ -72.032044060521372, 5.086805851631155 ], [ -72.032665616960699, 5.086835820200704 ], [ -72.032882474915695, 5.086701300859469 ], [ -72.033290775525671, 5.086079795871586 ], [ -72.033755741361361, 5.084889372015361 ], [ -72.033839188463958, 5.084374784662029 ], [ -72.034875243084585, 5.082428081134349 ], [ -72.035201581023145, 5.081995921741163 ], [ -72.036178732697209, 5.081105989907543 ], [ -72.037262884664344, 5.080460481455293 ], [ -72.037722385420167, 5.080462593067065 ], [ -72.037938001851089, 5.080599103171056 ], [ -72.038289385055364, 5.080600717638626 ], [ -72.039237893283058, 5.080062996621352 ], [ -72.039563732407657, 5.079739245967628 ], [ -72.040214419848397, 5.079308570471424 ], [ -72.041162059833809, 5.078960568250337 ], [ -72.04181262241805, 5.078556993453043 ], [ -72.042408136544537, 5.078369996945868 ], [ -72.043058451112643, 5.078020626947162 ], [ -72.043598670389528, 5.078104415453891 ], [ -72.043733200150811, 5.078240552176792 ], [ -72.043812682424573, 5.07859326871066 ], [ -72.043920182756608, 5.078729281571935 ], [ -72.044109142454062, 5.078784355765352 ], [ -72.044162213096527, 5.079001431216302 ], [ -72.044458920542326, 5.079138311346814 ], [ -72.044621468615745, 5.079057744249753 ], [ -72.044999635645837, 5.079113685411491 ], [ -72.045217848552241, 5.078681020553773 ], [ -72.045165271482816, 5.07835553106474 ], [ -72.045384224644025, 5.077760244995233 ], [ -72.045361269566072, 5.076865706049114 ], [ -72.045712900001419, 5.076813108298124 ], [ -72.047684451991472, 5.077174487287033 ], [ -72.048731451784462, 5.078751318075095 ], [ -72.049378190375023, 5.079187943930383 ], [ -72.050347067030032, 5.080113918527147 ], [ -72.050802503421309, 5.081010440130034 ], [ -72.050665750964441, 5.081362168781017 ], [ -72.050367559497175, 5.081550533463601 ], [ -72.049259460955412, 5.081518357252046 ], [ -72.049068524557953, 5.08189694107523 ], [ -72.048633825752205, 5.08238282490604 ], [ -72.047657294887316, 5.083137266787597 ], [ -72.046738157937554, 5.083160158696042 ], [ -72.046998570392418, 5.085329679416574 ], [ -72.047294663381095, 5.085602077901319 ], [ -72.047807490386376, 5.08576705355707 ], [ -72.048671954350468, 5.085879432326466 ], [ -72.049456070375726, 5.085828817082814 ], [ -72.049969022562834, 5.085966687843575 ], [ -72.050861012651836, 5.085970773402018 ], [ -72.051321386980362, 5.085783152207259 ], [ -72.051891238623838, 5.085297885405972 ], [ -72.053007115692623, 5.083622529681048 ], [ -72.053117208261284, 5.083189365443617 ], [ -72.052874801781641, 5.082998527102344 ], [ -72.052361849625868, 5.082860659656084 ], [ -72.051822607977371, 5.082560046402791 ], [ -72.051258063877057, 5.081879858492636 ], [ -72.051070581638754, 5.08149954201887 ], [ -72.051071444947397, 5.081309816639734 ], [ -72.051125997893351, 5.081201649457597 ], [ -72.051695103827527, 5.080879002359429 ], [ -72.052507354570139, 5.08058457040475 ], [ -72.053050046059141, 5.080126279433234 ], [ -72.053347990168461, 5.079992120030736 ], [ -72.05407779569407, 5.079995455114449 ], [ -72.054293418649166, 5.080131961657971 ], [ -72.054887459898097, 5.080270196999845 ], [ -72.055156650466543, 5.080515365274061 ], [ -72.055505330247442, 5.08111325250379 ], [ -72.055721569666503, 5.081114240256962 ], [ -72.056046913772775, 5.080898891768165 ], [ -72.056397933618456, 5.08098180773748 ], [ -72.056775122013519, 5.081254573346365 ], [ -72.057177617619402, 5.081906915180661 ], [ -72.057798200188358, 5.082153687716031 ], [ -72.058445198333729, 5.08253610233463 ], [ -72.060416549598685, 5.082951664225394 ], [ -72.06163265987189, 5.083011419903829 ], [ -72.063363451017722, 5.08282957893526 ], [ -72.063850977131011, 5.082614964600177 ], [ -72.065260476145099, 5.081754040299363 ], [ -72.065804270633834, 5.081051798044039 ], [ -72.066291672641583, 5.080864284604672 ], [ -72.066509631419962, 5.080485812639576 ], [ -72.066861759519966, 5.080324787434659 ], [ -72.067214745892272, 5.079974033783702 ], [ -72.068132545952281, 5.080249254060414 ], [ -72.070971944909616, 5.079991113698289 ], [ -72.073671669968775, 5.080735200738666 ], [ -72.074130941335909, 5.080791494912975 ], [ -72.074537008547154, 5.080657814071492 ], [ -72.076913605549564, 5.081129376618112 ], [ -72.077236993095084, 5.081347681579999 ], [ -72.077615786301919, 5.081268084610714 ], [ -72.079992394047622, 5.081739638361091 ], [ -72.07998909631371, 5.08247145529683 ], [ -72.079743255698517, 5.083039543739793 ], [ -72.080119118678653, 5.083610449685893 ], [ -72.080685418360844, 5.083911169798157 ], [ -72.081116198953637, 5.084292590420724 ], [ -72.082329649797074, 5.084948605997125 ], [ -72.083058747448447, 5.085114537933619 ], [ -72.083572332034578, 5.085116863619997 ], [ -72.084570762783613, 5.085500853569394 ], [ -72.085597812209571, 5.085532606941126 ], [ -72.086518202550749, 5.085238615776169 ], [ -72.087385628063501, 5.084700437781319 ], [ -72.087847711767623, 5.08413332051361 ], [ -72.088256463877059, 5.083403330940437 ], [ -72.08841864878336, 5.08340406385808 ], [ -72.119828925699991, 5.089616944103184 ], [ -72.118305932218831, 5.09774186236685 ], [ -72.117837435462974, 5.099745588232768 ], [ -72.116950369876022, 5.10467485349731 ], [ -72.116646592008948, 5.106110092791566 ], [ -72.116430211265481, 5.106136225904896 ], [ -72.116402815250481, 5.106217419958632 ], [ -72.115128992096118, 5.112988118091966 ], [ -72.11082849093961, 5.113483744237089 ], [ -72.10896385032251, 5.113339803653953 ], [ -72.108726883978292, 5.111929245611488 ], [ -72.108324316372929, 5.111276896043009 ], [ -72.108299473560962, 5.110788884226917 ], [ -72.108544468348398, 5.11041051193102 ], [ -72.109140033198571, 5.110223459442046 ], [ -72.109167673587535, 5.110088056297638 ], [ -72.108546779050172, 5.109895516975999 ], [ -72.108223241505428, 5.109704318728373 ], [ -72.107766488371681, 5.109078830965658 ], [ -72.107741401914581, 5.108645029345889 ], [ -72.10755217555176, 5.108644175735358 ], [ -72.106278005979732, 5.10945159123036 ], [ -72.106033254457543, 5.109775752244936 ], [ -72.105919160161292, 5.111103405857619 ], [ -72.106078432566193, 5.111754656784806 ], [ -72.106320019932781, 5.112135224695578 ], [ -72.106343399418563, 5.112948495058736 ], [ -72.106450433406536, 5.113192927959681 ], [ -72.104530883875753, 5.113238465573244 ], [ -72.103254506678013, 5.114533755243194 ], [ -72.103254140845337, 5.114615069842751 ], [ -72.102928653448174, 5.114857546227045 ], [ -72.101850892600098, 5.114066613517679 ], [ -72.100582321945183, 5.113627186480251 ], [ -72.099636067088497, 5.113650007934281 ] ], [ [ -72.101274230590562, 5.11005240878722 ], [ -72.101466869565371, 5.109294329313417 ], [ -72.101984503188262, 5.108402191549295 ], [ -72.102041369888582, 5.107779024518827 ], [ -72.101933972236466, 5.107615906827471 ], [ -72.101098412906396, 5.107070022894531 ], [ -72.100693296878859, 5.106986875593628 ], [ -72.100017372659096, 5.107010925090434 ], [ -72.099828513792104, 5.106928755104283 ], [ -72.099533355381311, 5.106439524373701 ], [ -72.099183401779513, 5.106112677938214 ], [ -72.099131288274677, 5.10567875706497 ], [ -72.099213725172064, 5.105380971213159 ], [ -72.099133604334838, 5.105163766343201 ], [ -72.098757472703326, 5.10464706459589 ], [ -72.098326180582561, 5.104374061315279 ], [ -72.097570018287016, 5.10420800986148 ], [ -72.096785361372156, 5.104367092075609 ], [ -72.095676688080005, 5.104443390910547 ], [ -72.095271820221626, 5.104306032147537 ], [ -72.094732769858169, 5.103951223976078 ], [ -72.094462451586907, 5.103950000157768 ], [ -72.094326315940762, 5.104166225485407 ], [ -72.094161317046044, 5.104788898153291 ], [ -72.09399839334661, 5.104950791519263 ], [ -72.093997538615454, 5.105140524077241 ], [ -72.094644594325558, 5.105522927534979 ], [ -72.095182058397242, 5.106230097313391 ], [ -72.095667656839765, 5.106449138063803 ], [ -72.097747899673408, 5.106729606634223 ], [ -72.098341750504687, 5.106922030585164 ], [ -72.098772921777623, 5.107222139575823 ], [ -72.09882564437504, 5.107520536565781 ], [ -72.098522924076946, 5.108711800665247 ], [ -72.098548492134839, 5.109037180089206 ], [ -72.098952266282993, 5.109418481758847 ], [ -72.099462705762093, 5.110125530065313 ], [ -72.099596280843102, 5.110478503838641 ], [ -72.099700627564076, 5.111319241441999 ], [ -72.100129971632001, 5.112025923419178 ], [ -72.100345375988269, 5.112216635705768 ], [ -72.100723828418253, 5.112218348314882 ], [ -72.100940818905997, 5.112056697971874 ], [ -72.101296141703813, 5.11119093358689 ], [ -72.101274230590562, 5.11005240878722 ] ], [ [ -72.111483163736111, 5.106141074753084 ], [ -72.111159018706076, 5.106085403864777 ], [ -72.110619829675954, 5.105757708313859 ], [ -72.109593574918918, 5.105536240763298 ], [ -72.109187969703058, 5.105561518826359 ], [ -72.107966171369739, 5.106748655836443 ], [ -72.108046417266394, 5.106938756407642 ], [ -72.108938361196465, 5.106969883067777 ], [ -72.109155105655816, 5.106862437772246 ], [ -72.109803759536888, 5.106892466598028 ], [ -72.110667822368228, 5.107113204405561 ], [ -72.110883231025085, 5.107303914008988 ], [ -72.110990024531716, 5.1076025567501 ], [ -72.110961899051631, 5.107846380490865 ], [ -72.110715570686722, 5.108522910660858 ], [ -72.110525128891254, 5.108793108412684 ], [ -72.110469362968701, 5.109172335385655 ], [ -72.110224855898437, 5.109442289184993 ], [ -72.110115510811269, 5.109712852115775 ], [ -72.110115024648508, 5.109821272258623 ], [ -72.110330555028526, 5.109984877413845 ], [ -72.110925026239144, 5.110041768238785 ], [ -72.111331242398961, 5.109880965314645 ], [ -72.11168412234835, 5.109557287978528 ], [ -72.112144038825434, 5.109478043092086 ], [ -72.112550376108132, 5.109290133923333 ], [ -72.11347385044003, 5.108318488655724 ], [ -72.11369180908801, 5.107939990426713 ], [ -72.113807460869339, 5.106259959262792 ], [ -72.113647328720674, 5.105798442370609 ], [ -72.113459557819496, 5.105472329540825 ], [ -72.113190326165721, 5.105227167223133 ], [ -72.11267756132068, 5.105035120346828 ], [ -72.112434149253872, 5.105061130576245 ], [ -72.112054119524913, 5.105411793379243 ], [ -72.1117291250264, 5.105545858505586 ], [ -72.111483163736111, 5.106141074753084 ] ], [ [ -72.105157092383877, 5.100203565524837 ], [ -72.105591304220141, 5.099826045859475 ], [ -72.105782106916621, 5.09947453435869 ], [ -72.106351963188018, 5.098989202831 ], [ -72.106515854625499, 5.098610464007988 ], [ -72.106517675924664, 5.098203889627653 ], [ -72.106276453224396, 5.097742009686796 ], [ -72.105709756035523, 5.097522613326291 ], [ -72.105331067643817, 5.097575118422334 ], [ -72.104897465392369, 5.097817114108711 ], [ -72.104625810866864, 5.098114050079019 ], [ -72.103947827990865, 5.098598892351472 ], [ -72.103676051171533, 5.098922932367302 ], [ -72.102809695275653, 5.099217185187312 ], [ -72.10199679462508, 5.099647204560243 ], [ -72.101239295414416, 5.099779313170075 ], [ -72.100990897809822, 5.100916617706583 ], [ -72.101204353326338, 5.101541005045728 ], [ -72.101849711167048, 5.102302869443859 ], [ -72.102065844949678, 5.102330950554247 ], [ -72.102553758403346, 5.102034993429914 ], [ -72.103043617786312, 5.101305357718562 ], [ -72.103613477141494, 5.10082003074043 ], [ -72.104560810067184, 5.1005532484207 ], [ -72.105157092383877, 5.100203565524837 ] ], [ [ -72.090337466250887, 5.101518955355308 ], [ -72.09003999625611, 5.101544712313184 ], [ -72.089904227213765, 5.101679622493842 ], [ -72.08995682408937, 5.102005122214528 ], [ -72.090172954988219, 5.102033206983819 ], [ -72.090471280489069, 5.101817718111168 ], [ -72.090472135696558, 5.101627986130711 ], [ -72.090337466250887, 5.101518955355308 ] ], [ [ -72.08509640346054, 5.100817557478472 ], [ -72.084798690198696, 5.100897520933707 ], [ -72.084797955843214, 5.101060147524509 ], [ -72.084959043155777, 5.101304823773587 ], [ -72.085417477076732, 5.101550849936071 ], [ -72.085606942371996, 5.1014974999808 ], [ -72.085581746375254, 5.101090810521013 ], [ -72.085501141366819, 5.100982024642671 ], [ -72.08509640346054, 5.100817557478472 ] ], [ [ -72.08298929813698, 5.100509834648186 ], [ -72.083774555722741, 5.100215246534898 ], [ -72.084287540635046, 5.100353100636369 ], [ -72.084262467524042, 5.099919307194399 ], [ -72.084372918360444, 5.09940481403671 ], [ -72.084132083397634, 5.098861621319594 ], [ -72.083485166786232, 5.098452110160729 ], [ -72.082864303272828, 5.098259556647861 ], [ -72.082458833762431, 5.098257715435063 ], [ -72.081592485522904, 5.098551934580346 ], [ -72.080728097189038, 5.098412482740108 ], [ -72.080025284643796, 5.098409288712041 ], [ -72.079647460028738, 5.098272046988391 ], [ -72.078973640587904, 5.0978353060847 ], [ -72.07856866306328, 5.09772504543843 ], [ -72.077919669745214, 5.097776303884971 ], [ -72.077054918060398, 5.097718160883161 ], [ -72.075351098424079, 5.097900140945446 ], [ -72.074755309515908, 5.098141371367481 ], [ -72.074158660978313, 5.098572330206466 ], [ -72.074102142973871, 5.099114167454617 ], [ -72.074182254000803, 5.099331370236487 ], [ -72.074451460326927, 5.099576539113685 ], [ -72.07477522035262, 5.099713537472093 ], [ -72.075421267856811, 5.100312784391204 ], [ -72.076717539564967, 5.100589734309561 ], [ -72.0777419059051, 5.101217807516613 ], [ -72.077958647104566, 5.101110374621974 ], [ -72.078580735285485, 5.101031890797193 ], [ -72.078876853366367, 5.101304286451095 ], [ -72.079227647616676, 5.10144140657462 ], [ -72.079714702498535, 5.101335202589489 ], [ -72.080200531473366, 5.101500041341218 ], [ -72.081471497080543, 5.101397400342574 ], [ -72.082283909524691, 5.101075833573494 ], [ -72.08298929813698, 5.100509834648186 ] ], [ [ -72.068784526316037, 5.097436542530839 ], [ -72.068689312160018, 5.094590124647397 ], [ -72.068340615964132, 5.093992233530854 ], [ -72.067235674421923, 5.093255371176675 ], [ -72.066317122333885, 5.093142763208568 ], [ -72.063883870578579, 5.09324007634035 ], [ -72.062587755318745, 5.092936008209321 ], [ -72.061509118726818, 5.092361887487398 ], [ -72.060861125057286, 5.092196300164327 ], [ -72.06010414760506, 5.092219945072475 ], [ -72.059426043556314, 5.092731828575291 ], [ -72.058527748414818, 5.094110043183083 ], [ -72.058417899544722, 5.094489001654822 ], [ -72.058442463163715, 5.095031201230413 ], [ -72.058575765766747, 5.095438376622364 ], [ -72.05913970814052, 5.096254088236261 ], [ -72.06062133911513, 5.097372147066361 ], [ -72.061322782045963, 5.097673504146319 ], [ -72.062643469171235, 5.098519781421294 ], [ -72.063585481761322, 5.09941853583483 ], [ -72.064097713221543, 5.099719026824157 ], [ -72.064638208367072, 5.099748601803998 ], [ -72.065855216462936, 5.099618640150082 ], [ -72.067204795126273, 5.10005847715498 ], [ -72.067745169103802, 5.10011515377889 ], [ -72.067988940580122, 5.100007848412504 ], [ -72.068206665477618, 5.099683587277632 ], [ -72.068784526316037, 5.097436542530839 ] ], [ [ -72.074103215078395, 5.092907188066653 ], [ -72.074750484667291, 5.093235389555915 ], [ -72.075507840474316, 5.093130415117985 ], [ -72.076183490942014, 5.093160592114176 ], [ -72.076293575550466, 5.092727415982065 ], [ -72.076456863913847, 5.092484215128184 ], [ -72.077675215185266, 5.0920560748479 ], [ -72.07805462779767, 5.091840959843329 ], [ -72.078487245053353, 5.091815820002039 ], [ -72.079458645377144, 5.092199699256602 ], [ -72.080616450075325, 5.093207836362238 ], [ -72.081019713103572, 5.093697555153389 ], [ -72.081181654799124, 5.093752500075135 ], [ -72.081479241394348, 5.093699641008311 ], [ -72.081859633959738, 5.093267688656988 ], [ -72.082427164325551, 5.09329736867687 ], [ -72.082832875292965, 5.093244999342025 ], [ -72.083022582092838, 5.093137440072904 ], [ -72.08345483518292, 5.093193610490023 ], [ -72.084077284244927, 5.09303380329477 ], [ -72.084102970791761, 5.093332074493398 ], [ -72.083913386161669, 5.09341252973495 ], [ -72.083885866035175, 5.093520824819742 ], [ -72.084479328811838, 5.093794565659728 ], [ -72.084642126893485, 5.093659778852791 ], [ -72.084779238070539, 5.093226720605799 ], [ -72.084995731618108, 5.093173491985493 ], [ -72.085237912246924, 5.093418534726633 ], [ -72.085317050632938, 5.093852573500076 ], [ -72.08528549759798, 5.094855315591223 ], [ -72.085094567742843, 5.095233919890462 ], [ -72.085093589788954, 5.095450755440151 ], [ -72.085414052938916, 5.096319568727711 ], [ -72.08565550080408, 5.096727238794853 ], [ -72.086274776393481, 5.097272147368042 ], [ -72.087058441310575, 5.097329910457883 ], [ -72.08819156032655, 5.097822937460499 ], [ -72.088541747164612, 5.098095575175408 ], [ -72.08897388377865, 5.098178848579039 ], [ -72.089404432867795, 5.098614480847627 ], [ -72.089809172355913, 5.098778945139641 ], [ -72.090133916690618, 5.098699100883143 ], [ -72.090971649339338, 5.098757105266868 ], [ -72.091350701030436, 5.098623295934944 ], [ -72.091948079396388, 5.098029686903865 ], [ -72.092112464663359, 5.097542537984265 ], [ -72.092763782181805, 5.096976276467651 ], [ -72.093331443641034, 5.096978844352807 ], [ -72.094035116339171, 5.096792290334668 ], [ -72.096061994461323, 5.096909873552568 ], [ -72.09724858314047, 5.097538656075097 ], [ -72.09884125894051, 5.098033744946885 ], [ -72.0991656391693, 5.098035209608786 ], [ -72.099463839726837, 5.097846818548451 ], [ -72.099710288725532, 5.097143192104188 ], [ -72.09968483879463, 5.096790707761309 ], [ -72.099551018918305, 5.096491945047815 ], [ -72.09912033803954, 5.096083421244875 ], [ -72.09825727423501, 5.095645840360056 ], [ -72.097230683833772, 5.095505678735703 ], [ -72.096260958505027, 5.094742351512664 ], [ -72.094858245829982, 5.094085488869129 ], [ -72.09394283290375, 5.093268195845262 ], [ -72.093189732146939, 5.092424531196414 ], [ -72.091924014372708, 5.091361708307472 ], [ -72.090898656370356, 5.090950495336519 ], [ -72.088008640519462, 5.090422424800171 ], [ -72.087172141070894, 5.090093377893398 ], [ -72.085662308925819, 5.089219181047172 ], [ -72.085095634913074, 5.088999774710175 ], [ -72.084419860799102, 5.088996713779603 ], [ -72.083769530076992, 5.089346132039168 ], [ -72.082953469202479, 5.090480841567873 ], [ -72.082574057627568, 5.090695960870223 ], [ -72.081685336743547, 5.0899600975967 ], [ -72.081065337418025, 5.089577816836008 ], [ -72.080366447620506, 5.088707290002682 ], [ -72.079503540195489, 5.088242592425321 ], [ -72.078990077331767, 5.088213157768275 ], [ -72.07782689722923, 5.088397612238517 ], [ -72.076745911741369, 5.088338494295106 ], [ -72.076285287184717, 5.088580345373401 ], [ -72.075744672478592, 5.088577889493151 ], [ -72.075554477530858, 5.088793863569103 ], [ -72.075578323446692, 5.089498696050789 ], [ -72.075331983605778, 5.090175195776394 ], [ -72.074952204650955, 5.090471621827814 ], [ -72.074519344408202, 5.090550968108998 ], [ -72.074301872341735, 5.090821026693471 ], [ -72.073489600150111, 5.091115484408003 ], [ -72.073026765268366, 5.091845206058512 ], [ -72.072862617649363, 5.092278134438208 ], [ -72.072915943183503, 5.092441005368643 ], [ -72.073373627191089, 5.092849658913842 ], [ -72.074103215078395, 5.092907188066653 ] ], [ [ -72.067172648068492, 5.089270711725114 ], [ -72.06725533664158, 5.088918729069464 ], [ -72.067418379660893, 5.088729739932679 ], [ -72.067743360147915, 5.088595697614839 ], [ -72.068338400425105, 5.088517094327932 ], [ -72.069040826594488, 5.088601607103006 ], [ -72.069526640494743, 5.088766446914037 ], [ -72.06979706910893, 5.088740573487913 ], [ -72.070231153787091, 5.088390189139195 ], [ -72.070368883134421, 5.087821618358062 ], [ -72.070291716933596, 5.086953918418994 ], [ -72.069807989025662, 5.086328310501231 ], [ -72.068783898378143, 5.085646034304899 ], [ -72.067515555133895, 5.085179482386436 ], [ -72.067164160158768, 5.085177882399139 ], [ -72.066622816082912, 5.085338044524386 ], [ -72.065646652516818, 5.086011211305088 ], [ -72.06455855580819, 5.087524104991103 ], [ -72.064392808337672, 5.088309379916402 ], [ -72.06390318626093, 5.088984759122031 ], [ -72.063874434034332, 5.089364090864514 ], [ -72.063629068737441, 5.089823747662011 ], [ -72.063705854575346, 5.090772755150032 ], [ -72.064486911056861, 5.091399722970934 ], [ -72.065350536953645, 5.091701813091253 ], [ -72.06580968846518, 5.091785221247829 ], [ -72.066350792789166, 5.091679271051139 ], [ -72.067056170383196, 5.091113291628653 ], [ -72.067138368276105, 5.090869725221169 ], [ -72.066950997350645, 5.090462302546403 ], [ -72.066927653074117, 5.089649059138976 ], [ -72.067172648068492, 5.089270711725114 ] ], [ [ -72.010762846628467, 5.088685936316085 ], [ -72.010278075167165, 5.08830423994285 ], [ -72.009849115452795, 5.087543358219202 ], [ -72.009607105968684, 5.087271202307977 ], [ -72.009259109107603, 5.086537800209567 ], [ -72.008614169631144, 5.085721709631819 ], [ -72.008048690458452, 5.085258329292273 ], [ -72.006538078166869, 5.084600835409072 ], [ -72.006186452421488, 5.084653407395633 ], [ -72.005154593350269, 5.08567852726742 ], [ -72.004233104016777, 5.086216302234855 ], [ -72.003718677520652, 5.086403629980439 ], [ -72.002340080583821, 5.086424316462487 ], [ -72.00201473054959, 5.086639625658927 ], [ -72.001851176822512, 5.086936996972137 ], [ -72.001875569544964, 5.087506273318853 ], [ -72.001982680747929, 5.087723596072863 ], [ -72.002547776984173, 5.088268287686575 ], [ -72.002626102045156, 5.088864918561065 ], [ -72.002514847470636, 5.089541975485496 ], [ -72.002297108847628, 5.089866197183514 ], [ -72.001726988290017, 5.090405600593469 ], [ -72.001698828731946, 5.090649396207198 ], [ -72.002831535535847, 5.091196734159742 ], [ -72.003289145822137, 5.091605411327777 ], [ -72.003743617259772, 5.09269164966123 ], [ -72.003767632132437, 5.093342234297822 ], [ -72.003953193747137, 5.094129086927347 ], [ -72.004573860742241, 5.094348803302374 ], [ -72.005004319089252, 5.094784457709836 ], [ -72.005191263343235, 5.095273183807316 ], [ -72.005433522190685, 5.095491137023073 ], [ -72.005945948739097, 5.09573745189421 ], [ -72.007459340379341, 5.095798706171277 ], [ -72.007756161328302, 5.095908500606677 ], [ -72.008269719409967, 5.095910891334371 ], [ -72.008675912923181, 5.095750163065839 ], [ -72.008974616013489, 5.09545341844287 ], [ -72.009221392109566, 5.094695678136008 ], [ -72.009737708245538, 5.094101810066694 ], [ -72.009983855454095, 5.093479581611917 ], [ -72.010094855399956, 5.09285672446171 ], [ -72.010722292459434, 5.091612893945636 ], [ -72.011373499592708, 5.091073855479516 ], [ -72.012050483116553, 5.090805967776074 ], [ -72.012783151926584, 5.090185995274141 ], [ -72.012812183421431, 5.08975247797934 ], [ -72.012489709803475, 5.0893444322087 ], [ -72.010762846628467, 5.088685936316085 ] ], [ [ -72.000210098241453, 5.091103206623623 ], [ -72.000428843685555, 5.090562167588666 ], [ -72.000403322767355, 5.090236813200096 ], [ -71.999458315672726, 5.090015583516726 ], [ -71.999107819836638, 5.089824228551654 ], [ -71.998729415342382, 5.089822463717632 ], [ -71.998242140984232, 5.089982808185342 ], [ -71.998051806974004, 5.090225846268709 ], [ -71.997887369671389, 5.090712931042654 ], [ -71.997426494535176, 5.091008911944869 ], [ -71.997398333303934, 5.09125270639262 ], [ -71.997558619569759, 5.091659997713505 ], [ -71.997855183037586, 5.09182399922596 ], [ -71.99826036576431, 5.091880096022662 ], [ -71.998828477200561, 5.091774335375382 ], [ -72.00004717015841, 5.09126506451111 ], [ -72.000210098241453, 5.091103206623623 ] ], [ [ -72.038656904869541, 5.088896195586091 ], [ -72.038413636367707, 5.088895076217044 ], [ -72.038440045984686, 5.08903071713972 ], [ -72.038737498262037, 5.089004981953134 ], [ -72.038656904869541, 5.088896195586091 ] ], [ [ -72.042188126682902, 5.085117877686315 ], [ -72.041944239801069, 5.08525227746964 ], [ -72.041727011164284, 5.085468111434447 ], [ -72.041617282322733, 5.085819958864795 ], [ -72.041803147286359, 5.086552619664107 ], [ -72.041991612991808, 5.086716109286615 ], [ -72.0423696591686, 5.086799157865336 ], [ -72.042748324614806, 5.086746689195072 ], [ -72.043127856647899, 5.086504496282894 ], [ -72.043184268121806, 5.085989779399622 ], [ -72.042836098649545, 5.085283476980027 ], [ -72.042458548152794, 5.0850920155099 ], [ -72.042188126682902, 5.085117877686315 ] ], [ [ -72.038809287271064, 5.085129456038949 ], [ -72.038784364378898, 5.084668575316835 ], [ -72.038487657792373, 5.084531691810994 ], [ -72.037838946377434, 5.084528709006092 ], [ -72.037596671430151, 5.0843107639522 ], [ -72.036948456720893, 5.084199367276308 ], [ -72.036785163157219, 5.084442550744482 ], [ -72.036755529355773, 5.085011595092108 ], [ -72.037050375087503, 5.085555028473522 ], [ -72.037347205337056, 5.085664809450784 ], [ -72.037834483409725, 5.085504427705189 ], [ -72.03834817131407, 5.08547968629214 ], [ -72.038646117641306, 5.085345536928044 ], [ -72.038809287271064, 5.085129456038949 ] ], [ [ -72.111019032954871, 5.101124447022419 ], [ -72.111208257695722, 5.101125298359183 ], [ -72.111453365792229, 5.100719816724203 ], [ -72.111455791026273, 5.100177715209671 ], [ -72.110835508814617, 5.099849657774868 ], [ -72.110429664326801, 5.099929148788254 ], [ -72.110374872470317, 5.100091535847185 ], [ -72.110508334539858, 5.100471614707258 ], [ -72.110830536058472, 5.100960965268761 ], [ -72.111019032954871, 5.101124447022419 ] ], [ [ -72.038273775374009, 5.084015734752324 ], [ -72.038435953127376, 5.084016480330181 ], [ -72.038356103465674, 5.08374507443706 ], [ -72.038193677940214, 5.083798535492874 ], [ -72.038273775374009, 5.084015734752324 ] ], [ [ -72.044889417173366, 5.079573949025921 ], [ -72.044700209984057, 5.079573081831207 ], [ -72.044563579281316, 5.079897703978973 ], [ -72.044616897107488, 5.080060572591643 ], [ -72.044805733745363, 5.080142750312235 ], [ -72.045076894833372, 5.079954264882506 ], [ -72.045132065933231, 5.079710581315512 ], [ -72.044889417173366, 5.079573949025921 ] ], [ [ -72.001683476499409, 5.07644736001227 ], [ -72.00135913570405, 5.076445852569258 ], [ -72.00108809999881, 5.076607210601757 ], [ -72.000979109278873, 5.076796424755629 ], [ -72.000978106788793, 5.077013243876675 ], [ -72.001272913168961, 5.077556673978813 ], [ -72.001570226046098, 5.077558056149017 ], [ -72.00194987720819, 5.077288790938155 ], [ -72.002033342685351, 5.076774221892627 ], [ -72.001683476499409, 5.07644736001227 ] ], [ [ -71.998008544382117, 5.070386323335694 ], [ -71.997820350206496, 5.070168625450608 ], [ -71.997606380874004, 5.069679778842465 ], [ -71.997227236909126, 5.069840633910053 ], [ -71.996873366458189, 5.070381046404302 ], [ -71.996818307792253, 5.070597613405441 ], [ -71.996870985245067, 5.070895989968517 ], [ -71.99722197403068, 5.070978930587608 ], [ -71.997708729912404, 5.070926987749667 ], [ -71.9980069157711, 5.070738653512342 ], [ -71.998008544382117, 5.070386323335694 ] ], [ [ -71.997826362663545, 5.068867714208427 ], [ -71.997988029678623, 5.068976877002721 ], [ -71.998069739855239, 5.068841742127461 ], [ -71.997881170083417, 5.068705351463923 ], [ -71.997826362663545, 5.068867714208427 ] ], [ [ -72.002315727603701, 5.097509328602449 ], [ -72.002963927988844, 5.097620764524357 ], [ -72.003205934532986, 5.097892923499822 ], [ -72.003583339501958, 5.098111507989462 ], [ -72.003934721170594, 5.098113146780168 ], [ -72.004343178223124, 5.097464578498832 ], [ -72.004343932293068, 5.09730196375755 ], [ -72.004236443334946, 5.097165947411837 ], [ -72.003668701822718, 5.097190403236381 ], [ -72.003399037230352, 5.097053630593135 ], [ -72.0028581997814, 5.097105314209822 ], [ -72.002318745803322, 5.096858870845656 ], [ -72.002101631326497, 5.097047578895407 ], [ -72.002127528707248, 5.097291626615495 ], [ -72.002315727603701, 5.097509328602449 ] ] ], [ [ [ -72.09734457329985, 5.118247525136584 ], [ -72.097150209152318, 5.119385064916803 ], [ -72.096149149254259, 5.119570259179165 ], [ -72.096425958202602, 5.118134937020728 ], [ -72.096561609779698, 5.118027131417151 ], [ -72.097101892340632, 5.118110898045451 ], [ -72.09734457329985, 5.118247525136584 ] ] ], [ [ [ -72.079749960218805, 5.123371613956214 ], [ -72.08010531979464, 5.122505881434596 ], [ -72.080892455238228, 5.121804748348765 ], [ -72.081138206319622, 5.121263772277172 ], [ -72.081437283131507, 5.120885668547616 ], [ -72.083036979661017, 5.119835873235196 ], [ -72.08374092344792, 5.119595137829452 ], [ -72.084173316197607, 5.119624213512187 ], [ -72.084685454522514, 5.1199518070024 ], [ -72.085144265989356, 5.120116527492172 ], [ -72.086060416363338, 5.120771221234024 ], [ -72.087699199178985, 5.123028403155057 ], [ -72.087832519468975, 5.123435586087481 ], [ -72.087750930784082, 5.123543634619518 ], [ -72.086912187008792, 5.123702443529825 ], [ -72.085885568087093, 5.123562239717328 ], [ -72.085373426767589, 5.123234645231856 ], [ -72.08499521888794, 5.123178711028174 ], [ -72.084669846626468, 5.123394067258878 ], [ -72.08404748670182, 5.123526753809765 ], [ -72.083776055958765, 5.123769460288169 ], [ -72.083583139098792, 5.124581728555504 ], [ -72.082796861012454, 5.125093134101198 ], [ -72.0823622498324, 5.125551933766522 ], [ -72.08206464685459, 5.125604784817341 ], [ -72.080930393578768, 5.125355660926428 ], [ -72.07982403690346, 5.124916928996267 ], [ -72.079716646603529, 5.124753809227094 ], [ -72.079749960218805, 5.123371613956214 ] ] ], [ [ [ -72.050243078367984, 5.126515758409369 ], [ -72.050405890843606, 5.126380989309588 ], [ -72.050703239527266, 5.126382361888251 ], [ -72.051678620362267, 5.125898988148005 ], [ -72.052488950046893, 5.126038247369457 ], [ -72.052757775173973, 5.126364737762364 ], [ -72.052754914817186, 5.126988121226554 ], [ -72.052591604734772, 5.127231305616984 ], [ -72.051779407300046, 5.12749859971624 ], [ -72.050915510948627, 5.127250674717926 ], [ -72.050269238798819, 5.126705608180714 ], [ -72.050243078367984, 5.126515758409369 ] ] ], [ [ [ -72.044293751564695, 5.127003240645436 ], [ -72.045052381505158, 5.126627293713822 ], [ -72.045567726782537, 5.126250220521767 ], [ -72.046190325481476, 5.126063370655213 ], [ -72.046595923838311, 5.126038141398054 ], [ -72.04700077476005, 5.126175532793344 ], [ -72.047325154042127, 5.126177031812332 ], [ -72.047947504029622, 5.126044386916632 ], [ -72.048325075022703, 5.126235859795655 ], [ -72.048728432688492, 5.126698492740601 ], [ -72.048699906555669, 5.12702361022601 ], [ -72.048455625015848, 5.127239314498941 ], [ -72.046344538020733, 5.127798742543744 ], [ -72.04574784670902, 5.128229647729769 ], [ -72.04531471667508, 5.128363164360347 ], [ -72.044559701815672, 5.127953111130657 ], [ -72.044129316811976, 5.127490351766038 ], [ -72.044102908956702, 5.127354709608151 ], [ -72.044293751564695, 5.127003240645436 ] ] ], [ [ [ -72.074960196525083, 5.130396949556669 ], [ -72.074850090248134, 5.130830120811358 ], [ -72.074687401231685, 5.130937794274947 ], [ -72.074498173899912, 5.130936927160755 ], [ -72.074445344441884, 5.130665637851906 ], [ -72.074527183068298, 5.130503384522127 ], [ -72.07477109283117, 5.130368978450956 ], [ -72.074960196525083, 5.130396949556669 ] ] ], [ [ [ -72.047944787462953, 5.173476500382526 ], [ -72.048079829887129, 5.173504234013778 ], [ -72.048106234991451, 5.173639877417539 ], [ -72.047997346178434, 5.173801994116472 ], [ -72.047645531733636, 5.17388166589097 ], [ -72.047564682304838, 5.173827080792299 ], [ -72.047619629672084, 5.173637608667486 ], [ -72.047944787462953, 5.173476500382526 ] ] ], [ [ [ -71.994686935176546, 5.098883036682953 ], [ -71.995037809957367, 5.098993089476518 ], [ -71.995414579266978, 5.099347188677629 ], [ -71.99538691954308, 5.099482573393209 ], [ -71.99498085087609, 5.099616187673281 ], [ -71.994764995672796, 5.099533869253066 ], [ -71.994549897390641, 5.099288937527991 ], [ -71.994550906458656, 5.099072119840496 ], [ -71.994686935176546, 5.098883036682953 ] ] ], [ [ [ -72.017408186301267, 5.101265623296955 ], [ -72.017276292970479, 5.100560323298744 ], [ -72.017358258825908, 5.100370980506527 ], [ -72.017737301908838, 5.100237224082858 ], [ -72.018604883707582, 5.099672081321295 ], [ -72.019253974247093, 5.099593783918879 ], [ -72.019497742906765, 5.099486501558468 ], [ -72.020308762473775, 5.099463161184776 ], [ -72.020848483844375, 5.099655388979974 ], [ -72.020955727956334, 5.099845610566028 ], [ -72.020789546893553, 5.100712149885082 ], [ -72.020268722607796, 5.102281732174998 ], [ -72.020371836764042, 5.103366348070707 ], [ -72.020153594165393, 5.103798989617833 ], [ -72.019827481483617, 5.104176923109519 ], [ -72.019367595739809, 5.104256097339449 ], [ -72.018909338123393, 5.103982934600704 ], [ -72.017942897698958, 5.102541965549179 ], [ -72.017703135277671, 5.101781957363827 ], [ -72.017408186301267, 5.101265623296955 ] ] ], [ [ [ -72.033906130559004, 5.116872503962584 ], [ -72.034175690049295, 5.117036375501328 ], [ -72.034174940576477, 5.117198994581121 ], [ -72.034066192336596, 5.11733400946531 ], [ -72.033714415699805, 5.117413690546335 ], [ -72.033471512394129, 5.117331253558067 ], [ -72.033229233965557, 5.117113300730625 ], [ -72.03325751432341, 5.116842394441799 ], [ -72.033906130559004, 5.116872503962584 ] ] ], [ [ [ -72.029162218545935, 5.119777697512644 ], [ -72.029350683736794, 5.119941194494598 ], [ -72.029295745599526, 5.12013066485415 ], [ -72.0291064040197, 5.120156889198935 ], [ -72.028836595791731, 5.120047221616737 ], [ -72.028837096621601, 5.119938809433808 ], [ -72.029000033184019, 5.119776944356182 ], [ -72.029162218545935, 5.119777697512644 ] ] ], [ [ [ -72.029430149049617, 5.120293910829392 ], [ -72.02953864830377, 5.120213103727669 ], [ -72.029808957569657, 5.120214358844916 ], [ -72.030537791770683, 5.120434571792802 ], [ -72.030887692638686, 5.120761440095736 ], [ -72.030913221903859, 5.121086802724021 ], [ -72.030722377893852, 5.121438264517331 ], [ -72.03007338361175, 5.121489458402432 ], [ -72.029750013404879, 5.121271127471285 ], [ -72.029454425658969, 5.120890303683941 ], [ -72.029374960446475, 5.12053758730722 ], [ -72.029430149049617, 5.120293910829392 ] ] ], [ [ [ -72.049449366121422, 5.181316595462821 ], [ -72.048286905005583, 5.181311169500512 ], [ -72.0476670126003, 5.18090171450041 ], [ -72.046883910373964, 5.18070832937664 ], [ -72.046182666506013, 5.180352701867827 ], [ -72.045643878740449, 5.17994362497322 ], [ -72.045402211816395, 5.179590144077308 ], [ -72.045191231682551, 5.178450790964339 ], [ -72.045004010539827, 5.178016252710704 ], [ -72.044143591941449, 5.177009386632247 ], [ -72.042905713123019, 5.175783925915128 ], [ -72.042745275299822, 5.175403721281097 ], [ -72.043421366863456, 5.175352671778046 ], [ -72.045232115587567, 5.175469543087067 ], [ -72.045474663201901, 5.175633299278369 ], [ -72.045689044516763, 5.176040859983909 ], [ -72.04622745288043, 5.176531245288367 ], [ -72.046686522717664, 5.176641803961995 ], [ -72.04730641134303, 5.177051257237923 ], [ -72.048090139083769, 5.177109121998675 ], [ -72.049309300338152, 5.176545622528868 ], [ -72.049826964627442, 5.175680704800033 ], [ -72.04982998083149, 5.175030220421301 ], [ -72.050158029380441, 5.174245730028304 ], [ -72.050483941353562, 5.173921999052332 ], [ -72.051105967916484, 5.173870688196327 ], [ -72.051807212544318, 5.174226307791356 ], [ -72.052264526498291, 5.174716312089266 ], [ -72.052532855558823, 5.175151228152193 ], [ -72.052693049558428, 5.175585640783307 ], [ -72.052956984105663, 5.176969182736456 ], [ -72.053034066958617, 5.177836875413426 ], [ -72.053167980666771, 5.178108540968181 ], [ -72.053599268076013, 5.17838159165898 ], [ -72.054004777709935, 5.178383480208834 ], [ -72.054275619782842, 5.178276324608971 ], [ -72.054465736504838, 5.17808748035501 ], [ -72.055064249484545, 5.177277139904922 ], [ -72.056474531667519, 5.176307948739265 ], [ -72.056829233300064, 5.175604887391016 ], [ -72.056830487099532, 5.175333850518013 ], [ -72.05661609647197, 5.174926289644755 ], [ -72.054971545575455, 5.173942888702951 ], [ -72.054054152614128, 5.173559161990342 ], [ -72.053165049890126, 5.172904524382761 ], [ -72.052409360804418, 5.1726299657839 ], [ -72.051951043196254, 5.172356790919558 ], [ -72.051008756782011, 5.171512175973109 ], [ -72.050606391122514, 5.170832699545865 ], [ -72.049798271956547, 5.170205542392582 ], [ -72.049556853548737, 5.169797856759325 ], [ -72.049395154742683, 5.169688687442012 ], [ -72.049181649029165, 5.169091403253055 ], [ -72.049237222488244, 5.168766412920093 ], [ -72.050595294835134, 5.167390424144517 ], [ -72.050840978936833, 5.166876588654884 ], [ -72.05086926655872, 5.166605678918455 ], [ -72.050763265023406, 5.16614441565057 ], [ -72.050628976019269, 5.165954062152493 ], [ -72.049386319906915, 5.165758552436459 ], [ -72.048196602923625, 5.165807223736939 ], [ -72.047035552555556, 5.165503673665168 ], [ -72.04584571278852, 5.16557944414384 ], [ -72.044816691084762, 5.16595410551824 ], [ -72.043680164697378, 5.16619274349986 ], [ -72.042436511952971, 5.166214047834481 ], [ -72.04211148492233, 5.166348051311732 ], [ -72.041812610400527, 5.166671903953229 ], [ -72.041431503512086, 5.167239307666865 ], [ -72.041294324002891, 5.167672329856093 ], [ -72.041398429462362, 5.168540140627802 ], [ -72.041368501061953, 5.169163390643098 ], [ -72.04163744925863, 5.169462789199323 ], [ -72.041744197795353, 5.169761430554691 ], [ -72.041766321236196, 5.170818586321778 ], [ -72.041521258114372, 5.171196896592316 ], [ -72.041223135438287, 5.171358127589176 ], [ -72.040898609097511, 5.171383715573478 ], [ -72.040708745738769, 5.171518348033254 ], [ -72.040164550557364, 5.172274713773179 ], [ -72.040054904798509, 5.172599447753049 ], [ -72.040077779085294, 5.173493982279659 ], [ -72.040210299289171, 5.17406378301191 ], [ -72.040154719661572, 5.174388769600381 ], [ -72.039802654187781, 5.174522642799861 ], [ -72.038909919480957, 5.174653986981365 ], [ -72.037802053172314, 5.174540388750549 ], [ -72.037019472429165, 5.174238584757837 ], [ -72.035456334416139, 5.173201324514498 ], [ -72.03486488436566, 5.172493858018032 ], [ -72.034302488605292, 5.171352868094253 ], [ -72.034306149218125, 5.17056687710541 ], [ -72.034529481225491, 5.169050113364984 ], [ -72.034884191518927, 5.168347075750964 ], [ -72.035699975896279, 5.167320948586432 ], [ -72.036083228759523, 5.166292797137596 ], [ -72.036763842543124, 5.165266034207112 ], [ -72.03730576228179, 5.164997528032016 ], [ -72.037523285747412, 5.164727506025209 ], [ -72.03755283735515, 5.164185567827261 ], [ -72.037149231843728, 5.16377712572837 ], [ -72.036527474220279, 5.163774221484698 ], [ -72.0360420153185, 5.163528019495288 ], [ -72.035720014050852, 5.16301154342017 ], [ -72.035479867524714, 5.162332827330893 ], [ -72.034942108322198, 5.161706928519775 ], [ -72.034244925079165, 5.160484002788925 ], [ -72.033765894357416, 5.158855541148886 ], [ -72.033524741770819, 5.158393651373612 ], [ -72.033472565759894, 5.157986851891061 ], [ -72.033285478593058, 5.157525214847415 ], [ -72.03329013797044, 5.15652239924782 ], [ -72.033511685884989, 5.155385077686244 ], [ -72.033703179000426, 5.154898104665786 ], [ -72.033947855712526, 5.15460110574603 ], [ -72.034085660531986, 5.154032570513156 ], [ -72.034116467312458, 5.153219602235565 ], [ -72.03387858474899, 5.152053031892055 ], [ -72.033315433680457, 5.151074670636367 ], [ -72.03237269997031, 5.150338472145887 ], [ -72.032156441896689, 5.150337463041588 ], [ -72.031777109552607, 5.150525418581163 ], [ -72.031019451467003, 5.150684504002137 ], [ -72.030641000128256, 5.15068273709863 ], [ -72.030506216638543, 5.150600796824106 ], [ -72.030048935123816, 5.150110796034062 ], [ -72.030134185820501, 5.149216773971511 ], [ -72.030028196975977, 5.148755517297378 ], [ -72.029813198598518, 5.14848347724983 ], [ -72.029462410487497, 5.148346321408837 ], [ -72.02911023779609, 5.148507298774319 ], [ -72.028837272564857, 5.149075199894465 ], [ -72.028239165227191, 5.149804203222459 ], [ -72.027506777695521, 5.150342852563906 ], [ -72.027260589800136, 5.150965084015554 ], [ -72.026961471313157, 5.1513431355441 ], [ -72.02687835773979, 5.151776403905467 ], [ -72.027037020792108, 5.152536045570438 ], [ -72.027197575086518, 5.152889142740728 ], [ -72.027492534279943, 5.153405489948244 ], [ -72.028325744607969, 5.154439322454048 ], [ -72.028940554751159, 5.155932895502446 ], [ -72.029150635478203, 5.157261954900159 ], [ -72.029173505981518, 5.158156481070981 ], [ -72.028952325900008, 5.159212486970671 ], [ -72.028377322241312, 5.160781804343538 ], [ -72.028371514960412, 5.162028542308465 ], [ -72.028611904970361, 5.16265305066506 ], [ -72.029714691546033, 5.163850773423201 ], [ -72.030226799490151, 5.164178414685129 ], [ -72.030654780060786, 5.165156149446242 ], [ -72.030838960161404, 5.166241157659217 ], [ -72.030940904460181, 5.167569713843102 ], [ -72.030828604629519, 5.168463608165085 ], [ -72.030852605906944, 5.169114208107898 ], [ -72.030365758970746, 5.169166134184069 ], [ -72.029825983523338, 5.168973879178838 ], [ -72.028879955769895, 5.168942341072199 ], [ -72.028583098896974, 5.168832534907763 ], [ -72.027288932566677, 5.168094669656209 ], [ -72.026318911251778, 5.167412531124487 ], [ -72.025781290566698, 5.166759524402203 ], [ -72.025595096712507, 5.166108166438667 ], [ -72.025658140387065, 5.164184112108072 ], [ -72.026564876111792, 5.161044351898838 ], [ -72.026704585610048, 5.160069278584593 ], [ -72.0266263924279, 5.159445530722988 ], [ -72.026307684554055, 5.158224378675728 ], [ -72.026336358239462, 5.157872166887364 ], [ -72.026664029248053, 5.1571690087292 ], [ -72.026857041999676, 5.156356805533758 ], [ -72.026680809712275, 5.153564314745796 ], [ -72.026497511394211, 5.152289590421347 ], [ -72.025987935294154, 5.151419893686419 ], [ -72.025396002759862, 5.150820847372025 ], [ -72.023454739757966, 5.149727625137124 ], [ -72.02235033994701, 5.148882249117255 ], [ -72.021002277849021, 5.148117042342151 ], [ -72.020625220160412, 5.147817139357061 ], [ -72.019899147830813, 5.147000637498226 ], [ -72.018768358551753, 5.146019620211058 ], [ -72.018769621252233, 5.145748592465215 ], [ -72.018423890773576, 5.144527322091336 ], [ -72.01875180527523, 5.143769963291383 ], [ -72.018808518968015, 5.143201058061726 ], [ -72.018463291713218, 5.141871377299934 ], [ -72.018148880538888, 5.139728740713468 ], [ -72.017693761082796, 5.138777994065316 ], [ -72.016726308166795, 5.137553817426649 ], [ -72.01600163521266, 5.136439190692617 ], [ -72.015523020088636, 5.134729443467375 ], [ -72.015201294796228, 5.134158769187684 ], [ -72.015202051572658, 5.133996153011331 ], [ -72.015931640637532, 5.134053772476836 ], [ -72.016067679121335, 5.133864685597811 ], [ -72.016041908810649, 5.133593532003935 ], [ -72.015853699457708, 5.133375825363643 ], [ -72.015421831830722, 5.133238289012331 ], [ -72.015124237302373, 5.133291103566587 ], [ -72.015068913880611, 5.133561877603168 ], [ -72.014960663250548, 5.133588474459778 ], [ -72.013534827704291, 5.132118226998603 ], [ -72.012514462640084, 5.13064987761959 ], [ -72.011115921717987, 5.129125552968339 ], [ -72.010524776808253, 5.128363897015239 ], [ -72.009799741298934, 5.127330582995391 ], [ -72.009425854079694, 5.12635311941288 ], [ -72.00943317150552, 5.124781170945143 ], [ -72.009789740282301, 5.123671609708765 ], [ -72.009471930385772, 5.122260759117663 ], [ -72.009609982465079, 5.121638032130543 ], [ -72.009910468818191, 5.120961858010936 ], [ -72.011050409948297, 5.119964367955139 ], [ -72.011214104032149, 5.119639894377412 ], [ -72.012137797509311, 5.118641389733361 ], [ -72.01262774319288, 5.117911889964073 ], [ -72.012873910770168, 5.117289664492613 ], [ -72.013150755450937, 5.115881587617404 ], [ -72.013535089751642, 5.114609527432757 ], [ -72.013643839489816, 5.114474518275815 ], [ -72.013914142419878, 5.11447577869327 ], [ -72.014185073849561, 5.114341525560085 ], [ -72.014779740556975, 5.114344297754416 ], [ -72.015616926802522, 5.114510819432037 ], [ -72.015994597939809, 5.114675199225432 ], [ -72.016316952524889, 5.115110354421485 ], [ -72.016693996325131, 5.115410247853338 ], [ -72.016720398699093, 5.1155458875418 ], [ -72.016882204369637, 5.115627951445446 ], [ -72.016908229951184, 5.115844899415264 ], [ -72.016230207911789, 5.116329599737039 ], [ -72.016092919556058, 5.116789716264051 ], [ -72.015711476824251, 5.117438417492184 ], [ -72.015790682742818, 5.117845336454703 ], [ -72.016192620590004, 5.118606103476011 ], [ -72.016730591757693, 5.119177781760359 ], [ -72.018240535058681, 5.119997921321241 ], [ -72.018428869984817, 5.120188522732795 ], [ -72.01931849496286, 5.120707633030901 ], [ -72.019642360857475, 5.120817555751065 ], [ -72.020318254262321, 5.120793601312205 ], [ -72.021400487904387, 5.120581814349482 ], [ -72.021590079664477, 5.120501386814051 ], [ -72.021889174947077, 5.120123330976671 ], [ -72.02207851557344, 5.12009710893752 ], [ -72.022428409369581, 5.120423979268571 ], [ -72.023508009364662, 5.120781349142745 ], [ -72.024181772681032, 5.121218140311344 ], [ -72.024614266100031, 5.121220152456583 ], [ -72.024939639470446, 5.12100483778731 ], [ -72.025995221694359, 5.12071160770737 ], [ -72.026913895292068, 5.120797189135327 ], [ -72.027318481558581, 5.12098879469707 ], [ -72.027560757388571, 5.121206749428005 ], [ -72.027583903995009, 5.122047068468499 ], [ -72.027957701020796, 5.123051639193837 ], [ -72.028225880750455, 5.123513647146476 ], [ -72.028683403456114, 5.123949431713031 ], [ -72.029222771854265, 5.124222974901063 ], [ -72.02959982898183, 5.124522867262211 ], [ -72.030678944552818, 5.124988643641215 ], [ -72.033162684460464, 5.125677771431125 ], [ -72.033675277013415, 5.125896980966909 ], [ -72.035022337307026, 5.126878968570073 ], [ -72.035452837156186, 5.127314626850307 ], [ -72.035962680346415, 5.128130106477573 ], [ -72.036474651168305, 5.128484831573076 ], [ -72.036906904166557, 5.128541044723705 ], [ -72.037824348451508, 5.128897650366826 ], [ -72.039040391284587, 5.128984601151041 ], [ -72.039284424958296, 5.128823109299194 ], [ -72.039448488700558, 5.128417311669859 ], [ -72.039802022502826, 5.127958184201675 ], [ -72.040561028156446, 5.127500934810745 ], [ -72.041020813519111, 5.127448856868698 ], [ -72.041615007481482, 5.127560024605661 ], [ -72.041964794439494, 5.127913995651389 ], [ -72.042015736178683, 5.128591830104247 ], [ -72.041879329555272, 5.128862237717005 ], [ -72.041689359127687, 5.129023981371186 ], [ -72.040497845677407, 5.12947922716929 ], [ -72.039767993199519, 5.129475844182618 ], [ -72.039605428864263, 5.129556402204979 ], [ -72.03957702237642, 5.12985441321194 ], [ -72.039657367133302, 5.130017409017969 ], [ -72.040467565171227, 5.130183788321404 ], [ -72.040656161660777, 5.130320182028417 ], [ -72.040655036969341, 5.130564111984275 ], [ -72.040518379077625, 5.130888725366944 ], [ -72.040273844365629, 5.131158630681447 ], [ -72.039732836481008, 5.131237433752773 ], [ -72.039301580756756, 5.13096439497211 ], [ -72.039085452899371, 5.130936288708761 ], [ -72.038759823030034, 5.131205816931097 ], [ -72.038029594454841, 5.131283740612759 ], [ -72.037435399953225, 5.131172567909695 ], [ -72.03648879448015, 5.131276589318911 ], [ -72.035814257574785, 5.131002419531988 ], [ -72.035303287765359, 5.130430867406734 ], [ -72.035060505141047, 5.130321324888143 ], [ -72.034549411338645, 5.129776876029712 ], [ -72.034009909541211, 5.129530436528762 ], [ -72.033090215159561, 5.129661682676883 ], [ -72.031873802485293, 5.129656029604891 ], [ -72.030875396930981, 5.129271936560724 ], [ -72.030067466141134, 5.12861769193316 ], [ -72.02974296533398, 5.128643286505873 ], [ -72.029013748003862, 5.128504376575281 ], [ -72.028582125925368, 5.128312643326546 ], [ -72.027823745963858, 5.128634357878224 ], [ -72.027283121400458, 5.128631841734442 ], [ -72.027121436047253, 5.12852267481817 ], [ -72.026880288557152, 5.128060791531817 ], [ -72.026745509107045, 5.12797885344761 ], [ -72.026801328259936, 5.127599663252964 ], [ -72.027126706013959, 5.127384348958603 ], [ -72.02718327739143, 5.126842540569728 ], [ -72.027347094912969, 5.126490956181366 ], [ -72.027321568905776, 5.126165594382564 ], [ -72.027001459990288, 5.125242583374951 ], [ -72.026787343529278, 5.124780826514524 ], [ -72.026464601480626, 5.124426978707598 ], [ -72.025956279941255, 5.123286264457144 ], [ -72.025687851576606, 5.122878462483257 ], [ -72.024664690524062, 5.122006389249244 ], [ -72.024099802108424, 5.121407483493835 ], [ -72.023287245991781, 5.121756047485469 ], [ -72.022341418267715, 5.121697437351432 ], [ -72.022151826032584, 5.121777864956583 ], [ -72.021745234031329, 5.122019902632084 ], [ -72.021446011594136, 5.122425060679715 ], [ -72.021093606269048, 5.12264024652645 ], [ -72.020441349068918, 5.12339610318755 ], [ -72.019953034814719, 5.12377327489096 ], [ -72.019492630822313, 5.123960852244446 ], [ -72.018763175770815, 5.123876140546883 ], [ -72.018274357710283, 5.124361721296237 ], [ -72.018273477373981, 5.12455144075915 ], [ -72.018434782028578, 5.124741916825243 ], [ -72.019540281092716, 5.125343347707763 ], [ -72.019808578448277, 5.125778253385425 ], [ -72.020776663779984, 5.126866904614013 ], [ -72.021046722268267, 5.126922370755814 ], [ -72.021316152377082, 5.127113351078655 ], [ -72.021721617607, 5.127115241455849 ], [ -72.021966027841344, 5.126872449731055 ], [ -72.022317431108888, 5.126874087638875 ], [ -72.02250602007399, 5.127010483925581 ], [ -72.022342451642302, 5.127307859688853 ], [ -72.021936860382269, 5.127333072503324 ], [ -72.021584828509503, 5.127466948540214 ], [ -72.021204131189037, 5.127953035300757 ], [ -72.021202873905096, 5.128224063800602 ], [ -72.021039807405515, 5.12841302730605 ], [ -72.020904652123392, 5.128412396905619 ], [ -72.020770880118675, 5.12811363524661 ], [ -72.020232648984262, 5.127596159697525 ], [ -72.019854466541929, 5.127540188673144 ], [ -72.019367154027861, 5.127700535410565 ], [ -72.018797490245404, 5.128131531067197 ], [ -72.01852667699626, 5.128238680492929 ], [ -72.018363610097452, 5.12842764285276 ], [ -72.018253849881802, 5.128779474174356 ], [ -72.018384599255597, 5.129728702451257 ], [ -72.018922828790025, 5.130246179704691 ], [ -72.019408255647988, 5.130492376563144 ], [ -72.019890662468754, 5.131389040826396 ], [ -72.020213777827621, 5.131661583355703 ], [ -72.020562288574169, 5.132286588862493 ], [ -72.02120764009193, 5.133021394000865 ], [ -72.021746503705586, 5.133403357462577 ], [ -72.021988149505177, 5.133756830185787 ], [ -72.021959230581601, 5.134163246973658 ], [ -72.021659998114444, 5.134568401772762 ], [ -72.021549103412426, 5.135164159718933 ], [ -72.021546963215755, 5.135624908208868 ], [ -72.021734420302238, 5.1360052318016 ], [ -72.022084947271608, 5.136196592801753 ], [ -72.022490544394543, 5.136171383155053 ], [ -72.022599425282138, 5.136009270703134 ], [ -72.022737854478308, 5.135305226755428 ], [ -72.023225677786343, 5.135036468767082 ], [ -72.024367032811284, 5.13374082563602 ], [ -72.024800666145737, 5.133498916152753 ], [ -72.025452560954406, 5.13282436707782 ], [ -72.025803842945209, 5.132853107923372 ], [ -72.025802209416952, 5.133205446399376 ], [ -72.025665795844006, 5.13347584597985 ], [ -72.02525768550295, 5.134043117626223 ], [ -72.024823548756018, 5.134393439041035 ], [ -72.024440078762908, 5.135475791014628 ], [ -72.024140091309604, 5.136043565016756 ], [ -72.023840983888164, 5.136421618202923 ], [ -72.02340759964278, 5.136609319860278 ], [ -72.023244655760138, 5.136771180132082 ], [ -72.023161673400224, 5.137177344925738 ], [ -72.023507796191822, 5.138317307214376 ], [ -72.023857192238182, 5.138752594429515 ], [ -72.024557370117378, 5.13932503693815 ], [ -72.02560266834702, 5.141254267058835 ], [ -72.025898632776517, 5.141553787679279 ], [ -72.026735232645649, 5.141855831854937 ], [ -72.0270586072903, 5.142074169622037 ], [ -72.027463832479157, 5.142130267833826 ], [ -72.028029990832565, 5.142458152629056 ], [ -72.028732818438073, 5.142461431496633 ], [ -72.029191731077518, 5.142599090131123 ], [ -72.029597586195862, 5.142519672056189 ], [ -72.030840675593467, 5.142606778843961 ], [ -72.032240179029984, 5.143941382197091 ], [ -72.032505975443271, 5.144918354135521 ], [ -72.03307214061293, 5.145246237337252 ], [ -72.033396525430391, 5.145247749008063 ], [ -72.034291347165151, 5.144655635749493 ], [ -72.035157754693373, 5.144361529397896 ], [ -72.035941685239621, 5.144365179128618 ], [ -72.036995059304743, 5.144559808455684 ], [ -72.037749826772185, 5.145024085463482 ], [ -72.038128277214639, 5.14502584620935 ], [ -72.038642641175869, 5.144865615835046 ], [ -72.039266512935129, 5.144407751613476 ], [ -72.039835316939886, 5.144166461313247 ], [ -72.040105513496158, 5.144194821221369 ], [ -72.040347550068759, 5.144466985165064 ], [ -72.04048120728163, 5.144792853155532 ], [ -72.040479076668319, 5.145253609455605 ], [ -72.040202736796076, 5.146553311349565 ], [ -72.039956311220962, 5.147229762357658 ], [ -72.039413407178628, 5.147715106517275 ], [ -72.038790785609095, 5.147901936366596 ], [ -72.038490167334189, 5.148605237242203 ], [ -72.038460875827226, 5.149092970069078 ], [ -72.038351742215625, 5.149309292728282 ], [ -72.037809337300601, 5.149686220801022 ], [ -72.037349284827201, 5.149792493484617 ], [ -72.037158802405585, 5.150062644353029 ], [ -72.037072429610376, 5.151200601949331 ], [ -72.036771931928357, 5.151876796749636 ], [ -72.037067027080184, 5.152366040496739 ], [ -72.037551726937039, 5.152774856514013 ], [ -72.038578334113666, 5.152915158949464 ], [ -72.038982942915126, 5.15310677068837 ], [ -72.039794421683396, 5.153002134626607 ], [ -72.040282890752934, 5.152597850833633 ], [ -72.040287032682372, 5.151703441903194 ], [ -72.04055986753464, 5.15116263398668 ], [ -72.040641341449884, 5.15108170146739 ], [ -72.041424907813436, 5.151166659187663 ], [ -72.041831022788983, 5.151033028897644 ], [ -72.042267305009759, 5.150221940201708 ], [ -72.042834987660939, 5.15022457986843 ], [ -72.044183606797105, 5.150881344314657 ], [ -72.044507747138269, 5.150937058785127 ], [ -72.044805857356593, 5.15077582019606 ], [ -72.045050653938929, 5.150451709661287 ], [ -72.04553861815242, 5.150155832487972 ], [ -72.046136089623545, 5.149562318920608 ], [ -72.046813030544513, 5.149321525641908 ], [ -72.047921366623527, 5.149326669996069 ], [ -72.049460224991464, 5.14976747516508 ], [ -72.050750916681181, 5.151264188534507 ], [ -72.051237381299217, 5.15129354867828 ], [ -72.051752128989122, 5.15105199797484 ], [ -72.051675280432093, 5.150130100195344 ], [ -72.051812943449022, 5.149588655002483 ], [ -72.051815692453161, 5.148992376096102 ], [ -72.052224180895521, 5.148343768761661 ], [ -72.052334060230692, 5.147964819316004 ], [ -72.051879126828211, 5.146959857451066 ], [ -72.051882248998211, 5.146282267687529 ], [ -72.051723175518546, 5.145603926747237 ], [ -72.05110367534725, 5.145113182611644 ], [ -72.050021876121704, 5.145216587432395 ], [ -72.049074739979176, 5.145429030827285 ], [ -72.0488047903265, 5.145346467172073 ], [ -72.048400678575376, 5.145046448757412 ], [ -72.047590331056313, 5.144907171081328 ], [ -72.047428636758724, 5.144798004998019 ], [ -72.047488577153516, 5.143524391930907 ], [ -72.047598081417519, 5.143226754855828 ], [ -72.04784224727247, 5.143038158175898 ], [ -72.047978533602276, 5.142794853176317 ], [ -72.048034347578536, 5.14241565475556 ], [ -72.047981657356033, 5.142117265717621 ], [ -72.047283566262394, 5.141084075975467 ], [ -72.046745295934173, 5.140566604321049 ], [ -72.046286748371486, 5.140347646632728 ], [ -72.044990204581794, 5.14012480351463 ], [ -72.044586222936317, 5.139797682142276 ], [ -72.044506001796108, 5.139607582154635 ], [ -72.04450837719628, 5.139092617257351 ], [ -72.0448928256301, 5.13779340753041 ], [ -72.044867917946959, 5.137332523991154 ], [ -72.044465811762421, 5.136598852315975 ], [ -72.043632444925578, 5.135592142226309 ], [ -72.043204558308688, 5.13458731201045 ], [ -72.042773173347783, 5.134341376826726 ], [ -72.042748265948418, 5.133880494118174 ], [ -72.042857267927502, 5.133691271620018 ], [ -72.042992676915176, 5.133637691254947 ], [ -72.043396155331294, 5.134073224555721 ], [ -72.044017013578383, 5.134265829310568 ], [ -72.044395459825481, 5.134267582670759 ], [ -72.044720341973189, 5.134160671672003 ], [ -72.046342131334356, 5.13419528602301 ], [ -72.046828206883632, 5.134305952407527 ], [ -72.047043838469378, 5.134442470821724 ], [ -72.047312660581568, 5.134768963869622 ], [ -72.047634174249396, 5.13539384564688 ], [ -72.047953691500354, 5.136452383660235 ], [ -72.048058824346896, 5.137103368311911 ], [ -72.04835567814338, 5.137213158895122 ], [ -72.049465491894608, 5.136893046035511 ], [ -72.050436154097156, 5.137439619479233 ], [ -72.050597224595407, 5.137684301879136 ], [ -72.05062201166929, 5.13817229113788 ], [ -72.05034981848371, 5.138577593848729 ], [ -72.050402136291652, 5.138957293868775 ], [ -72.050697619476196, 5.139365223324802 ], [ -72.051236642944488, 5.13972007142511 ], [ -72.052155616032493, 5.139751426908177 ], [ -72.052724167260635, 5.139564327103713 ], [ -72.053210748887039, 5.139566577060801 ], [ -72.05402084635756, 5.139760051708935 ], [ -72.055342940541422, 5.140308246884327 ], [ -72.055802491470786, 5.1403103702733 ], [ -72.056154535652425, 5.140176475315179 ], [ -72.056371542230323, 5.140014852060785 ], [ -72.056616826313302, 5.139582316395184 ], [ -72.056699417613629, 5.139257446343731 ], [ -72.056647220345297, 5.138850640971548 ], [ -72.056136593617651, 5.138197780262718 ], [ -72.05565138144425, 5.137897392542239 ], [ -72.055005346010148, 5.137298115126048 ], [ -72.054764546254631, 5.136754917986662 ], [ -72.054712225086547, 5.136375216919475 ], [ -72.054822470594559, 5.135914953880429 ], [ -72.05539338321617, 5.135212879235008 ], [ -72.056156132147862, 5.133942498733552 ], [ -72.056458833794935, 5.132778410956444 ], [ -72.056487979841407, 5.132317772480585 ], [ -72.05638084623601, 5.132100444076023 ], [ -72.055170000290047, 5.130875166899295 ], [ -72.054820947416047, 5.130358575938706 ], [ -72.054366378902188, 5.129272309317911 ], [ -72.054234825632051, 5.128485679626288 ], [ -72.054047219042957, 5.128132459302518 ], [ -72.054021554946445, 5.127834194380767 ], [ -72.054103272148296, 5.127699050076454 ], [ -72.054807591806579, 5.127377046757483 ], [ -72.055754700778948, 5.127164578292618 ], [ -72.057027931004342, 5.126574150115299 ], [ -72.057758164044571, 5.126496200240002 ], [ -72.05797379839774, 5.126632714812688 ], [ -72.058429989067534, 5.12736663240345 ], [ -72.058749034215694, 5.128533588280859 ], [ -72.058877489090193, 5.129997814635786 ], [ -72.058821810478463, 5.130349914670779 ], [ -72.058549253978526, 5.130836537163817 ], [ -72.058548508644392, 5.130999159766781 ], [ -72.05881771161485, 5.131244339209557 ], [ -72.059222820655748, 5.131327518655658 ], [ -72.060440756439775, 5.131007875734503 ], [ -72.060738109960866, 5.131009244878408 ], [ -72.061358980642538, 5.131201834038106 ], [ -72.062224010268324, 5.131205815525856 ], [ -72.062737125714406, 5.131316594458693 ], [ -72.063845198601342, 5.13137590104503 ], [ -72.065465150628711, 5.131817022287601 ], [ -72.067222622584225, 5.1317437861989 ], [ -72.068249603965725, 5.13180271316198 ], [ -72.06992189823535, 5.132623530372459 ], [ -72.070677816595705, 5.132843837548092 ], [ -72.071488543280111, 5.13290176774889 ], [ -72.072055235949321, 5.133121205353127 ], [ -72.072701047815656, 5.133774680479311 ], [ -72.073428453487239, 5.134320111207343 ], [ -72.076151704359106, 5.135877568817261 ], [ -72.076985146721597, 5.136884265841204 ], [ -72.077651821270635, 5.138893076186073 ], [ -72.077592563238809, 5.140031205740951 ], [ -72.077693646724867, 5.141576642464338 ], [ -72.077610074083609, 5.142118354921731 ], [ -72.075054360560159, 5.145304983283204 ], [ -72.074621955053928, 5.145275891793438 ], [ -72.073596185628105, 5.144945921237611 ], [ -72.072866417689283, 5.14491546188556 ], [ -72.071921750203799, 5.144585862289943 ], [ -72.071138289964281, 5.144473840412214 ], [ -72.070409392600467, 5.144253650293638 ], [ -72.069544339003428, 5.1442496698208 ], [ -72.068596822030784, 5.144543458851186 ], [ -72.067268112088101, 5.145431790121493 ], [ -72.06650833323738, 5.146051693575411 ], [ -72.065937037801206, 5.14683509124009 ], [ -72.065800381450231, 5.147159715277786 ], [ -72.065797770778715, 5.147728897815592 ], [ -72.065930946448944, 5.148163183987292 ], [ -72.066007569255945, 5.14913929959131 ], [ -72.065842013182547, 5.149870357616073 ], [ -72.066352159325049, 5.150631637088092 ], [ -72.066618261788065, 5.151554418215198 ], [ -72.066941415930799, 5.151826954181592 ], [ -72.067209757760139, 5.152261864512722 ], [ -72.06726170972307, 5.152722881262061 ], [ -72.067150591348195, 5.153372877422674 ], [ -72.066661131161908, 5.153994022862311 ], [ -72.066363392027725, 5.154073962187203 ], [ -72.064610092139063, 5.153225628278411 ], [ -72.063771939541056, 5.153248861744036 ], [ -72.063392977204316, 5.153355528913329 ], [ -72.06298635879179, 5.153597590158001 ], [ -72.062335195614679, 5.154109564902925 ], [ -72.062090276911846, 5.15446079012863 ], [ -72.062197911005583, 5.154569705349637 ], [ -72.063089632202264, 5.154655140282961 ], [ -72.063547327744473, 5.155063822021025 ], [ -72.063790128440829, 5.155173361787742 ], [ -72.065707995687191, 5.155507474999077 ], [ -72.066165943295161, 5.155861948278911 ], [ -72.066326649199354, 5.156187944480479 ], [ -72.066352063899743, 5.156540420484873 ], [ -72.066566338587918, 5.15697508222918 ], [ -72.066591877734922, 5.157300454368356 ], [ -72.066482249781501, 5.157625202228576 ], [ -72.066183512293705, 5.157921971931013 ], [ -72.065938218486281, 5.158354510753652 ], [ -72.065828216007631, 5.158760569963309 ], [ -72.06585325591881, 5.159194357629711 ], [ -72.066121596999281, 5.159629269676993 ], [ -72.066902827598497, 5.160229178835356 ], [ -72.067840406469429, 5.162103723671917 ], [ -72.064225347635258, 5.166342409177907 ], [ -72.063054029273516, 5.16826139902497 ], [ -72.062783066822959, 5.168395665525638 ], [ -72.062563797354258, 5.169045155260973 ], [ -72.060684706716458, 5.172017923041417 ], [ -72.059923752931113, 5.172881730336499 ], [ -72.059650283921926, 5.173558069147207 ], [ -72.059350907211567, 5.173990348179307 ], [ -72.058830497838173, 5.175451564126599 ], [ -72.058558779727562, 5.175748448916953 ], [ -72.058584184595574, 5.176100923041154 ], [ -72.058201196170856, 5.177074897832477 ], [ -72.057439979921242, 5.177992904051912 ], [ -72.05711118096427, 5.178940024315392 ], [ -72.057000660844224, 5.179454491282415 ], [ -72.057184629577293, 5.180593726874238 ], [ -72.056826156355243, 5.182109897422933 ], [ -72.056985474134493, 5.182734037349018 ], [ -72.054740880763092, 5.182886207719013 ], [ -72.054661034693879, 5.182614793517069 ], [ -72.054096081726613, 5.182015868391095 ], [ -72.053528616351585, 5.181959015379645 ], [ -72.053149510242207, 5.182092769200633 ], [ -72.052769398324216, 5.182443351358192 ], [ -72.052686535724689, 5.182822423331173 ], [ -72.052605433316671, 5.182822045150104 ], [ -72.052577644728515, 5.18298454054817 ], [ -72.052306297282286, 5.18320010837826 ], [ -72.052062486924441, 5.183307387830676 ], [ -72.051332942736124, 5.183222672152197 ], [ -72.050928940793696, 5.18289553769545 ], [ -72.049934845744943, 5.181562797782433 ], [ -72.049449366121422, 5.181316595462821 ] ], [ [ -72.062520850538021, 5.166632663527294 ], [ -72.062142753758806, 5.166549598481751 ], [ -72.062064651108329, 5.165898730936805 ], [ -72.061822597620733, 5.165626565474919 ], [ -72.061337866540669, 5.165217753652849 ], [ -72.061014088129852, 5.165080731419313 ], [ -72.060473166569821, 5.165132433286272 ], [ -72.059850019451531, 5.165427692597778 ], [ -72.059632875753451, 5.16561641625832 ], [ -72.05938607245885, 5.166374193325468 ], [ -72.059219118221918, 5.167403383677997 ], [ -72.059218117545029, 5.167620213698242 ], [ -72.059352160048462, 5.167864774542645 ], [ -72.059945400039766, 5.168192778563812 ], [ -72.060512857649741, 5.168249619162106 ], [ -72.060648276287608, 5.16819603843244 ], [ -72.061164542153378, 5.167629240358226 ], [ -72.061734124615654, 5.167225314800832 ], [ -72.062165914107212, 5.167389942320587 ], [ -72.062627736086398, 5.166904202871565 ], [ -72.062520850538021, 5.166632663527294 ] ], [ [ -72.047083418276713, 5.161004625445072 ], [ -72.046652394641583, 5.160677371609824 ], [ -72.046636900419855, 5.158183728355429 ], [ -72.04612753826369, 5.157259822544517 ], [ -72.045427191556143, 5.156714485034283 ], [ -72.045130081060478, 5.156658895057233 ], [ -72.044778277863117, 5.156738570493219 ], [ -72.044425471048541, 5.157035072873425 ], [ -72.04374839533962, 5.157302961721828 ], [ -72.043205353847213, 5.157815409092913 ], [ -72.042745293397644, 5.157921682812618 ], [ -72.042070728423582, 5.157647502115746 ], [ -72.041183167595364, 5.156667627332721 ], [ -72.040213129630487, 5.155985511317684 ], [ -72.0393767497917, 5.155629264106889 ], [ -72.038404579947766, 5.155407902613073 ], [ -72.037863927591459, 5.155405382366798 ], [ -72.037322646903476, 5.155538377787871 ], [ -72.036970217202409, 5.155753564771247 ], [ -72.03588715249235, 5.156127965695495 ], [ -72.035724327918729, 5.156262724847932 ], [ -72.035451737162063, 5.15674932064123 ], [ -72.035396287743666, 5.157047203261723 ], [ -72.035474994585385, 5.157562542145855 ], [ -72.035582244233808, 5.157752769111188 ], [ -72.035824405567965, 5.157997833342559 ], [ -72.036471428338643, 5.158380306007393 ], [ -72.037036599042636, 5.158925019328649 ], [ -72.037518911008647, 5.159848799456359 ], [ -72.037868576020813, 5.160229884553519 ], [ -72.038272810330056, 5.160502808986143 ], [ -72.038840374271786, 5.160532560734573 ], [ -72.03919217869597, 5.160452890230482 ], [ -72.03995098484792, 5.160049871021906 ], [ -72.040683385943154, 5.159511207820422 ], [ -72.041251955576257, 5.159324130419764 ], [ -72.041657448553167, 5.159326019918232 ], [ -72.042278451106071, 5.159491536710985 ], [ -72.042628873995426, 5.159710000594909 ], [ -72.043569249857626, 5.160961162545293 ], [ -72.0442424377989, 5.161533481299744 ], [ -72.044997730704196, 5.16188935041114 ], [ -72.045754154579541, 5.16200128825934 ], [ -72.045995946171743, 5.162327662046273 ], [ -72.046099810687522, 5.16324968221139 ], [ -72.046530834812771, 5.163576937234035 ], [ -72.046854730835506, 5.163686861209936 ], [ -72.047368863392222, 5.163580838155235 ], [ -72.048074737471367, 5.16293362545332 ], [ -72.04826560039136, 5.162582160487891 ], [ -72.048266729231386, 5.162338229092239 ], [ -72.048026566461772, 5.16165951022421 ], [ -72.047623327372648, 5.161169761416969 ], [ -72.04740768978786, 5.161033238046164 ], [ -72.047083418276713, 5.161004625445072 ] ], [ [ -72.054297893970798, 5.161769962793285 ], [ -72.055707002899069, 5.161044687037862 ], [ -72.055898737155928, 5.160503491283836 ], [ -72.055928396408149, 5.159934439422398 ], [ -72.055875205197296, 5.159744462948391 ], [ -72.055579215151909, 5.159444943511159 ], [ -72.055255691985707, 5.159253713368149 ], [ -72.054850444195921, 5.159197625267764 ], [ -72.053034716482614, 5.160164951202537 ], [ -72.052708941276165, 5.16046158477995 ], [ -72.052599055746043, 5.160840533057151 ], [ -72.052759126537765, 5.161302047409324 ], [ -72.052920449482372, 5.161492525814944 ], [ -72.054297893970798, 5.161769962793285 ] ], [ [ -72.060062542006975, 5.154505621640338 ], [ -72.060764530328356, 5.154698599380268 ], [ -72.061089177464368, 5.154645892077984 ], [ -72.061414572689571, 5.154430561675237 ], [ -72.061253620590392, 5.154158773524812 ], [ -72.061362750448893, 5.153942442981988 ], [ -72.061364620326785, 5.153535885731631 ], [ -72.061638316528402, 5.152805332226484 ], [ -72.061531804318776, 5.152452482733766 ], [ -72.06091203824225, 5.15201594775553 ], [ -72.060264492262519, 5.151741910422293 ], [ -72.059371904687296, 5.151846200440112 ], [ -72.058531637110605, 5.152330191644331 ], [ -72.058421883375786, 5.152682040047501 ], [ -72.058013892833245, 5.15322223836823 ], [ -72.057580241438117, 5.153464169911929 ], [ -72.057093522497084, 5.153489020942795 ], [ -72.056662243047555, 5.153215981217003 ], [ -72.055960384793181, 5.152995896886431 ], [ -72.055232993187076, 5.152450442822595 ], [ -72.054612485490594, 5.152176526074583 ], [ -72.054315248713863, 5.152148044790536 ], [ -72.054152426831223, 5.152282811504369 ], [ -72.054015513301366, 5.152661636142727 ], [ -72.054040671979379, 5.153068315986209 ], [ -72.054174337121665, 5.153394186063459 ], [ -72.054658556023369, 5.153911410349662 ], [ -72.055116867123431, 5.154184576472074 ], [ -72.055494829262656, 5.154294744701722 ], [ -72.056900296239249, 5.154355463431675 ], [ -72.057142844437223, 5.1545192123647 ], [ -72.057574998739526, 5.154602526312872 ], [ -72.057709040511099, 5.154847085669077 ], [ -72.057897772707648, 5.15495637673151 ], [ -72.058385366800806, 5.154741799506125 ], [ -72.058790987952079, 5.154716572655035 ], [ -72.05911600901365, 5.154582555178204 ], [ -72.060062542006975, 5.154505621640338 ] ], [ [ -72.061874759534561, 5.154297167351251 ], [ -72.061685153508805, 5.15437760396104 ], [ -72.061738845834228, 5.154459165407252 ], [ -72.061928202590792, 5.154432936451417 ], [ -72.061874759534561, 5.154297167351251 ] ], [ [ -72.015984793933413, 5.122616424768531 ], [ -72.01611994738883, 5.12261705549753 ], [ -72.016174511991963, 5.122508896861492 ], [ -72.016013208516796, 5.122318420930746 ], [ -72.015823867977176, 5.122344640643375 ], [ -72.015823238901604, 5.122480154250108 ], [ -72.015984793933413, 5.122616424768531 ] ] ] ] } },
{ "type": "Feature", "properties": { "PATTERN": "Persistent Cold Spot", "Shape_Area": 3309399.0000013327 }, "geometry": { "type": "MultiPolygon", "coordinates": [ [ [ [ -72.051453797161685, 5.104160399778237 ], [ -72.051426890243505, 5.104133171959746 ], [ -72.051453921030301, 5.104133296162322 ], [ -72.051453797161685, 5.104160399778237 ] ] ], [ [ [ -72.051426766373751, 5.104160275574998 ], [ -72.051371466043278, 5.104431063302919 ], [ -72.051017339908256, 5.105025727746479 ], [ -72.050719629231253, 5.1051056718068 ], [ -72.050152230262796, 5.105048855003375 ], [ -72.05069507676744, 5.104563475615837 ], [ -72.051426766373751, 5.104160275574998 ] ] ], [ [ [ -72.053630416757585, 5.106989237968887 ], [ -72.053901345557975, 5.106854961340749 ], [ -72.054225717137086, 5.10685645123891 ], [ -72.054360376734124, 5.106965486721007 ], [ -72.054332602847111, 5.107127984676447 ], [ -72.054169673986323, 5.107289861814923 ], [ -72.053682868646973, 5.107341834010551 ], [ -72.053494023410991, 5.107259653690875 ], [ -72.053088311213997, 5.10731199799055 ], [ -72.052872311324847, 5.107256796975575 ], [ -72.052954147462685, 5.107094547723811 ], [ -72.053279138195663, 5.106960519879135 ], [ -72.053630416757585, 5.106989237968887 ] ] ], [ [ [ -72.091111743851584, 5.10965400432738 ], [ -72.090977929674537, 5.109355240670212 ], [ -72.091516734371154, 5.109764262524523 ], [ -72.092217976637102, 5.110119810909349 ], [ -72.092406100183709, 5.110364610763378 ], [ -72.092510314593639, 5.111232448796434 ], [ -72.092347632819042, 5.111340131336421 ], [ -72.092023614890536, 5.111257345620079 ], [ -72.091834145717883, 5.111310696124154 ], [ -72.091915608952235, 5.111229750355294 ], [ -72.091753538906929, 5.111201909729678 ], [ -72.091673176812421, 5.111038914160526 ], [ -72.091295584646261, 5.110847464539564 ], [ -72.091134248973944, 5.110656996364286 ], [ -72.091111743851584, 5.10965400432738 ] ] ], [ [ [ -72.057288691051667, 5.110936160385463 ], [ -72.057856841762089, 5.110830351611418 ], [ -72.058289217688269, 5.110859440758662 ], [ -72.059097185806493, 5.11151365369658 ], [ -72.059177166118872, 5.111757960057659 ], [ -72.059092978702921, 5.112435182777903 ], [ -72.05892905813019, 5.112813891355757 ], [ -72.058711693483659, 5.113056832616367 ], [ -72.058088487147714, 5.113379222977294 ], [ -72.057655862013348, 5.11340434024581 ], [ -72.05733222920729, 5.113240227664871 ], [ -72.057036618726869, 5.112859409236504 ], [ -72.056822473882164, 5.112397652187666 ], [ -72.056634121995032, 5.11220705677421 ], [ -72.056635855794298, 5.111827604466522 ], [ -72.056854334520153, 5.111340730436996 ], [ -72.057288691051667, 5.110936160385463 ] ] ], [ [ [ -72.077625551213146, 5.11495941744863 ], [ -72.077193656487012, 5.114821922351591 ], [ -72.076493781929969, 5.114168212946942 ], [ -72.07660301667768, 5.113924768500072 ], [ -72.07660437018221, 5.113626622057523 ], [ -72.07647081076982, 5.113273650335937 ], [ -72.076366128625864, 5.112514238775531 ], [ -72.076098394832599, 5.111943816735363 ], [ -72.076503870626937, 5.11194566689852 ], [ -72.076692231713949, 5.112136259800207 ], [ -72.077069938167028, 5.112300611749642 ], [ -72.07720521992583, 5.11227412409933 ], [ -72.077582803770682, 5.11246558011364 ], [ -72.07847423793794, 5.112605169827102 ], [ -72.078851699797283, 5.112823729695369 ], [ -72.07955170044869, 5.113450332783044 ], [ -72.07962935428003, 5.114209622784442 ], [ -72.079412730321366, 5.114289949551074 ], [ -72.079357560027262, 5.11453364160611 ], [ -72.078978252693972, 5.11472164556172 ], [ -72.078896542124369, 5.114856797046929 ], [ -72.079030717875639, 5.115074247797219 ], [ -72.078894697416501, 5.11526336119716 ], [ -72.078999996372318, 5.115887252859519 ], [ -72.07894248825896, 5.116645925958462 ], [ -72.078725371235308, 5.116834669053034 ], [ -72.078130421645355, 5.116886163380046 ], [ -72.077752589467892, 5.116748914628574 ], [ -72.077645569286886, 5.116504482820543 ], [ -72.077593843617734, 5.11598925538761 ], [ -72.077784912751056, 5.115583555332953 ], [ -72.077785897049139, 5.115366721338112 ], [ -72.077625551213146, 5.11495941744863 ] ] ], [ [ [ -72.049834398087953, 5.115428280096265 ], [ -72.049999193586203, 5.114859852352324 ], [ -72.050325306466803, 5.114481896443224 ], [ -72.050976289724531, 5.113997019410631 ], [ -72.051385604782155, 5.113158674411048 ], [ -72.052037082150008, 5.112565380554291 ], [ -72.052551666410906, 5.112350914521082 ], [ -72.0530656305381, 5.112271966117802 ], [ -72.053606130044713, 5.112301556183511 ], [ -72.053983574946557, 5.112520125772929 ], [ -72.054225120322926, 5.112900695890211 ], [ -72.055062468870588, 5.113040067064423 ], [ -72.055708740761077, 5.113585123371414 ], [ -72.055734904600641, 5.113774973612623 ], [ -72.055518158520371, 5.113882394362239 ], [ -72.055382134451449, 5.114071498939627 ], [ -72.055348533044679, 5.115507870894386 ], [ -72.054994149321757, 5.116156743349383 ], [ -72.054722471274985, 5.116453640392519 ], [ -72.054775913889571, 5.1165894075511 ], [ -72.055314929648702, 5.116944242705145 ], [ -72.055312697210738, 5.117432109297147 ], [ -72.055095701472553, 5.117593736529375 ], [ -72.054663074449877, 5.1176188500678 ], [ -72.053773519453983, 5.117072671219279 ], [ -72.052260135318079, 5.116984391146822 ], [ -72.051693346395226, 5.11679205154224 ], [ -72.050342650600527, 5.116596100120142 ], [ -72.04996545503009, 5.11632332060016 ], [ -72.04985869650973, 5.116024683115651 ], [ -72.049834398087953, 5.115428280096265 ] ] ], [ [ [ -72.080514032494662, 5.115839948657795 ], [ -72.081296608418214, 5.116141670402317 ], [ -72.081511881379441, 5.116359490955396 ], [ -72.081752957529503, 5.116848478191271 ], [ -72.081670140598661, 5.117227569283505 ], [ -72.081804440574103, 5.117417915911182 ], [ -72.081641879321808, 5.117498489452732 ], [ -72.081480055630621, 5.11741643690516 ], [ -72.081317248508654, 5.117551219008028 ], [ -72.081073836898582, 5.117577213882514 ], [ -72.080182516806758, 5.117410519242768 ], [ -72.07975148017178, 5.117083294558696 ], [ -72.079349075018143, 5.116403837440687 ], [ -72.07929759383282, 5.115834400796555 ], [ -72.079379181612452, 5.115726353574372 ], [ -72.079676779060065, 5.115673501274273 ], [ -72.080514032494662, 5.115839948657795 ] ] ], [ [ [ -72.059908051435301, 5.117453234378154 ], [ -72.060152326026412, 5.117237521305753 ], [ -72.060395857615163, 5.117184430988478 ], [ -72.060586068897678, 5.116968469321059 ], [ -72.061315797172981, 5.116998924213004 ], [ -72.061828530834518, 5.117191008884832 ], [ -72.062261407517283, 5.117111682428246 ], [ -72.06234299720677, 5.117003639119321 ], [ -72.062317821417622, 5.11659695699559 ], [ -72.062023567120221, 5.115917995807893 ], [ -72.062024804197975, 5.115646957158629 ], [ -72.062106393583193, 5.115538913791656 ], [ -72.062539640141338, 5.11537827485039 ], [ -72.06281156305289, 5.115027164366102 ], [ -72.063947134733894, 5.114978163005697 ], [ -72.064324834889931, 5.115142521560144 ], [ -72.064620946256341, 5.115414923968506 ], [ -72.064754868298579, 5.115686582874584 ], [ -72.064883351734991, 5.117150814919733 ], [ -72.064205334638359, 5.117635586287147 ], [ -72.064149663632051, 5.117987689198891 ], [ -72.06390563645418, 5.118149196584945 ], [ -72.063581132658555, 5.118174812204547 ], [ -72.062825854571031, 5.117818988418295 ], [ -72.06255516701215, 5.117899059447841 ], [ -72.062445308031684, 5.118278017394648 ], [ -72.062794739657079, 5.118713292460025 ], [ -72.062792759626717, 5.119146954557254 ], [ -72.062656115965694, 5.1194715806335 ], [ -72.062086345729085, 5.119929739928847 ], [ -72.061653219340471, 5.12006327286163 ], [ -72.06135587063568, 5.120061907055238 ], [ -72.060411372034892, 5.11970521070505 ], [ -72.059388010501294, 5.118860272496105 ], [ -72.059282238057307, 5.118344803475049 ], [ -72.059393956626764, 5.117559290168271 ], [ -72.059529609773037, 5.117451495907887 ], [ -72.059908051435301, 5.117453234378154 ] ] ], [ [ [ -72.086855527900937, 5.130234495247933 ], [ -72.086798386866235, 5.130911859955237 ], [ -72.087149074834272, 5.131076090273746 ], [ -72.086823205007263, 5.131399863510201 ], [ -72.086498811554819, 5.131398383022894 ], [ -72.086445115156209, 5.131316822920584 ], [ -72.086607680983363, 5.131236249836249 ], [ -72.086663099985671, 5.130938347610529 ], [ -72.086583478115656, 5.130612724117322 ], [ -72.086448683470508, 5.130530793970518 ], [ -72.08634461246362, 5.129635853836682 ], [ -72.086855527900937, 5.130234495247933 ] ] ], [ [ [ -72.040366196919095, 5.175419705451866 ], [ -72.040176710114977, 5.175473027146765 ], [ -72.040123651787667, 5.17525594809836 ], [ -72.040447675708975, 5.175338774805667 ], [ -72.040366196919095, 5.175419705451866 ] ] ], [ [ [ -72.040149424415787, 5.175527107287431 ], [ -72.040176584025815, 5.175500130425167 ], [ -72.040176457935956, 5.175527233703559 ], [ -72.040149424415787, 5.175527107287431 ] ] ], [ [ [ -72.040689716738044, 5.175610945264345 ], [ -72.040743909880447, 5.175584094761134 ], [ -72.040743783812687, 5.175611198053422 ], [ -72.040689716738044, 5.175610945264345 ] ] ], [ [ [ -72.040662557129849, 5.175637922158328 ], [ -72.040635649666072, 5.175610692470666 ], [ -72.040662683201717, 5.175610818868081 ], [ -72.040662557129849, 5.175637922158328 ] ] ], [ [ [ -72.040635397519353, 5.175664899049822 ], [ -72.040581330445477, 5.17566464624888 ], [ -72.040581456521451, 5.175637542960637 ], [ -72.040635397519353, 5.175664899049822 ] ] ], [ [ [ -72.040230020621365, 5.175635899650978 ], [ -72.040229894530469, 5.175663002930571 ], [ -72.040202861003209, 5.175662876513416 ], [ -72.040230020621365, 5.175635899650978 ] ] ], [ [ [ -72.040554296909534, 5.175664519846682 ], [ -72.04058120436882, 5.175691749537097 ], [ -72.04055417083174, 5.175691623134234 ], [ -72.040554296909534, 5.175664519846682 ] ] ], [ [ [ -72.040256928058383, 5.175663129346575 ], [ -72.040419003156345, 5.175690991102662 ], [ -72.040418877072128, 5.175718094386861 ], [ -72.040256928058383, 5.175663129346575 ] ] ], [ [ [ -72.039579198204436, 5.176066517552437 ], [ -72.03957907207527, 5.176093620815685 ], [ -72.039497971488686, 5.176093241445979 ], [ -72.039579198204436, 5.176066517552437 ] ] ], [ [ [ -72.039584352651744, 5.176120749369922 ], [ -72.039726406289219, 5.176161027170122 ], [ -72.039713987484177, 5.176148459608476 ], [ -72.039741021020006, 5.176148586058322 ], [ -72.039740943944139, 5.176165149165999 ], [ -72.039875936471532, 5.176203424831147 ], [ -72.039848650687347, 5.176257504925132 ], [ -72.040118229479972, 5.176421388998499 ], [ -72.03957856755197, 5.176202033868207 ], [ -72.039200602722673, 5.176091850335124 ], [ -72.039146409534837, 5.176118700643426 ], [ -72.03998318782314, 5.176393653512169 ], [ -72.040495312220017, 5.176721295182061 ], [ -72.040333993530737, 5.176530813606004 ], [ -72.040198951817686, 5.176503078147173 ], [ -72.040307086072971, 5.176503583891406 ], [ -72.040253379257948, 5.176425893080257 ], [ -72.040253271164346, 5.176449124462724 ], [ -72.04022623760315, 5.176448998027422 ], [ -72.040251799645901, 5.176423608056447 ], [ -72.040119112265558, 5.176231666064553 ], [ -72.04020172614463, 5.175906806022597 ], [ -72.040580952213503, 5.175745956113451 ], [ -72.041445017472739, 5.175966826914825 ], [ -72.042091806956563, 5.176403512714141 ], [ -72.041578042535278, 5.176428215070769 ], [ -72.041119732235742, 5.176155033474639 ], [ -72.040795329440158, 5.176153516704763 ], [ -72.040686438681703, 5.176315630820014 ], [ -72.04092885824862, 5.176506491563438 ], [ -72.041009076426008, 5.176696593865896 ], [ -72.04136038709143, 5.176725340385647 ], [ -72.042226218830237, 5.176566764443605 ], [ -72.042603933419201, 5.176731153301261 ], [ -72.04306148921161, 5.17716695450744 ], [ -72.043033321445975, 5.177410758299354 ], [ -72.042897144916566, 5.177626953336749 ], [ -72.04322016290962, 5.177926606325579 ], [ -72.043165843472124, 5.17798056033498 ], [ -72.043246314463261, 5.178116456131725 ], [ -72.041493285852567, 5.177213831914937 ], [ -72.038038540541891, 5.176005101344563 ], [ -72.038146926875569, 5.175951400953074 ], [ -72.037876465823814, 5.175977238991926 ], [ -72.037660702808267, 5.175867813893489 ], [ -72.038228153527726, 5.175924677255362 ], [ -72.038174591285269, 5.175816011321248 ], [ -72.038958562590665, 5.175819679569921 ], [ -72.039444156703425, 5.176038782007286 ], [ -72.039389963519767, 5.176065632345006 ], [ -72.039580881416626, 5.176119765137678 ], [ -72.03963313913637, 5.176093873723069 ], [ -72.039633013008853, 5.176120976987558 ], [ -72.039584352651744, 5.176120749369922 ] ], [ [ -72.039308989090628, 5.17603814969658 ], [ -72.039363056133737, 5.176038402624314 ], [ -72.039363182270733, 5.176011299366388 ], [ -72.039308989090628, 5.17603814969658 ] ] ], [ [ [ -72.039660046541542, 5.17612110344019 ], [ -72.039687080074899, 5.17612122989167 ], [ -72.039686953949001, 5.176148333157481 ], [ -72.039660046541542, 5.17612110344019 ] ] ], [ [ [ -72.039929751320727, 5.176257884261942 ], [ -72.039902843895007, 5.176230654546476 ], [ -72.039929877438979, 5.176230780990264 ], [ -72.039929751320727, 5.176257884261942 ] ] ], [ [ [ -72.040199456264858, 5.176394665034574 ], [ -72.040226363713458, 5.176421894748555 ], [ -72.040199330154067, 5.176421768312768 ], [ -72.040199456264858, 5.176394665034574 ] ] ], [ [ [ -72.040172296595372, 5.176421641875828 ], [ -72.040172170482762, 5.176448745153363 ], [ -72.040118103365074, 5.176448492274703 ], [ -72.040172296595372, 5.176421641875828 ] ] ], [ [ [ -72.040199204042608, 5.176448871590967 ], [ -72.040199077930481, 5.176475974869058 ], [ -72.040172044369498, 5.176475848430789 ], [ -72.040199204042608, 5.176448871590967 ] ] ], [ [ [ -72.040306707744335, 5.176584893733562 ], [ -72.040333867422333, 5.176557916887392 ], [ -72.040333741313276, 5.176585020168739 ], [ -72.040306707744335, 5.176584893733562 ] ] ], [ [ [ -72.052512508170665, 5.185369402943974 ], [ -72.051999361013728, 5.185258592064817 ], [ -72.052325155623279, 5.184961966491359 ], [ -72.052570476223721, 5.184529444378173 ], [ -72.052544196705625, 5.184366696824823 ], [ -72.052679493483197, 5.184340223743249 ], [ -72.052677732596237, 5.184719673833361 ], [ -72.052512508170665, 5.185369402943974 ] ] ], [ [ [ -72.028530930299411, 5.104271492380787 ], [ -72.028854044871764, 5.104544024933404 ], [ -72.027202078299936, 5.105213963319095 ], [ -72.025877347570926, 5.105262030720046 ], [ -72.025580890203003, 5.105070931441123 ], [ -72.025501799239251, 5.104636907879092 ], [ -72.025883220398555, 5.103988190399605 ], [ -72.025966059878471, 5.103609124381681 ], [ -72.027209197236843, 5.103669091265855 ], [ -72.028530930299411, 5.104271492380787 ] ] ], [ [ [ -72.039224888143778, 5.112397882567621 ], [ -72.038657988420482, 5.112232639270761 ], [ -72.037714403119722, 5.111686200316464 ], [ -72.037122717942765, 5.111032972646177 ], [ -72.036879940038503, 5.110923434832326 ], [ -72.036557192040789, 5.110569592806476 ], [ -72.036530784603769, 5.110433951601929 ], [ -72.036449443245161, 5.110487783128936 ], [ -72.036072135716665, 5.110242104087263 ], [ -72.034996770206135, 5.108963252538777 ], [ -72.034944579157454, 5.108556454422283 ], [ -72.035026917492473, 5.108285797348696 ], [ -72.034708783667284, 5.106929137278218 ], [ -72.034036013380629, 5.106275536100835 ], [ -72.033713891905563, 5.105786178968968 ], [ -72.033390150227689, 5.105649163168758 ], [ -72.033201934743829, 5.105431462820751 ], [ -72.0331224642145, 5.105078746678758 ], [ -72.033339704444543, 5.104862921258828 ], [ -72.033367482678202, 5.104700427218022 ], [ -72.033072018412142, 5.104292504951788 ], [ -72.032829243964912, 5.104182967459834 ], [ -72.032396883404871, 5.104153864374586 ], [ -72.031422669896372, 5.104393291581127 ], [ -72.030853287196436, 5.104770108770931 ], [ -72.03044783265041, 5.104768232374677 ], [ -72.02971913798595, 5.104520926494215 ], [ -72.03007227833848, 5.104143109787583 ], [ -72.030210049478498, 5.103574570326951 ], [ -72.030509003665742, 5.103223605852341 ], [ -72.030698589474753, 5.103143171935884 ], [ -72.03118500913979, 5.103172525793945 ], [ -72.031454314173004, 5.103390601048639 ], [ -72.031778178694253, 5.103500513803105 ], [ -72.032021575889118, 5.103474535750621 ], [ -72.032211660486297, 5.103285688747753 ], [ -72.032212533055699, 5.10309596674508 ], [ -72.032078378933761, 5.102878516677873 ], [ -72.031782043408086, 5.102660316690782 ], [ -72.030835361830356, 5.102791456756155 ], [ -72.030728737351154, 5.102465719314463 ], [ -72.030759134109516, 5.101734060425327 ], [ -72.030195490615384, 5.10086413583495 ], [ -72.0301444225463, 5.100213411534518 ], [ -72.030363530308648, 5.099591040215554 ], [ -72.030716167635077, 5.099321633747699 ], [ -72.0308255340736, 5.099051102444106 ], [ -72.031800734529696, 5.098594846441456 ], [ -72.032345071860192, 5.097784249571847 ], [ -72.032779544643191, 5.097352596454565 ], [ -72.033213145633425, 5.097110664911051 ], [ -72.033888648119728, 5.097167990892296 ], [ -72.034157704534678, 5.097440270510095 ], [ -72.034398486776198, 5.097983457399787 ], [ -72.034829724459883, 5.09825648569122 ], [ -72.0367761444857, 5.098211258828192 ], [ -72.038453259555268, 5.097947953506236 ], [ -72.038966709418119, 5.097977423985649 ], [ -72.03991115296725, 5.098334126890472 ], [ -72.040476180533986, 5.098905912485307 ], [ -72.040823972797128, 5.099693528772973 ], [ -72.040978825951612, 5.101293374340104 ], [ -72.040461768712632, 5.102049900976902 ], [ -72.040301450347442, 5.101642603116677 ], [ -72.039790234206251, 5.101125272008684 ], [ -72.038926630020285, 5.100823147183338 ], [ -72.037981438928583, 5.100629060775707 ], [ -72.036846042095888, 5.100650926324303 ], [ -72.036440090266055, 5.100757468217014 ], [ -72.036033516255557, 5.100999525971345 ], [ -72.035273183308092, 5.101754922008421 ], [ -72.03505482443876, 5.102214678017453 ], [ -72.03505320575826, 5.10256701979981 ], [ -72.034943590165113, 5.102891758907042 ], [ -72.035996777636115, 5.103113453734942 ], [ -72.036320270702717, 5.103304674297367 ], [ -72.036643017165332, 5.103658514320315 ], [ -72.03712881778705, 5.103823380368706 ], [ -72.037613747710395, 5.104177969122502 ], [ -72.036527798945798, 5.105202900234405 ], [ -72.035984075962332, 5.105877983740707 ], [ -72.035686117841934, 5.106012125953247 ], [ -72.035658215305631, 5.106201723621918 ], [ -72.035792371113374, 5.106419174025624 ], [ -72.036089706639757, 5.106420548042948 ], [ -72.037577257019819, 5.10623769315904 ], [ -72.038200079761012, 5.105996634521569 ], [ -72.038743303951023, 5.105429961054355 ], [ -72.038746912242487, 5.104643965273619 ], [ -72.039097811156992, 5.104754000165052 ], [ -72.039476238365779, 5.104755746374065 ], [ -72.039907856171467, 5.104947465090207 ], [ -72.039963285285125, 5.104649577840837 ], [ -72.039883810416185, 5.104296860434512 ], [ -72.040155856340434, 5.103918660571189 ], [ -72.04034531852281, 5.103865326563026 ], [ -72.040343826538944, 5.104190566679273 ], [ -72.04017903210142, 5.104758988743606 ], [ -72.039225996466214, 5.106272409438176 ], [ -72.039224129882129, 5.106678959139093 ], [ -72.03943900583063, 5.106978093834956 ], [ -72.04108464046233, 5.107690390439855 ], [ -72.042003559683934, 5.107721733815451 ], [ -72.043110451775618, 5.108024982518562 ], [ -72.04505554908252, 5.108277885320192 ], [ -72.045892138053631, 5.108579884742767 ], [ -72.046484332789632, 5.109124694239992 ], [ -72.0470245778817, 5.109208495171427 ], [ -72.047075535058923, 5.109886331791279 ], [ -72.047424080819368, 5.110511331309345 ], [ -72.047394441635305, 5.111080380507327 ], [ -72.047121523119984, 5.11164830860824 ], [ -72.04663260435332, 5.112161032549111 ], [ -72.046166862219764, 5.113514088128887 ], [ -72.046003432631451, 5.113784374934349 ], [ -72.045082013864658, 5.114295101204926 ], [ -72.044405864410379, 5.114373293220227 ], [ -72.043650986506094, 5.113936145185451 ], [ -72.043030020285386, 5.113770654794975 ], [ -72.042787488246219, 5.113606911259379 ], [ -72.042138496132992, 5.11365812255493 ], [ -72.041652935078389, 5.113439048566701 ], [ -72.041166751903305, 5.113355491177476 ], [ -72.039224888143778, 5.112397882567621 ] ] ], [ [ [ -72.037483396461212, 5.12076491857505 ], [ -72.037483271598532, 5.120792021833493 ], [ -72.037456240455811, 5.120791896636804 ], [ -72.037483396461212, 5.12076491857505 ] ] ], [ [ [ -72.032838676631243, 5.119740551780748 ], [ -72.033191829675161, 5.11936273729909 ], [ -72.034086351587163, 5.118824809458106 ], [ -72.03589705389723, 5.118914511099864 ], [ -72.036626017834465, 5.119107614223886 ], [ -72.037084422229, 5.119353671559881 ], [ -72.03729630118211, 5.120303286860706 ], [ -72.037376645393962, 5.120466281968834 ], [ -72.037592395022443, 5.120575696519265 ], [ -72.037185179800318, 5.120953264113439 ], [ -72.037671490754533, 5.121009724282368 ], [ -72.038022271613329, 5.121146868058807 ], [ -72.038155804457972, 5.121499836524108 ], [ -72.03809986919083, 5.121906135245056 ], [ -72.037991120023335, 5.122041150796798 ], [ -72.037287809228886, 5.122146308088761 ], [ -72.036882965975977, 5.122008913187066 ], [ -72.035693719697477, 5.12197629782143 ], [ -72.0348537542787, 5.122406064035812 ], [ -72.034202380962569, 5.122972222086452 ], [ -72.033633976393901, 5.123132207659916 ], [ -72.033254414492617, 5.123374380096191 ], [ -72.032846695059149, 5.123860354953314 ], [ -72.032440602004229, 5.123993988480077 ], [ -72.031872947927766, 5.123991352997038 ], [ -72.0315494506264, 5.12380012501524 ], [ -72.031523796529612, 5.12350186529565 ], [ -72.031769079188265, 5.123069345029378 ], [ -72.032475516455904, 5.122286616597807 ], [ -72.03242933507056, 5.120578868319524 ], [ -72.032838676631243, 5.119740551780748 ] ] ], [ [ [ -72.013844184925517, 5.135344961620031 ], [ -72.013844311143217, 5.135317858958795 ], [ -72.013871342314246, 5.135317985509399 ], [ -72.013844184925517, 5.135344961620031 ] ] ], [ [ [ -72.013898247270518, 5.135345214721438 ], [ -72.013898121054424, 5.135372317384039 ], [ -72.013871089880453, 5.135372190833235 ], [ -72.013898247270518, 5.135345214721438 ] ] ], [ [ [ -72.013897868620191, 5.135426522709166 ], [ -72.013952057189883, 5.135399673146143 ], [ -72.013951804758861, 5.135453878473885 ], [ -72.013897868620191, 5.135426522709166 ] ] ], [ [ [ -72.014032014793244, 5.135643976779095 ], [ -72.013951804758861, 5.135453878473885 ], [ -72.014086455815345, 5.135562921878058 ], [ -72.014166413464068, 5.135807225534787 ], [ -72.014032014793244, 5.135643976779095 ] ] ], [ [ [ -72.027317866475585, 5.138633225160593 ], [ -72.027343640797923, 5.138904381151427 ], [ -72.027234005252296, 5.13922911275302 ], [ -72.027016871624966, 5.139417824968046 ], [ -72.026746429194247, 5.1394436669513 ], [ -72.026341583264724, 5.139306260397193 ], [ -72.025883554987757, 5.138978880720711 ], [ -72.025318533195275, 5.138407069917041 ], [ -72.025319413840691, 5.138217349314313 ], [ -72.025509012278718, 5.138136923396077 ], [ -72.026292802558388, 5.138167683545173 ], [ -72.027317866475585, 5.138633225160593 ] ] ], [ [ [ -72.015133606111533, 5.137085607123661 ], [ -72.01532307746352, 5.13703228748262 ], [ -72.015832760128134, 5.137874875335657 ], [ -72.016936755644934, 5.138801555105887 ], [ -72.017420419166697, 5.139427195203073 ], [ -72.01768783174947, 5.140051823471224 ], [ -72.017739244971366, 5.140621234307415 ], [ -72.017657267175906, 5.140810574012794 ], [ -72.017358658676571, 5.141080209611862 ], [ -72.017328597886859, 5.14173054889192 ], [ -72.017166787438626, 5.141648481289962 ], [ -72.016173313322255, 5.140207353711915 ], [ -72.015265481054442, 5.137790909875259 ], [ -72.014675841595519, 5.136704018250304 ], [ -72.01483802910569, 5.136704777529866 ], [ -72.015133606111533, 5.137085607123661 ] ] ], [ [ [ -72.020889984177472, 5.149010929308785 ], [ -72.020512294955807, 5.148846540065862 ], [ -72.020106058706844, 5.149007257760009 ], [ -72.019970141410937, 5.149169241447051 ], [ -72.019402218873381, 5.149220787508812 ], [ -72.019214764230995, 5.148840461921556 ], [ -72.019082636591165, 5.14818936190759 ], [ -72.019218427346672, 5.148054481199706 ], [ -72.019543314643229, 5.147947589581872 ], [ -72.020621811457758, 5.14854891545958 ], [ -72.020998238125514, 5.148984332826561 ], [ -72.020889984177472, 5.149010929308785 ] ] ], [ [ [ -72.021880192675766, 5.151156737313766 ], [ -72.021853413176032, 5.151102405020954 ], [ -72.021907477246785, 5.15110265821644 ], [ -72.021880192675766, 5.151156737313766 ] ] ], [ [ [ -72.021907098446235, 5.15118396676016 ], [ -72.021934256752445, 5.15115699050964 ], [ -72.021934130486059, 5.151184093358195 ], [ -72.021907098446235, 5.15118396676016 ] ] ], [ [ [ -72.024417800597817, 5.151900411133134 ], [ -72.024417674418331, 5.151927514042609 ], [ -72.024363610153884, 5.151927261019952 ], [ -72.024417800597817, 5.151900411133134 ] ] ], [ [ [ -72.024444580372574, 5.151954743462317 ], [ -72.024444706551577, 5.151927640552218 ], [ -72.02449877082006, 5.151927893568002 ], [ -72.024444580372574, 5.151954743462317 ] ] ], [ [ [ -72.024498518465933, 5.15198209939077 ], [ -72.024579741054552, 5.151955375996536 ], [ -72.024579488705925, 5.152009581823231 ], [ -72.024498518465933, 5.15198209939077 ] ] ], [ [ [ -72.024443570916276, 5.152171566741846 ], [ -72.024470729243717, 5.152144590345805 ], [ -72.024470603060465, 5.152171693256332 ], [ -72.024443570916276, 5.152171566741846 ] ] ], [ [ [ -72.024821894827042, 5.152200440759627 ], [ -72.024849053149708, 5.152173464338881 ], [ -72.024848926981775, 5.152200567258748 ], [ -72.024821894827042, 5.152200440759627 ] ] ], [ [ [ -72.025010362943803, 5.152363943772168 ], [ -72.025037016614192, 5.152445379040286 ], [ -72.02498295227538, 5.152445126044894 ], [ -72.025010362943803, 5.152363943772168 ] ] ], [ [ [ -72.024953901304897, 5.152878646298864 ], [ -72.02495402748508, 5.152851543376975 ], [ -72.024981059670608, 5.152851669886423 ], [ -72.024953901304897, 5.152878646298864 ] ] ], [ [ [ -72.022144451978988, 5.152458940205662 ], [ -72.022523027706839, 5.152433609908122 ], [ -72.022792717501389, 5.152570390225015 ], [ -72.022739284588383, 5.15243462269599 ], [ -72.022442941573715, 5.152216407212476 ], [ -72.022091776947732, 5.152160555597596 ], [ -72.022065249998349, 5.152052017578336 ], [ -72.021795686983097, 5.1518881343228 ], [ -72.021850003691341, 5.151834181869956 ], [ -72.021661284420873, 5.151724884158062 ], [ -72.02139096389196, 5.151723617877764 ], [ -72.020554234030968, 5.151448663541127 ], [ -72.020098101069834, 5.150714734428776 ], [ -72.020125385707317, 5.150660655483875 ], [ -72.021178117700188, 5.150990828371244 ], [ -72.021393742395517, 5.151127355509602 ], [ -72.021556187115394, 5.151073909524651 ], [ -72.021691094704636, 5.15112874824958 ], [ -72.021771306881035, 5.151318847975182 ], [ -72.021961162526551, 5.151184219955084 ], [ -72.022095943956458, 5.151266161479953 ], [ -72.02209657525745, 5.151130647217184 ], [ -72.022177292617883, 5.151212335543534 ], [ -72.022285799567271, 5.1511315333139 ], [ -72.022393549018219, 5.151213348209502 ], [ -72.022664122050955, 5.151160408205675 ], [ -72.02263835232398, 5.150889252978168 ], [ -72.022827702877393, 5.150863036001479 ], [ -72.022531360229436, 5.150644820954644 ], [ -72.022478810883044, 5.1503193334832 ], [ -72.02229047037585, 5.150128727575994 ], [ -72.022237921054781, 5.149803240175782 ], [ -72.02191454707804, 5.149584898690194 ], [ -72.021753365115842, 5.149367316550965 ], [ -72.022481587611523, 5.149723070496035 ], [ -72.023289645509635, 5.150350232445111 ], [ -72.02412536815406, 5.150842006258331 ], [ -72.025040296711254, 5.151740702999679 ], [ -72.025765624062814, 5.152719823452027 ], [ -72.025979737322274, 5.153181585296672 ], [ -72.026191453830918, 5.154158303323887 ], [ -72.026029134050489, 5.15418464731405 ], [ -72.025946775510505, 5.15445529727035 ], [ -72.026079918075837, 5.154889576963312 ], [ -72.026130575570477, 5.155621609608527 ], [ -72.025993773215163, 5.155973315242019 ], [ -72.025831074287041, 5.156080967731621 ], [ -72.025694019084924, 5.156486879018156 ], [ -72.025558731063555, 5.156513349099816 ], [ -72.025532834891109, 5.156269296126428 ], [ -72.025505423822707, 5.156350478354689 ], [ -72.025397546934158, 5.156295766196684 ], [ -72.024887341540747, 5.155561582280409 ], [ -72.024349094764219, 5.155044095275637 ], [ -72.023512610426479, 5.154714935839551 ], [ -72.022488544279923, 5.15403255208167 ], [ -72.022329130129663, 5.153435529363945 ], [ -72.022764043871589, 5.15292260091081 ], [ -72.022818992029414, 5.152733134034731 ], [ -72.022522648886138, 5.152514918494198 ], [ -72.022144451978988, 5.152458940205662 ] ], [ [ -72.022973860562971, 5.154305860200564 ], [ -72.023001019059194, 5.154278883957438 ], [ -72.022973986862212, 5.154278757328903 ], [ -72.022973860562971, 5.154305860200564 ] ], [ [ -72.023001903127025, 5.154089163850434 ], [ -72.023029061608241, 5.154062187599897 ], [ -72.023002029419729, 5.154062060977862 ], [ -72.023001903127025, 5.154089163850434 ] ], [ [ -72.023031208461944, 5.153601438751384 ], [ -72.023303676654649, 5.153141955825059 ], [ -72.023116219217101, 5.152761629418054 ], [ -72.022978280635897, 5.153357259676913 ], [ -72.023002534583853, 5.153953649487446 ], [ -72.023031208461944, 5.153601438751384 ] ], [ [ -72.025198452677813, 5.152608755568406 ], [ -72.025173691351853, 5.152120776375118 ], [ -72.024957307933548, 5.152146867398671 ], [ -72.02479662899475, 5.151820873397591 ], [ -72.024607782551371, 5.151738679186519 ], [ -72.024283270863307, 5.151764264040481 ], [ -72.024282261389857, 5.151981087289442 ], [ -72.024443823284386, 5.152117360922103 ], [ -72.024308788773723, 5.152089625432672 ], [ -72.024360833984915, 5.152523524991185 ], [ -72.023688059495271, 5.151869892067475 ], [ -72.02382372487493, 5.1517621131728 ], [ -72.023526245478138, 5.151787824146008 ], [ -72.023390580076821, 5.15189560294479 ], [ -72.023363043070844, 5.152003887924376 ], [ -72.023498456069674, 5.151950314921159 ], [ -72.023766884020759, 5.152358123758699 ], [ -72.024306264870788, 5.15263168355898 ], [ -72.02427683473249, 5.153146512223851 ], [ -72.024923335768975, 5.153637401571134 ], [ -72.025139341147636, 5.153692619630568 ], [ -72.024980933491577, 5.152878772808981 ], [ -72.025114832664798, 5.153150434599914 ], [ -72.025115589734995, 5.152987817045713 ], [ -72.025223087652833, 5.153123837704472 ], [ -72.025304310437249, 5.153097114284734 ], [ -72.025306202927183, 5.15269057032639 ], [ -72.025198452677813, 5.152608755568406 ] ], [ [ -72.023904821211673, 5.151762492761732 ], [ -72.023877662899793, 5.151789469129407 ], [ -72.023904695013854, 5.151789595658576 ], [ -72.023904821211673, 5.151762492761732 ] ], [ [ -72.023068340769996, 5.151433335330575 ], [ -72.023094867948984, 5.151541873393542 ], [ -72.023364936390792, 5.1515973446729 ], [ -72.023230533254292, 5.151434094642332 ], [ -72.023068340769996, 5.151433335330575 ] ], [ [ -72.022014595284659, 5.151319987397926 ], [ -72.022041879862556, 5.151265908292462 ], [ -72.021987815771382, 5.151265655100391 ], [ -72.022014595284659, 5.151319987397926 ] ] ], [ [ [ -72.039529144585117, 5.157744075605347 ], [ -72.039149303418057, 5.158040447302637 ], [ -72.038797751949943, 5.158065912031656 ], [ -72.038420676629499, 5.157766011483452 ], [ -72.038340458573543, 5.157575910566996 ], [ -72.038368622806374, 5.15733210737994 ], [ -72.038667239654714, 5.157062461284768 ], [ -72.039180735412927, 5.157091958917534 ], [ -72.039503619984828, 5.15741871027013 ], [ -72.039529144585117, 5.157744075605347 ] ] ], [ [ [ -72.024887846877618, 5.161253321193068 ], [ -72.024942291115423, 5.161172265884344 ], [ -72.024968944497459, 5.161253701343471 ], [ -72.024887594097279, 5.161307527019313 ], [ -72.024887846877618, 5.161253321193068 ] ] ], [ [ [ -72.033107344852041, 5.172566937975837 ], [ -72.033053531051323, 5.172512478472979 ], [ -72.033107597487486, 5.172512731762497 ], [ -72.033107344852041, 5.172566937975837 ] ] ], [ [ [ -72.035420968129159, 5.17499000668022 ], [ -72.035421094408235, 5.174962903518516 ], [ -72.035475161168904, 5.17496315672564 ], [ -72.035420968129159, 5.17499000668022 ] ] ], [ [ [ -72.036311050110342, 5.175427834966349 ], [ -72.035475034892116, 5.174990259888679 ], [ -72.036689644309959, 5.175402503754141 ], [ -72.036932187839469, 5.175566261950328 ], [ -72.036311050110342, 5.175427834966349 ] ] ], [ [ [ -72.039420528581502, 5.175306867538267 ], [ -72.040095105188882, 5.175581061004435 ], [ -72.039931516915345, 5.175878438455838 ], [ -72.039716005399939, 5.175714807341706 ], [ -72.039472577647643, 5.175740772598045 ], [ -72.039256814103737, 5.175631347932523 ], [ -72.038905504776494, 5.175602600642978 ], [ -72.039203125499924, 5.175549785252514 ], [ -72.039420528581502, 5.175306867538267 ] ] ], [ [ [ -72.038581229074509, 5.175573979661599 ], [ -72.038121155234919, 5.175680242165035 ], [ -72.038040180992965, 5.175652759413246 ], [ -72.038013904619916, 5.175490013552504 ], [ -72.038581229074509, 5.175573979661599 ] ] ], [ [ [ -72.036932061609903, 5.175593365148742 ], [ -72.03695922128226, 5.175566388504702 ], [ -72.036959095053831, 5.175593491703781 ], [ -72.036932061609903, 5.175593365148742 ] ] ], [ [ [ -72.039498223753213, 5.176039034923513 ], [ -72.039498097621276, 5.176066138184726 ], [ -72.039444030569186, 5.176065885267168 ], [ -72.039498223753213, 5.176039034923513 ] ] ], [ [ [ -72.010244713211719, 5.072096372636679 ], [ -72.010730102061288, 5.072342548851797 ], [ -72.010973233424991, 5.072370777653441 ], [ -72.010296897958895, 5.072503162322119 ], [ -72.010001082871796, 5.072176554114961 ], [ -72.010244713211719, 5.072096372636679 ] ] ], [ [ [ -72.009909759982435, 5.074398593121079 ], [ -72.008908830660843, 5.074583677384063 ], [ -72.008748908261055, 5.074095079227564 ], [ -72.008965760666442, 5.073960568312578 ], [ -72.009939660458556, 5.073775358178892 ], [ -72.010235475755195, 5.074101966812724 ], [ -72.010153641037476, 5.074264206940018 ], [ -72.009909759982435, 5.074398593121079 ] ] ], [ [ [ -72.012187768717993, 5.072755844528449 ], [ -72.012619351902501, 5.0729475644961 ], [ -72.012618603525368, 5.073110180595327 ], [ -72.012455559135176, 5.073299148885755 ], [ -72.011967423543098, 5.073649231836314 ], [ -72.011098391493803, 5.074539614874752 ], [ -72.010443712365628, 5.075837536525572 ], [ -72.01039127871384, 5.075484951926938 ], [ -72.010502140206626, 5.074889194986956 ], [ -72.010857007028832, 5.074131948702513 ], [ -72.011291585389074, 5.073673206278225 ], [ -72.011591270083713, 5.073159632295085 ], [ -72.011971166400286, 5.072836151830033 ], [ -72.012187768717993, 5.072755844528449 ] ] ], [ [ [ -72.010261755135673, 5.074264707751894 ], [ -72.010124115098662, 5.074806134133122 ], [ -72.010148645980323, 5.075348311754452 ], [ -72.010067310490811, 5.075402141288659 ], [ -72.01004252993755, 5.074914168939171 ], [ -72.010261755135673, 5.074264707751894 ] ] ], [ [ [ -71.987229427786758, 5.086706126179253 ], [ -71.987202020921245, 5.086787305818112 ], [ -71.98706662628426, 5.08684087749191 ], [ -71.987121061639598, 5.086759824349657 ], [ -71.987229427786758, 5.086706126179253 ] ] ], [ [ [ -71.987607321984072, 5.086816304878546 ], [ -71.987607195867255, 5.086843406926054 ], [ -71.987580167381623, 5.086843280465087 ], [ -71.987607321984072, 5.086816304878546 ] ] ], [ [ [ -71.987634098237166, 5.086870635434051 ], [ -71.987633972120122, 5.086897737482186 ], [ -71.987606943631562, 5.086897611020996 ], [ -71.987634098237166, 5.086870635434051 ] ] ], [ [ [ -71.987145819582892, 5.087247787472734 ], [ -71.987118917239272, 5.087220558947424 ], [ -71.987145945729097, 5.087220685437092 ], [ -71.987145819582892, 5.087247787472734 ] ] ], [ [ [ -71.986711092736641, 5.087733599932965 ], [ -71.986791295010974, 5.087923693671769 ], [ -71.987061075478138, 5.088033366960758 ], [ -71.987194956422115, 5.088305019871395 ], [ -71.9872212279286, 5.08846775860399 ], [ -71.987140520827893, 5.088386072944894 ], [ -71.987113366112979, 5.088413048459922 ], [ -71.987273770910718, 5.08879323608741 ], [ -71.987623375857609, 5.08917430943323 ], [ -71.987648007023253, 5.089689374831334 ], [ -71.987593823624195, 5.089716223815352 ], [ -71.987540397363887, 5.089580460531416 ], [ -71.987486466358348, 5.089553105424846 ], [ -71.987565785473706, 5.089932913634445 ], [ -71.986052689197066, 5.089817417667766 ], [ -71.985594087497063, 5.089625551352745 ], [ -71.985405771585533, 5.08943495109773 ], [ -71.98612542448592, 5.0858065734862 ], [ -71.986934763479866, 5.086135592259309 ], [ -71.987311900548718, 5.086408383149193 ], [ -71.987176506005099, 5.086461954899151 ], [ -71.987148846903693, 5.086597338610964 ], [ -71.986795963138889, 5.086920918686666 ], [ -71.986741023098787, 5.087110379871363 ], [ -71.98706662628426, 5.08684087749191 ], [ -71.986903572420459, 5.087029832782085 ], [ -71.986820973090659, 5.087354677623621 ], [ -71.987037705623152, 5.08724728150457 ], [ -71.987118664943935, 5.087274763017294 ], [ -71.986711092736641, 5.087733599932965 ] ] ], [ [ [ -71.998512610169215, 5.101584111362651 ], [ -71.99848545476722, 5.101611087302191 ], [ -71.998485580795744, 5.10158398499497 ], [ -71.998512610169215, 5.101584111362651 ] ] ], [ [ [ -71.998539513517102, 5.10161134003777 ], [ -71.998539387490155, 5.101638442346311 ], [ -71.998512358113757, 5.101638315978415 ], [ -71.998539513517102, 5.10161134003777 ] ] ], [ [ [ -71.999293942273951, 5.102129822076488 ], [ -71.999293564247424, 5.10221112905722 ], [ -71.999212854028741, 5.10212944302821 ], [ -71.999213106049808, 5.102075238378347 ], [ -71.999293942273951, 5.102129822076488 ] ] ], [ [ [ -71.996803329070445, 5.102958363485417 ], [ -71.996261101352317, 5.103308163054182 ], [ -71.996287752249813, 5.103389596310584 ], [ -71.995529793685876, 5.103629973802891 ], [ -71.995583347648903, 5.103738635818853 ], [ -71.995043391087023, 5.103600593622597 ], [ -71.994236297634131, 5.102783730234894 ], [ -71.994506212164566, 5.102866302565164 ], [ -71.994345298514943, 5.102594521112539 ], [ -71.994129064038759, 5.102593508537056 ], [ -71.993860159684445, 5.102294118615506 ], [ -71.993617148622562, 5.102238774976182 ], [ -71.992732506225124, 5.100662671432409 ], [ -71.992519428896131, 5.099984104717993 ], [ -71.992762060190202, 5.100120754716041 ], [ -71.993353672914466, 5.100773991362662 ], [ -71.993463430552254, 5.100422169236825 ], [ -71.993759615981105, 5.100667480936761 ], [ -71.993922548464369, 5.100505627018286 ], [ -71.994083714252682, 5.100723203783502 ], [ -71.995056893030636, 5.100700655982711 ], [ -71.995436059400816, 5.100539813349291 ], [ -71.995437699035463, 5.100187484331982 ], [ -71.995546446571552, 5.100052478995414 ], [ -71.995735020703094, 5.100188875344563 ], [ -71.995762932687384, 5.099999286110184 ], [ -71.996140459473168, 5.100190771958865 ], [ -71.99649272238814, 5.100002699674064 ], [ -71.996464306280259, 5.100300698098176 ], [ -71.996978618861036, 5.100140486278673 ], [ -71.99708623175782, 5.100249400947276 ], [ -71.996761376142729, 5.100356293197114 ], [ -71.997301457659901, 5.100467230293686 ], [ -71.997111874420952, 5.100547652354178 ], [ -71.997705762864143, 5.100713046620516 ], [ -71.997947262273357, 5.101093616111809 ], [ -71.997837632355811, 5.101418338083793 ], [ -71.998483816334712, 5.101963417293696 ], [ -71.998699673379136, 5.102045735215675 ], [ -71.998700429550937, 5.101883121342097 ], [ -71.998539135434257, 5.101692646963305 ], [ -71.99859344624501, 5.101638695078704 ], [ -71.998781895793527, 5.101802193493532 ], [ -71.998942181851461, 5.10220948641467 ], [ -71.999023774165721, 5.102101456222322 ], [ -71.999104106290758, 5.102264449225457 ], [ -71.999320215637994, 5.10229256238894 ], [ -71.999374652508934, 5.102211508101361 ], [ -71.999562976469718, 5.102402108832744 ], [ -71.999779337958756, 5.102376017202646 ], [ -71.999940380693303, 5.102620696267657 ], [ -72.00007565395228, 5.102594225570665 ], [ -72.000318037223337, 5.102785078925865 ], [ -72.000858248860339, 5.102868912211617 ], [ -72.001397831189919, 5.103088257017983 ], [ -72.002151761547637, 5.103715147629791 ], [ -72.002473597830047, 5.104258710842481 ], [ -72.001392540972248, 5.104226556898299 ], [ -71.999364821941796, 5.104325489676822 ], [ -71.999014573011507, 5.104079925530403 ], [ -71.999043241314126, 5.103727721788071 ], [ -71.998908472126971, 5.103645782837166 ], [ -71.999097552379069, 5.10367376993981 ], [ -71.998235131176529, 5.103127678758905 ], [ -71.997803164734705, 5.103017246787279 ], [ -71.997424626867129, 5.10304257890256 ], [ -71.997128060139062, 5.102878574262838 ], [ -71.996803329070445, 5.102958363485417 ] ], [ [ -71.99845136665013, 5.103128690057947 ], [ -71.99796559341344, 5.102963800774935 ], [ -71.998289190040865, 5.103127931590471 ], [ -71.99845136665013, 5.103128690057947 ] ], [ [ -71.998398190252715, 5.102938721113166 ], [ -71.998398064186887, 5.102965823417117 ], [ -71.998668358508496, 5.102967087421042 ], [ -71.99885806875632, 5.102859562894636 ], [ -71.998398190252715, 5.102938721113166 ] ], [ [ -71.999561842412604, 5.102646029832684 ], [ -71.999723641080081, 5.102728094919106 ], [ -71.999562094430047, 5.102591825166183 ], [ -71.999561842412604, 5.102646029832684 ] ], [ [ -71.994750990693731, 5.102542215069747 ], [ -71.994616348953272, 5.1024331734712 ], [ -71.994535134804224, 5.102459896017893 ], [ -71.994750990693731, 5.102542215069747 ] ] ], [ [ [ -71.999320593667221, 5.102211255406401 ], [ -71.999320341648414, 5.102265460061453 ], [ -71.999293312226357, 5.102265333710924 ], [ -71.999320593667221, 5.102211255406401 ] ] ], [ [ [ -72.001128921598351, 5.10278886804006 ], [ -72.000859382477685, 5.102624990922232 ], [ -72.00148005315063, 5.102844714434398 ], [ -72.001128921598351, 5.10278886804006 ] ] ], [ [ [ -72.001506830784592, 5.10289904547033 ], [ -72.001533986220892, 5.102872069361166 ], [ -72.001533860288291, 5.102899171743377 ], [ -72.001506830784592, 5.10289904547033 ] ] ], [ [ [ -71.998800606383611, 5.103591072595811 ], [ -71.998800480318465, 5.103618174909194 ], [ -71.998773450852724, 5.103618048503384 ], [ -71.998800606383611, 5.103591072595811 ] ] ], [ [ [ -71.998881568719796, 5.10361855411982 ], [ -71.998881442657364, 5.103645656435218 ], [ -71.998827383720197, 5.103645403627919 ], [ -71.998881568719796, 5.10361855411982 ] ] ], [ [ [ -72.008116636076139, 5.105613100442653 ], [ -72.008089480569922, 5.105640076922994 ], [ -72.008089606295272, 5.105612974379754 ], [ -72.008116636076139, 5.105613100442653 ] ] ], [ [ [ -72.011107021582092, 5.107768193155235 ], [ -72.011025303464592, 5.107903328253804 ], [ -72.011213507900607, 5.108121031151192 ], [ -72.011185723983616, 5.108283520865577 ], [ -72.011373802878737, 5.108528326432967 ], [ -72.011426354916125, 5.108853809908727 ], [ -72.011345139253251, 5.108880534517003 ], [ -72.011664975242184, 5.109857741163597 ], [ -72.01158174839108, 5.110318107754932 ], [ -72.011528819509664, 5.110073932063912 ], [ -72.011474256627409, 5.110182090499462 ], [ -72.011333449102224, 5.111401078203141 ], [ -72.011309059245022, 5.110831797141148 ], [ -72.011171897178784, 5.111264808691554 ], [ -72.011036495234919, 5.111318383537287 ], [ -72.011035615021612, 5.111508101819053 ], [ -72.010954273220463, 5.11156192877961 ], [ -72.010658325519046, 5.11126241310472 ], [ -72.009795627442443, 5.110770531044764 ], [ -72.009418968053524, 5.110389329263677 ], [ -72.009177584846299, 5.109981655595319 ], [ -72.008856621390379, 5.109248372919974 ], [ -72.008831226572724, 5.108895913534606 ], [ -72.008995669924076, 5.10840882405462 ], [ -72.008973292561748, 5.107405903119387 ], [ -72.008734549982492, 5.106429076346314 ], [ -72.008520448623145, 5.105967324449982 ], [ -72.008116510351897, 5.105640202986566 ], [ -72.008953428391493, 5.105860930911605 ], [ -72.009600636020991, 5.106189186348028 ], [ -72.01062312163333, 5.107196770462864 ], [ -72.010625885942005, 5.106600513147682 ], [ -72.010841119949163, 5.10681834184568 ], [ -72.011081373776364, 5.107469938389463 ], [ -72.011107021582092, 5.107768193155235 ] ], [ [ -72.011172903040205, 5.111047987769318 ], [ -72.011148136006312, 5.110560014632452 ], [ -72.011146250146098, 5.110966553857174 ], [ -72.011117962729884, 5.11123745392999 ], [ -72.011172903040205, 5.111047987769318 ] ] ], [ [ [ -72.011305916061289, 5.111509362606778 ], [ -72.011305664588363, 5.111563567843276 ], [ -72.011278634479083, 5.111563441768271 ], [ -72.011305916061289, 5.111509362606778 ] ] ], [ [ [ -72.011250975664993, 5.11169882877631 ], [ -72.011278131520569, 5.11167185223835 ], [ -72.011278005779261, 5.11169895485581 ], [ -72.011250975664993, 5.11169882877631 ] ] ], [ [ [ -72.012071052224726, 5.115551310990267 ], [ -72.011882091792145, 5.115496222722277 ], [ -72.011800120217345, 5.11568556266676 ], [ -72.011637560982777, 5.115766113585514 ], [ -72.011500521953153, 5.116172022043447 ], [ -72.011752224024903, 5.114357281662849 ], [ -72.011754865412371, 5.113788126490183 ], [ -72.011649008452665, 5.113299774788647 ], [ -72.011729847502608, 5.113354358346177 ], [ -72.012054461392466, 5.113301666200725 ], [ -72.012341732590357, 5.115471264413678 ], [ -72.012071052224726, 5.115551310990267 ] ] ], [ [ [ -72.008227035332169, 5.128380241169229 ], [ -72.008226909049, 5.128407343696744 ], [ -72.008199878308815, 5.128407217077284 ], [ -72.008227035332169, 5.128380241169229 ] ] ], [ [ [ -72.008926678241551, 5.129061096473966 ], [ -72.008953835295998, 5.129034120533823 ], [ -72.008953709027281, 5.129061223078787 ], [ -72.008926678241551, 5.129061096473966 ] ] ], [ [ [ -72.008899647456516, 5.129060969868005 ], [ -72.008899521184858, 5.129088072411649 ], [ -72.008872490399312, 5.129087945803876 ], [ -72.008899647456516, 5.129060969868005 ] ] ], [ [ [ -72.008200257159729, 5.128325909496709 ], [ -72.008172973854755, 5.128379987930514 ], [ -72.007957485725157, 5.128216359804998 ], [ -72.008037188710617, 5.128514867427377 ], [ -72.008334274330551, 5.128570465343605 ], [ -72.00857590950497, 5.128923937829263 ], [ -72.008926930780561, 5.12900689138527 ], [ -72.008629718488194, 5.12897839613479 ], [ -72.008899268639524, 5.12914227749886 ], [ -72.009062084704595, 5.129007524391254 ], [ -72.009063726068334, 5.128655191268326 ], [ -72.009011053308257, 5.128356810071193 ], [ -72.008823100557507, 5.128084898527359 ], [ -72.009147217032421, 5.128140622575447 ], [ -72.009337189682682, 5.1279788932291 ], [ -72.009227551871618, 5.128303617605733 ], [ -72.009658781894672, 5.128576668275054 ], [ -72.009685181538842, 5.128712307654808 ], [ -72.010008541313013, 5.128930646921151 ], [ -72.010788270409265, 5.129828702061941 ], [ -72.011269146826194, 5.131050596764417 ], [ -72.011296556409022, 5.130969415514211 ], [ -72.011350365827667, 5.131023873822091 ], [ -72.011536300690736, 5.13172942744252 ], [ -72.011831243138033, 5.132245769208983 ], [ -72.012612744376966, 5.132764389023505 ], [ -72.013392606717815, 5.133635343080929 ], [ -72.013284229968519, 5.133689042253563 ], [ -72.013471807039195, 5.134042262462447 ], [ -72.013710165061042, 5.13510040492424 ], [ -72.013280948520574, 5.134393711112591 ], [ -72.01209789256616, 5.133033010746804 ], [ -72.011964504716815, 5.132652941254604 ], [ -72.01164227868189, 5.132190678036563 ], [ -72.010539185786342, 5.131074281939415 ], [ -72.008384799705965, 5.129329589445636 ], [ -72.008331874831086, 5.129085413408991 ], [ -72.008250151014295, 5.129220546147543 ], [ -72.008007884545449, 5.129002586188764 ], [ -72.007715093306402, 5.128025502523818 ], [ -72.007796564318355, 5.127944574860762 ], [ -72.007985653025003, 5.127972563734523 ], [ -72.008200257159729, 5.128325909496709 ] ] ], [ [ [ -72.013710038843058, 5.13512750758236 ], [ -72.013737196219608, 5.13510053147518 ], [ -72.013737070002747, 5.135127634133971 ], [ -72.013710038843058, 5.13512750758236 ] ] ], [ [ [ -72.013790501241118, 5.135263400534167 ], [ -72.013790627459073, 5.135236297874113 ], [ -72.013817658625328, 5.135236424424986 ], [ -72.013790501241118, 5.135263400534167 ] ] ], [ [ [ -72.013844563576583, 5.135263653636112 ], [ -72.013844437360234, 5.135290756297451 ], [ -72.013817406191038, 5.135290629746377 ], [ -72.013844563576583, 5.135263653636112 ] ] ] ] } },
{ "type": "Feature", "properties": { "PATTERN": "Sporadic Cold Spot", "Shape_Area": 477359.99999960046 }, "geometry": { "type": "MultiPolygon", "coordinates": [ [ [ [ -72.051425403762678, 5.104458415341077 ], [ -72.051071029815887, 5.105107287045579 ], [ -72.050584103401789, 5.105186361291283 ], [ -72.050017076303092, 5.105048233594096 ], [ -72.050776788657913, 5.104428330348828 ], [ -72.051589941996227, 5.103944191822828 ], [ -72.051425403762678, 5.104458415341077 ] ], [ [ -72.051017339908256, 5.105025727746479 ], [ -72.051371466043278, 5.104431063302919 ], [ -72.051426766373751, 5.104160275574998 ], [ -72.05069507676744, 5.104563475615837 ], [ -72.050152230262796, 5.105048855003375 ], [ -72.050719629231253, 5.1051056718068 ], [ -72.051017339908256, 5.105025727746479 ] ] ], [ [ [ -72.052844289262993, 5.107473501935501 ], [ -72.052682599096258, 5.107364341994884 ], [ -72.052710621182655, 5.107147637070098 ], [ -72.0533071600005, 5.106743814799725 ], [ -72.053739655153763, 5.10674580165149 ], [ -72.054334955315085, 5.106613014676082 ], [ -72.054712150887269, 5.106885789473139 ], [ -72.054656850882722, 5.107156578128008 ], [ -72.054195961979858, 5.107452608061195 ], [ -72.053169032473249, 5.107393681582222 ], [ -72.052844289262993, 5.107473501935501 ] ], [ [ -72.054225717137086, 5.10685645123891 ], [ -72.053901345557975, 5.106854961340749 ], [ -72.053630416757585, 5.106989237968887 ], [ -72.053279138195663, 5.106960519879135 ], [ -72.052954147462685, 5.107094547723811 ], [ -72.052872187439618, 5.107283900623698 ], [ -72.054115488182447, 5.107316717162679 ], [ -72.054278169411546, 5.10720904741512 ], [ -72.054360252918499, 5.106992590405794 ], [ -72.054225717137086, 5.10685645123891 ] ] ], [ [ [ -72.047624719748669, 5.108018679358367 ], [ -72.04778764958796, 5.10785680494688 ], [ -72.048247422377102, 5.107804713309711 ], [ -72.048462552519368, 5.108049640536631 ], [ -72.048434156604799, 5.108347655035696 ], [ -72.048217040743125, 5.108536384277789 ], [ -72.047757143274652, 5.108615579109753 ], [ -72.047569292609523, 5.108316569130281 ], [ -72.047624719748669, 5.108018679358367 ] ] ], [ [ [ -72.091031993608212, 5.109355485995059 ], [ -72.091463037350167, 5.109682703463275 ], [ -72.092164279489737, 5.110038251840181 ], [ -72.092217976637102, 5.110119810909349 ], [ -72.091516734371154, 5.109764262524523 ], [ -72.091031993608212, 5.109355485995059 ] ] ], [ [ [ -72.092460164270904, 5.110364856016189 ], [ -72.092592144704298, 5.111070189051034 ], [ -72.092564011815256, 5.111314007915667 ], [ -72.092293201670216, 5.111421199841205 ], [ -72.091887720476464, 5.11141935984962 ], [ -72.0914833406746, 5.111173578336873 ], [ -72.091187334143555, 5.110874078365141 ], [ -72.090758492799068, 5.110058978116806 ], [ -72.090625657705701, 5.109543377909047 ], [ -72.090735253723082, 5.109218613808904 ], [ -72.090897445462545, 5.109219349811532 ], [ -72.091031993608212, 5.109355485995059 ], [ -72.090761796309792, 5.109327154756136 ], [ -72.090706019488152, 5.10970637335869 ], [ -72.090865886614452, 5.110222096292945 ], [ -72.091241398214663, 5.110874323745057 ], [ -72.091887965167956, 5.111365150660096 ], [ -72.092483037877059, 5.111286535370499 ], [ -72.092432643029298, 5.110473151825428 ], [ -72.092217854335516, 5.110146915513146 ], [ -72.092272040694709, 5.110120056166299 ], [ -72.092460164270904, 5.110364856016189 ] ] ], [ [ [ -72.058451776327402, 5.110778873855994 ], [ -72.059178650826482, 5.111432714471453 ], [ -72.059258507458651, 5.11170412463562 ], [ -72.05925566161028, 5.112327512045687 ], [ -72.059146051347099, 5.11265226131682 ], [ -72.058765261042183, 5.113165495989134 ], [ -72.057979495054482, 5.113568452757423 ], [ -72.057573901159287, 5.11359369405035 ], [ -72.057223237012323, 5.113429457202118 ], [ -72.056927255032704, 5.113129949939978 ], [ -72.056686822162916, 5.112505446240969 ], [ -72.056336778263528, 5.112205690730319 ], [ -72.056310614030338, 5.112015840440095 ], [ -72.056773736136776, 5.111231943022971 ], [ -72.057126627571037, 5.110908311888661 ], [ -72.057668242053651, 5.110693964107748 ], [ -72.058262928918026, 5.110696694018031 ], [ -72.058451776327402, 5.110778873855994 ] ], [ [ -72.058630351901954, 5.113110667842 ], [ -72.058874624157596, 5.112894954529612 ], [ -72.059065452373261, 5.112543473877317 ], [ -72.059177042388924, 5.111785063856348 ], [ -72.059097185806493, 5.11151365369658 ], [ -72.058289217688269, 5.110859440758662 ], [ -72.057424094698732, 5.110882573464195 ], [ -72.057207349824481, 5.11098999551912 ], [ -72.056799900618316, 5.111421793358732 ], [ -72.056607462286166, 5.112125621387719 ], [ -72.05733222920729, 5.113240227664871 ], [ -72.057655862013348, 5.11340434024581 ], [ -72.057980237986769, 5.113405830149718 ], [ -72.058630351901954, 5.113110667842 ] ] ], [ [ [ -72.077166255479952, 5.114903111679713 ], [ -72.07689692133161, 5.114685044007329 ], [ -72.076358745915869, 5.114140491769036 ], [ -72.076467734580561, 5.113951255808895 ], [ -72.076496242997479, 5.113626128560862 ], [ -72.076362683657251, 5.113273156850721 ], [ -72.076258001650842, 5.112513745345746 ], [ -72.076124442353148, 5.112160773782341 ], [ -72.075909172846124, 5.111942953238383 ], [ -72.075963605349955, 5.111861887333297 ], [ -72.077342346283714, 5.111841072792359 ], [ -72.077963338826962, 5.112006533881824 ], [ -72.079366164795772, 5.112636341358495 ], [ -72.079661917266179, 5.112990052701458 ], [ -72.079982120992639, 5.11391307770403 ], [ -72.079981506448846, 5.114048599223941 ], [ -72.079709097746161, 5.114508139821954 ], [ -72.079789578822258, 5.114644031097472 ], [ -72.080140256283457, 5.114808259251022 ], [ -72.080708049915202, 5.114783742954437 ], [ -72.081706758035011, 5.115113553703089 ], [ -72.081976340777985, 5.115277411679174 ], [ -72.08246267115652, 5.115333837551504 ], [ -72.082894323669208, 5.115525538674055 ], [ -72.083027887137035, 5.115878511315654 ], [ -72.083025184795488, 5.116474807588661 ], [ -72.082861272438734, 5.116853529754202 ], [ -72.082589600035263, 5.117150445854391 ], [ -72.082291755523599, 5.117257507969645 ], [ -72.081559553772834, 5.117769163082503 ], [ -72.08142316389555, 5.118039590112932 ], [ -72.081206784165516, 5.118065708209303 ], [ -72.080180794977622, 5.117789979523777 ], [ -72.079533378930819, 5.117488872299083 ], [ -72.078940519904336, 5.117079594378882 ], [ -72.078048710424966, 5.117021314489699 ], [ -72.077643969346639, 5.11685683800443 ], [ -72.077457945630499, 5.116151263883831 ], [ -72.077595566361509, 5.115609795965454 ], [ -72.077543717360243, 5.11512167282388 ], [ -72.077490145754865, 5.115013009115108 ], [ -72.077166255479952, 5.114903111679713 ] ], [ [ -72.078896296171905, 5.11491100560066 ], [ -72.078978252693972, 5.11472164556172 ], [ -72.079411623833181, 5.114533888159039 ], [ -72.079628862558309, 5.114318039965149 ], [ -72.079713031263182, 5.113640802307601 ], [ -72.07950009492076, 5.112908000435559 ], [ -72.07928470061033, 5.112717284522945 ], [ -72.077828057070718, 5.112033021742757 ], [ -72.077260882147897, 5.111922015612646 ], [ -72.076098394832599, 5.111943816735363 ], [ -72.076366128625864, 5.112514238775531 ], [ -72.07647081076982, 5.113273650335937 ], [ -72.07660437018221, 5.113626622057523 ], [ -72.07660301667768, 5.113924768500072 ], [ -72.076493781929969, 5.114168212946942 ], [ -72.077193656487012, 5.114821922351591 ], [ -72.077598642367647, 5.114932189841872 ], [ -72.077705908670112, 5.115122413012849 ], [ -72.077784912751056, 5.115583555332953 ], [ -72.077593843617734, 5.11598925538761 ], [ -72.077592736071225, 5.116233193584894 ], [ -72.077672232027041, 5.116585918954276 ], [ -72.077833316138822, 5.11683059756744 ], [ -72.079103573038594, 5.116890604536077 ], [ -72.079803822270094, 5.117463001357668 ], [ -72.080397543397837, 5.117682548812704 ], [ -72.081153949524875, 5.117794418347121 ], [ -72.081858627653105, 5.117391058049557 ], [ -72.082428513419899, 5.116905767361933 ], [ -72.082590828758256, 5.116879402206854 ], [ -72.082753758405531, 5.116717515158366 ], [ -72.082863483757862, 5.116365651063536 ], [ -72.082730288974219, 5.115931365278954 ], [ -72.082407501554869, 5.11557753047234 ], [ -72.081598261498968, 5.115194373950915 ], [ -72.080734467370405, 5.11491938778817 ], [ -72.079976835376797, 5.115078562754029 ], [ -72.079895493680212, 5.115132401557048 ], [ -72.079921296197213, 5.115403567840231 ], [ -72.079839708541257, 5.115511615208025 ], [ -72.079542357076164, 5.115510259050746 ], [ -72.078896296171905, 5.11491100560066 ] ] ], [ [ [ -72.051413380475267, 5.112996177189976 ], [ -72.051820708875184, 5.112591489079533 ], [ -72.052335665228213, 5.112295712382322 ], [ -72.052741752621316, 5.112162059494511 ], [ -72.053417655685294, 5.112138064045604 ], [ -72.054011597849055, 5.112303420697992 ], [ -72.054685766687157, 5.112658875599901 ], [ -72.055550518364967, 5.112717059160667 ], [ -72.055873282725486, 5.113070898249571 ], [ -72.056113714526333, 5.11369540191143 ], [ -72.056329221569982, 5.11385901813932 ], [ -72.05627441551502, 5.114021392027126 ], [ -72.056058288897589, 5.113993294360893 ], [ -72.055652075675042, 5.114154052789225 ], [ -72.055621201989211, 5.114994143509848 ], [ -72.055483441894253, 5.115562699859071 ], [ -72.05518336898119, 5.116157613732402 ], [ -72.054938970406695, 5.116400427878656 ], [ -72.054992289057125, 5.116563298735351 ], [ -72.055477614212364, 5.11683657396922 ], [ -72.055474513782556, 5.117514166557697 ], [ -72.055203207036783, 5.117729752502371 ], [ -72.054662454130494, 5.11775436848371 ], [ -72.053637866157985, 5.117180463748673 ], [ -72.052178544674192, 5.117092432193599 ], [ -72.051638787066963, 5.11690021698089 ], [ -72.050423247582358, 5.116704888089473 ], [ -72.049991616685602, 5.116513170148296 ], [ -72.049830174496066, 5.116349801348848 ], [ -72.049726024775623, 5.115481989037605 ], [ -72.049918472566759, 5.114778168068502 ], [ -72.050271740758404, 5.114373233126444 ], [ -72.050922723868069, 5.113888356106856 ], [ -72.051413380475267, 5.112996177189976 ] ], [ [ -72.055062468870588, 5.113040067064423 ], [ -72.054225120322926, 5.112900695890211 ], [ -72.053983574946557, 5.112520125772929 ], [ -72.053606130044713, 5.112301556183511 ], [ -72.0530656305381, 5.112271966117802 ], [ -72.052551666410906, 5.112350914521082 ], [ -72.051874399003651, 5.112673048718106 ], [ -72.051385604782155, 5.113158674411048 ], [ -72.050976289724531, 5.113997019410631 ], [ -72.050135218881692, 5.114670749933954 ], [ -72.049917230607917, 5.115049203760209 ], [ -72.049834398087953, 5.115428280096265 ], [ -72.049885230853775, 5.116133221942505 ], [ -72.049992362064543, 5.116350548730043 ], [ -72.050342650600527, 5.116596100120142 ], [ -72.051693346395226, 5.11679205154224 ], [ -72.052422199261613, 5.11701224163413 ], [ -72.053665518005076, 5.117045069878453 ], [ -72.054097275764349, 5.117209682503686 ], [ -72.054366349115853, 5.117481963286841 ], [ -72.054663074449877, 5.1176188500678 ], [ -72.05523110675685, 5.117540150995508 ], [ -72.055312697210738, 5.117432109297147 ], [ -72.055341589012926, 5.117025678155788 ], [ -72.055180392676448, 5.116808102458415 ], [ -72.054775913889571, 5.1165894075511 ], [ -72.054722471274985, 5.116453640392519 ], [ -72.054994149321757, 5.116156743349383 ], [ -72.055348533044679, 5.115507870894386 ], [ -72.055382134451449, 5.114071498939627 ], [ -72.055518158520371, 5.113882394362239 ], [ -72.055734904600641, 5.113774973612623 ], [ -72.055735524209624, 5.113639455048599 ], [ -72.05535894517871, 5.113231159850218 ], [ -72.055062468870588, 5.113040067064423 ] ] ], [ [ [ -72.06139775820759, 5.1168095695616 ], [ -72.06174830233347, 5.117000909636924 ], [ -72.062099960368769, 5.116948314847912 ], [ -72.062208829069306, 5.116786187882886 ], [ -72.062182910992519, 5.116542129014617 ], [ -72.061834098923327, 5.115971335205619 ], [ -72.061808799422806, 5.115591757118723 ], [ -72.061999133391851, 5.115348690612675 ], [ -72.06237844042235, 5.115160699794252 ], [ -72.062298953676347, 5.114807977422837 ], [ -72.062353882351729, 5.114618498310769 ], [ -72.062462255648441, 5.114564786535456 ], [ -72.062596794843202, 5.114700925875089 ], [ -72.062866986250228, 5.114729269589569 ], [ -72.063055588632821, 5.114865656861054 ], [ -72.064136973564715, 5.114843510959234 ], [ -72.06454096382565, 5.115170616861033 ], [ -72.064836210262385, 5.115632746765904 ], [ -72.065046283381562, 5.11698893498076 ], [ -72.065018139197747, 5.117232746472315 ], [ -72.064394432651682, 5.117663558121477 ], [ -72.064311482712313, 5.118069744949632 ], [ -72.064121518870195, 5.11823150042383 ], [ -72.063769488513842, 5.11836540773156 ], [ -72.062958909471831, 5.118280374735097 ], [ -72.063037653548903, 5.11879572076969 ], [ -72.062927299335982, 5.119283094402083 ], [ -72.062763747715195, 5.119580492549113 ], [ -72.061950444310312, 5.1200917423898 ], [ -72.061382406972243, 5.120170446607548 ], [ -72.060411000418782, 5.11978652217151 ], [ -72.059279884113266, 5.11885977558909 ], [ -72.05914893848751, 5.117937625489289 ], [ -72.059234244611972, 5.117016469083179 ], [ -72.059369897598913, 5.116908674804557 ], [ -72.059531962866345, 5.116936523655197 ], [ -72.059720069008534, 5.117181327098042 ], [ -72.059855226696641, 5.117181947933008 ], [ -72.060451777768534, 5.116778121887224 ], [ -72.060776403826694, 5.116725403688648 ], [ -72.06139775820759, 5.1168095695616 ] ], [ [ -72.064055137322271, 5.115005762664778 ], [ -72.06281156305289, 5.115027164366102 ], [ -72.062539640141338, 5.11537827485039 ], [ -72.062052083131405, 5.115592873462086 ], [ -72.062023567120221, 5.115917995807893 ], [ -72.062344234414013, 5.116732600401207 ], [ -72.06234299720677, 5.117003639119321 ], [ -72.062261407517283, 5.117111682428246 ], [ -72.061828530834518, 5.117191008884832 ], [ -72.061315797172981, 5.116998924213004 ], [ -72.060586068897678, 5.116968469321059 ], [ -72.060395857615163, 5.117184430988478 ], [ -72.060152326026412, 5.117237521305753 ], [ -72.059908051435301, 5.117453234378154 ], [ -72.059475422833131, 5.117478351337981 ], [ -72.059339274212391, 5.117694560769227 ], [ -72.059282238057307, 5.118344803475049 ], [ -72.059388010501294, 5.118860272496105 ], [ -72.060411372034892, 5.11970521070505 ], [ -72.061220836005361, 5.120034182346927 ], [ -72.061788501690657, 5.120036789781621 ], [ -72.062384561106825, 5.119741378268706 ], [ -72.062737953672453, 5.119309329656434 ], [ -72.06279461591015, 5.118740396341297 ], [ -72.062445308031684, 5.118278017394648 ], [ -72.06255516701215, 5.117899059447841 ], [ -72.062825854571031, 5.117818988418295 ], [ -72.063581132658555, 5.118174812204547 ], [ -72.06390563645418, 5.118149196584945 ], [ -72.064149663632051, 5.117987689198891 ], [ -72.064205334638359, 5.117635586287147 ], [ -72.064883351734991, 5.117150814919733 ], [ -72.064728207475085, 5.115605147159471 ], [ -72.06440568239546, 5.115197101181167 ], [ -72.064055137322271, 5.115005762664778 ] ] ], [ [ [ -72.073238901511303, 5.122528699805057 ], [ -72.073210018340575, 5.12293513805546 ], [ -72.073047702299561, 5.12296149972743 ], [ -72.073021657527747, 5.122744542962374 ], [ -72.073238901511303, 5.122528699805057 ] ] ], [ [ [ -72.077911520064035, 5.123417423619784 ], [ -72.077882146427598, 5.1239322807185 ], [ -72.077745506162302, 5.124256913768642 ], [ -72.077365575172422, 5.124580434324606 ], [ -72.076526835063916, 5.124739227342464 ], [ -72.076364888143488, 5.12468427705283 ], [ -72.075127326165742, 5.123377587521489 ], [ -72.07488465339776, 5.123240953594483 ], [ -72.074994508773713, 5.122861989837827 ], [ -72.075130409467391, 5.122699983062273 ], [ -72.075861140595151, 5.122513591887293 ], [ -72.076455848110754, 5.122516311187611 ], [ -72.077320754567822, 5.122547369781683 ], [ -72.077806225189889, 5.122793531803864 ], [ -72.077911520064035, 5.123417423619784 ] ], [ [ -72.077311880451177, 5.12449887442525 ], [ -72.077637377081643, 5.124256419441856 ], [ -72.077801172887874, 5.123904805773247 ], [ -72.0778311626988, 5.123254427495036 ], [ -72.077724758905248, 5.122874473898784 ], [ -72.077563058536668, 5.122765315645003 ], [ -72.076293162033608, 5.122623986443266 ], [ -72.075806583123025, 5.122621761431857 ], [ -72.075400607613986, 5.12272832371502 ], [ -72.075183487160587, 5.122917063804107 ], [ -72.075128559535983, 5.123106545739756 ], [ -72.076365504734213, 5.124548756017261 ], [ -72.07660830178321, 5.124658285626084 ], [ -72.077311880451177, 5.12449887442525 ] ] ], [ [ [ -72.086347810724192, 5.128931138253733 ], [ -72.086534456465614, 5.129501194975068 ], [ -72.08712819225056, 5.129720743755989 ], [ -72.08731631452207, 5.129965547142594 ], [ -72.087451478246351, 5.129966163687601 ], [ -72.087641199370282, 5.12985860889731 ], [ -72.087723650197375, 5.129560829515323 ], [ -72.087941141568763, 5.129290770918116 ], [ -72.08834712428974, 5.129184201852575 ], [ -72.088673237829653, 5.128806217735407 ], [ -72.089484834265349, 5.128674391412733 ], [ -72.089185999598172, 5.128998290438848 ], [ -72.088752492485938, 5.129213154971046 ], [ -72.088425763970534, 5.129726661511386 ], [ -72.08815519051376, 5.129779637840244 ], [ -72.087963747968288, 5.130266655622604 ], [ -72.087176107620508, 5.131076213618724 ], [ -72.086798386866235, 5.130911859955237 ], [ -72.086855527900937, 5.130234495247933 ], [ -72.086371768186908, 5.129608872735349 ], [ -72.086182662289858, 5.129580904863349 ], [ -72.086130319196485, 5.129201195997742 ], [ -72.085915041947345, 5.12898337373013 ], [ -72.085752968978554, 5.128955529192779 ], [ -72.085425993069094, 5.129523241754024 ], [ -72.085370204851458, 5.129902456890292 ], [ -72.085423654912347, 5.130038225786159 ], [ -72.08577471091472, 5.130121143100247 ], [ -72.085692136039867, 5.130446026098519 ], [ -72.08574435546484, 5.13085283932707 ], [ -72.08644326925905, 5.131723389610328 ], [ -72.08625280894249, 5.131993570256629 ], [ -72.086146031618867, 5.131694927802474 ], [ -72.08576929588655, 5.131313738036472 ], [ -72.085527970462806, 5.130878956517881 ], [ -72.085503522346642, 5.130309640205334 ], [ -72.085287629892065, 5.130227339737515 ], [ -72.085290460498896, 5.12960393809276 ], [ -72.085699518792836, 5.128819760332244 ], [ -72.085943796828843, 5.128604034971213 ], [ -72.086132656403336, 5.1286862116267 ], [ -72.086347810724192, 5.128931138253733 ] ] ], [ [ [ -72.077139334605008, 5.132710835969234 ], [ -72.077031204160704, 5.132710340726608 ], [ -72.077058730704294, 5.132602047670255 ], [ -72.077139705045894, 5.132629523311817 ], [ -72.077139334605008, 5.132710835969234 ] ] ], [ [ [ -72.082426273452, 5.135255784724156 ], [ -72.082099535877347, 5.135769283301286 ], [ -72.081610600401532, 5.136282039196604 ], [ -72.081364219655867, 5.136958533768269 ], [ -72.081416187493829, 5.137419554656398 ], [ -72.081198813361084, 5.137662503519146 ], [ -72.081092656549856, 5.137228339509948 ], [ -72.081230659485954, 5.136605559000462 ], [ -72.081530118693877, 5.136146146462693 ], [ -72.082018807340731, 5.135687599275255 ], [ -72.082372824358913, 5.13512001570981 ], [ -72.083350321359717, 5.134175813290873 ], [ -72.084297333108466, 5.133990407172898 ], [ -72.08421574173353, 5.134098454118693 ], [ -72.083756060275377, 5.134123458115361 ], [ -72.083376861165988, 5.134284354348232 ], [ -72.082426273452, 5.135255784724156 ] ] ], [ [ [ -72.081198689931242, 5.137689607832679 ], [ -72.081171657011097, 5.137689484075949 ], [ -72.081171780442091, 5.137662379763072 ], [ -72.081198689931242, 5.137689607832679 ] ] ], [ [ [ -72.079105543411245, 5.140227875826955 ], [ -72.079132576388332, 5.140227999732227 ], [ -72.079132452809162, 5.140255103993389 ], [ -72.079105543411245, 5.140227875826955 ] ] ], [ [ [ -72.079105296249992, 5.140282084348002 ], [ -72.079078263271271, 5.140281960440274 ], [ -72.079078386853368, 5.140254856180387 ], [ -72.079105296249992, 5.140282084348002 ] ] ], [ [ [ -72.079023826558725, 5.140363025396788 ], [ -72.079024073730793, 5.14030881687987 ], [ -72.079078016105086, 5.140336168959854 ], [ -72.079023826558725, 5.140363025396788 ] ] ], [ [ [ -72.078996669990417, 5.140390005741423 ], [ -72.078996793578597, 5.140362901483661 ], [ -72.079023702971696, 5.140390129655207 ], [ -72.078996669990417, 5.140390005741423 ] ] ], [ [ [ -72.078996546401598, 5.140417109999161 ], [ -72.078969513419835, 5.140416986083578 ], [ -72.078969637009791, 5.140389881826496 ], [ -72.078996546401598, 5.140417109999161 ] ] ], [ [ [ -72.07894235684698, 5.140443966423282 ], [ -72.078969389829197, 5.140444090340665 ], [ -72.07896926623792, 5.140471194597644 ], [ -72.07894235684698, 5.140443966423282 ] ] ], [ [ [ -72.078942109661469, 5.140498174935949 ], [ -72.078915076677561, 5.14049805101611 ], [ -72.078915200271766, 5.140470946760421 ], [ -72.078942109661469, 5.140498174935949 ] ] ], [ [ [ -72.078914953082659, 5.140525155271773 ], [ -72.078887920098353, 5.140525031350133 ], [ -72.078888043694377, 5.140497927095127 ], [ -72.078914953082659, 5.140525155271773 ] ] ], [ [ [ -72.078887796501661, 5.140552135605114 ], [ -72.078860763516829, 5.140552011681676 ], [ -72.078860887114672, 5.140524907427352 ], [ -72.078887796501661, 5.140552135605114 ] ] ], [ [ [ -72.078860639918361, 5.140579115936008 ], [ -72.07883360693306, 5.140578992010769 ], [ -72.078833730532679, 5.140551887757094 ], [ -72.078860639918361, 5.140579115936008 ] ] ], [ [ [ -72.078833359731831, 5.140633200518006 ], [ -72.078779170154746, 5.140660056913673 ], [ -72.078779417361858, 5.140605848409164 ], [ -72.078833359731831, 5.140633200518006 ] ] ], [ [ [ -72.078752013562323, 5.140687037234603 ], [ -72.07875213716801, 5.140659932983035 ], [ -72.078779046550196, 5.140687161165896 ], [ -72.078752013562323, 5.140687037234603 ] ] ], [ [ [ -72.078751766348972, 5.14074124573764 ], [ -72.078724733359479, 5.14074112180389 ], [ -72.078751889955967, 5.140714141486143 ], [ -72.078751766348972, 5.14074124573764 ] ] ], [ [ [ -72.045631360154275, 5.147635589732838 ], [ -72.045793555007023, 5.147636342740457 ], [ -72.046089911024524, 5.147854550726992 ], [ -72.046089160040239, 5.14801717141061 ], [ -72.045899682201679, 5.148070499805765 ], [ -72.04557616857619, 5.147879269634458 ], [ -72.045549762013479, 5.147743626950431 ], [ -72.045631360154275, 5.147635589732838 ] ], [ [ -72.045873776265239, 5.147826443323827 ], [ -72.045792678805867, 5.147826066821517 ], [ -72.04581933577029, 5.147907502645501 ], [ -72.045873776265239, 5.147826443323827 ] ] ], [ [ [ -72.072175709258445, 5.14816484486327 ], [ -72.071714656851185, 5.148487978941097 ], [ -72.071578250113859, 5.14875839753913 ], [ -72.071602676943584, 5.149327707450841 ], [ -72.071519963780474, 5.149679687002204 ], [ -72.071384053006639, 5.14984168909981 ], [ -72.07149764708258, 5.148649607969584 ], [ -72.071742434534102, 5.148325478911862 ], [ -72.072040791689659, 5.148110014731136 ], [ -72.072446785037627, 5.148003464162551 ], [ -72.072664042509501, 5.147787626350365 ], [ -72.073287292954035, 5.147465236997181 ], [ -72.073178292338838, 5.147654468452172 ], [ -72.072771927009612, 5.147842331985202 ], [ -72.072527512328307, 5.148085149565338 ], [ -72.072175709258445, 5.14816484486327 ] ] ], [ [ [ -72.071383928866936, 5.149868793164325 ], [ -72.07138380472658, 5.149895897228813 ], [ -72.071356771529523, 5.14989577276212 ], [ -72.071383928866936, 5.149868793164325 ] ] ], [ [ [ -72.067180386820581, 5.158658398515203 ], [ -72.067151111662469, 5.159146144824621 ], [ -72.067072128427, 5.158685003033619 ], [ -72.067289516881644, 5.158442066271954 ], [ -72.067180386820581, 5.158658398515203 ] ] ], [ [ [ -72.042711689911144, 5.176812968676233 ], [ -72.042657622637819, 5.176812715996625 ], [ -72.042658000682934, 5.176731405981482 ], [ -72.042711689911144, 5.176812968676233 ] ] ], [ [ [ -72.042765757187112, 5.17681322135124 ], [ -72.042846354068715, 5.176922013726897 ], [ -72.042792286779544, 5.176921761053477 ], [ -72.042765757187112, 5.17681322135124 ] ] ], [ [ [ -72.042873387714323, 5.176922140061881 ], [ -72.042873261704443, 5.17694924340543 ], [ -72.042846228057698, 5.176949117069781 ], [ -72.042873387714323, 5.176922140061881 ] ] ], [ [ [ -72.042900295351856, 5.176949369739927 ], [ -72.04290016934246, 5.176976473084116 ], [ -72.04287313569391, 5.176976346748952 ], [ -72.042900295351856, 5.176949369739927 ] ] ], [ [ [ -72.042980766261678, 5.17708526546723 ], [ -72.04290016934246, 5.176976473084116 ], [ -72.043223313184384, 5.177249022536511 ], [ -72.04327687651579, 5.177357688601761 ], [ -72.042980766261678, 5.17708526546723 ] ] ], [ [ [ -72.043303784188254, 5.177384918282717 ], [ -72.043276750512447, 5.177384791954847 ], [ -72.043303910190446, 5.177357814928969 ], [ -72.043303784188254, 5.177384918282717 ] ] ], [ [ [ -72.043330817864714, 5.177385044609438 ], [ -72.043330691862991, 5.177412147963895 ], [ -72.04330365818538, 5.17741202163651 ], [ -72.043330817864714, 5.177385044609438 ] ] ], [ [ [ -72.043465356270531, 5.177521193014145 ], [ -72.043465104271206, 5.177575399729313 ], [ -72.043330439857556, 5.177466354672577 ], [ -72.043465356270531, 5.177521193014145 ] ] ], [ [ [ -72.04349213795976, 5.177575526053781 ], [ -72.04349201196024, 5.177602629411993 ], [ -72.043464978270563, 5.17760250308686 ], [ -72.04349213795976, 5.177575526053781 ] ] ], [ [ [ -72.043572861039095, 5.177657215100799 ], [ -72.043572609042286, 5.177711421821058 ], [ -72.04349175995921, 5.177656836128318 ], [ -72.043572861039095, 5.177657215100799 ] ] ], [ [ [ -72.04359964273921, 5.177711548144247 ], [ -72.043599516740954, 5.177738651504984 ], [ -72.04357248304288, 5.177738525181132 ], [ -72.04359964273921, 5.177711548144247 ] ] ], [ [ [ -72.043653458142501, 5.177766007511279 ], [ -72.043653206147226, 5.177820214235283 ], [ -72.043599264742426, 5.177792858226383 ], [ -72.043653458142501, 5.177766007511279 ] ] ], [ [ [ -72.043707147558621, 5.177847570242244 ], [ -72.043706895563929, 5.1779017769687 ], [ -72.04365295414928, 5.177874420959166 ], [ -72.043707147558621, 5.177847570242244 ] ] ], [ [ [ -72.043760584991063, 5.177983339705304 ], [ -72.043706643566551, 5.177955983695101 ], [ -72.043760836985157, 5.177929132976264 ], [ -72.043760584991063, 5.177983339705304 ] ] ], [ [ [ -72.043814274428627, 5.178064902444994 ], [ -72.043760332994268, 5.178037546434242 ], [ -72.043814526422153, 5.178010695713501 ], [ -72.043814274428627, 5.178064902444994 ] ] ], [ [ [ -72.043841308146497, 5.178065028766464 ], [ -72.043841056152601, 5.178119235499198 ], [ -72.043814022432429, 5.178119109176399 ], [ -72.043841308146497, 5.178065028766464 ] ] ], [ [ [ -72.043868089873428, 5.178119361820844 ], [ -72.043867963876636, 5.17814646518782 ], [ -72.043840930154644, 5.178146338865508 ], [ -72.043868089873428, 5.178119361820844 ] ] ], [ [ [ -72.043894997599267, 5.178146591508979 ], [ -72.04389474560594, 5.178200798244216 ], [ -72.043867711881006, 5.178200671921725 ], [ -72.043894997599267, 5.178146591508979 ] ] ], [ [ [ -72.043948435069751, 5.17828236099237 ], [ -72.043894493609969, 5.178255004979346 ], [ -72.043948687062496, 5.17822815425465 ], [ -72.043948435069751, 5.17828236099237 ] ] ], [ [ [ -72.044002124544008, 5.178363923743711 ], [ -72.043948183074335, 5.178336567730036 ], [ -72.044002376536156, 5.178309717003488 ], [ -72.044002124544008, 5.178363923743711 ] ] ], [ [ [ -72.044056066020246, 5.178391279755411 ], [ -72.044055814028667, 5.178445486498151 ], [ -72.04400187254916, 5.178418130483843 ], [ -72.044056066020246, 5.178391279755411 ] ] ], [ [ [ -72.044109755514782, 5.178472842510522 ], [ -72.044109503523785, 5.178527049255711 ], [ -72.044055562034416, 5.178499693240768 ], [ -72.044109755514782, 5.178472842510522 ] ] ], [ [ [ -72.044163445019748, 5.178554405268679 ], [ -72.044163193029334, 5.178608612016454 ], [ -72.044109251530131, 5.178581256000847 ], [ -72.044163445019748, 5.178554405268679 ] ] ], [ [ [ -72.044216882545314, 5.178690174780284 ], [ -72.044162941036248, 5.178662818764126 ], [ -72.044217134535145, 5.178635968030058 ], [ -72.044216882545314, 5.178690174780284 ] ] ], [ [ [ -72.044457666519548, 5.179233379230528 ], [ -72.044216882545314, 5.178690174780284 ], [ -72.044351295372465, 5.178853426636229 ], [ -72.044511608090147, 5.179260735256079 ], [ -72.044457666519548, 5.179233379230528 ] ] ], [ [ [ -72.049334937244652, 5.18267126571625 ], [ -72.049334811369491, 5.182698369213701 ], [ -72.049253709223365, 5.182697990611973 ], [ -72.049334937244652, 5.18267126571625 ] ] ], [ [ [ -72.049253835101965, 5.182670887116513 ], [ -72.048740314237421, 5.182641385594525 ], [ -72.047631163764819, 5.182798830221969 ], [ -72.04744217761116, 5.182743739373424 ], [ -72.04868637207467, 5.182614029664937 ], [ -72.049253835101965, 5.182670887116513 ] ] ], [ [ [ -72.049415913521656, 5.18269874780506 ], [ -72.049415787649295, 5.182725851304442 ], [ -72.049334685493676, 5.182725472711093 ], [ -72.049415913521656, 5.18269874780506 ] ] ], [ [ [ -72.049496889810882, 5.182726229887423 ], [ -72.049496763941292, 5.182753333388801 ], [ -72.049415661776237, 5.182752954803832 ], [ -72.049496889810882, 5.182726229887423 ] ] ], [ [ [ -72.049550832054649, 5.18275358577302 ], [ -72.049550706186693, 5.182780689275616 ], [ -72.049496638071034, 5.182780436890071 ], [ -72.049550832054649, 5.18275358577302 ] ] ], [ [ [ -72.049604774305038, 5.182780941656554 ], [ -72.049604648438716, 5.182808045160501 ], [ -72.049550580318069, 5.182807792778236 ], [ -72.049604774305038, 5.182780941656554 ] ] ], [ [ [ -72.049712532962531, 5.182862756924324 ], [ -72.04965846483195, 5.182862504548624 ], [ -72.049604648438716, 5.182808045160501 ], [ -72.049685750624661, 5.182808423725255 ], [ -72.049712532962531, 5.182862756924324 ] ] ], [ [ [ -72.049766475234335, 5.182890112803246 ], [ -72.049712407098795, 5.182889860430828 ], [ -72.049766601095769, 5.182863009295415 ], [ -72.049766475234335, 5.182890112803246 ] ] ], [ [ [ -72.04982041751272, 5.182917468680204 ], [ -72.049766349372234, 5.182917216311069 ], [ -72.049820543372519, 5.182890365171057 ], [ -72.04982041751272, 5.182917468680204 ] ] ], [ [ [ -72.049874485655891, 5.182917721044731 ], [ -72.049874359797727, 5.18294482455518 ], [ -72.049820291652253, 5.182944572189326 ], [ -72.049874485655891, 5.182917721044731 ] ] ], [ [ [ -72.049901393871465, 5.182944950736378 ], [ -72.049901268013784, 5.182972054247465 ], [ -72.049874233938894, 5.182971928065604 ], [ -72.049901393871465, 5.182944950736378 ] ] ], [ [ [ -72.049955336165539, 5.182972306607732 ], [ -72.049955210309477, 5.182999410120101 ], [ -72.049901142155406, 5.182999157758509 ], [ -72.049955336165539, 5.182972306607732 ] ] ], [ [ [ -72.049982118531929, 5.183026639812243 ], [ -72.049955084452762, 5.183026513632512 ], [ -72.049982244387508, 5.182999536299169 ], [ -72.049982118531929, 5.183026639812243 ] ] ], [ [ [ -72.050009026756683, 5.183053869504468 ], [ -72.049981992675697, 5.183053743325224 ], [ -72.050009152611793, 5.183026765990823 ], [ -72.050009026756683, 5.183053869504468 ] ] ], [ [ [ -72.050063094920702, 5.183054121859495 ], [ -72.050062969067241, 5.183081225374457 ], [ -72.05000890090092, 5.183080973018103 ], [ -72.050063094920702, 5.183054121859495 ] ] ], [ [ [ -72.050090003151396, 5.183081351550907 ], [ -72.050089877298404, 5.183108455066505 ], [ -72.050062843213112, 5.183108328889392 ], [ -72.050090003151396, 5.183081351550907 ] ] ], [ [ [ -72.050116911384379, 5.183108581242465 ], [ -72.050116785531884, 5.1831356847587 ], [ -72.050089751444759, 5.183135558582078 ], [ -72.050116911384379, 5.183108581242465 ] ] ], [ [ [ -72.050170727857235, 5.183163040626026 ], [ -72.050116659678707, 5.183162788274909 ], [ -72.05017085370811, 5.18313593710849 ], [ -72.050170727857235, 5.183163040626026 ] ] ], [ [ [ -72.050197636097138, 5.18319027031801 ], [ -72.050170602005707, 5.183190144143519 ], [ -72.050197761947516, 5.183163166799854 ], [ -72.050197636097138, 5.18319027031801 ] ] ], [ [ [ -72.050224670189223, 5.183190396491352 ], [ -72.050224544339315, 5.183217500010162 ], [ -72.050197510246079, 5.183217373836158 ], [ -72.050224670189223, 5.183190396491352 ] ] ], [ [ [ -72.050278612527777, 5.183217752354713 ], [ -72.050278486679517, 5.183244855874823 ], [ -72.050224418488753, 5.183244603528947 ], [ -72.050278612527777, 5.183217752354713 ] ] ], [ [ [ -72.050305520775893, 5.183244982046034 ], [ -72.050305394928088, 5.183272085566782 ], [ -72.050278360830575, 5.183271959394909 ], [ -72.050305520775893, 5.183244982046034 ] ] ], [ [ [ -72.050359463125176, 5.183272337907072 ], [ -72.050359337279005, 5.183299441429119 ], [ -72.050305269079644, 5.183299189087503 ], [ -72.050359463125176, 5.183272337907072 ] ] ], [ [ [ -72.050386371379702, 5.183299567598198 ], [ -72.050386245534028, 5.183326671120867 ], [ -72.050359211432195, 5.183326544951124 ], [ -72.050386371379702, 5.183299567598198 ] ] ], [ [ [ -72.050413153791325, 5.183353900812829 ], [ -72.050413279636516, 5.183326797289457 ], [ -72.050440313739685, 5.183326923456895 ], [ -72.050413153791325, 5.183353900812829 ] ] ], [ [ [ -72.050494256106276, 5.183354279313676 ], [ -72.050494130263871, 5.183381382838995 ], [ -72.050440062050939, 5.183381130504922 ], [ -72.050494256106276, 5.183354279313676 ] ] ], [ [ [ -72.050521038529411, 5.183408612530174 ], [ -72.050494004420798, 5.183408486364204 ], [ -72.050521164371347, 5.183381509004303 ], [ -72.050521038529411, 5.183408612530174 ] ] ], [ [ [ -72.050548072638691, 5.183408738694991 ], [ -72.050575106748639, 5.183408864858659 ], [ -72.050547946797252, 5.183435842221552 ], [ -72.050548072638691, 5.183408738694991 ] ] ], [ [ [ -72.050629049132525, 5.183436220711084 ], [ -72.050628923293857, 5.183463324239605 ], [ -72.050574855067367, 5.183463071913076 ], [ -72.050629049132525, 5.183436220711084 ] ] ], [ [ [ -72.050682991523047, 5.183463576561524 ], [ -72.050682865685999, 5.183490680091346 ], [ -72.050628797454536, 5.1834904277681 ], [ -72.050682991523047, 5.183463576561524 ] ] ], [ [ [ -72.05070989980274, 5.18349080625124 ], [ -72.05070977396619, 5.183517909781732 ], [ -72.050682739848313, 5.183517783621175 ], [ -72.05070989980274, 5.18349080625124 ] ] ], [ [ [ -72.050763716369019, 5.183545265631099 ], [ -72.050736682248669, 5.183545139472184 ], [ -72.050763842203949, 5.183518162099388 ], [ -72.050763716369019, 5.183545265631099 ] ] ], [ [ [ -72.050790750490052, 5.183545391788861 ], [ -72.050817784611766, 5.183545517945473 ], [ -72.050790624655619, 5.183572495321258 ], [ -72.050790750490052, 5.183545391788861 ] ] ], [ [ [ -72.050871727026163, 5.183572873789622 ], [ -72.050871601194501, 5.18359997732398 ], [ -72.050817532944521, 5.183599725011564 ], [ -72.050871727026163, 5.183572873789622 ] ] ], [ [ [ -72.050925669447153, 5.183600229631788 ], [ -72.050925543617126, 5.183627333167447 ], [ -72.050871475362186, 5.183627080858314 ], [ -72.050925669447153, 5.183600229631788 ] ] ], [ [ [ -72.050979611874794, 5.183627585471972 ], [ -72.050979486046401, 5.183654689008964 ], [ -72.050925417786431, 5.183654436703114 ], [ -72.050979611874794, 5.183627585471972 ] ] ], [ [ [ -72.051006520177353, 5.183654815160161 ], [ -72.051033554308987, 5.183654941310206 ], [ -72.051006394349443, 5.183681918697741 ], [ -72.051006520177353, 5.183654815160161 ] ] ], [ [ [ -72.051087370924648, 5.183709400686015 ], [ -72.051033302654801, 5.18370914838673 ], [ -72.051087496749787, 5.183682297146404 ], [ -72.051087370924648, 5.183709400686015 ] ] ], [ [ [ -72.051141439197195, 5.183709652980688 ], [ -72.051141313373691, 5.183736756521495 ], [ -72.051087245098856, 5.183736504225496 ], [ -72.051141439197195, 5.183709652980688 ] ] ], [ [ [ -72.051222415790932, 5.183737134956852 ], [ -72.051222289970227, 5.183764238499672 ], [ -72.051168221689096, 5.183763986209263 ], [ -72.051222415790932, 5.183737134956852 ] ] ], [ [ [ -72.051330300723691, 5.183791846612116 ], [ -72.051249198291544, 5.18379146818661 ], [ -72.051249324111765, 5.183764364643151 ], [ -72.051330300723691, 5.183791846612116 ] ] ], [ [ [ -72.051357209052767, 5.183819076297713 ], [ -72.051357334869067, 5.183791972751645 ], [ -72.051465471457263, 5.183792477298242 ], [ -72.051357209052767, 5.183819076297713 ] ] ], [ [ [ -72.051546448097142, 5.183819959246797 ], [ -72.051546322288218, 5.183847062797497 ], [ -72.05146521983319, 5.183846684395672 ], [ -72.051546448097142, 5.183819959246797 ] ] ], [ [ [ -72.051600390594928, 5.183847315059618 ], [ -72.051600264787623, 5.183874418611616 ], [ -72.051546196478625, 5.183874166348168 ], [ -72.051600390594928, 5.183847315059618 ] ] ], [ [ [ -72.052680122339723, 5.184204705852593 ], [ -72.052085621785906, 5.184147724413113 ], [ -72.051600264787623, 5.183874418611616 ], [ -72.052139815935504, 5.18412087307869 ], [ -72.052680122339723, 5.184204705852593 ] ] ], [ [ [ -72.037206423956761, 5.104582646192829 ], [ -72.03720654843373, 5.104555542927562 ], [ -72.037233454413681, 5.104582771004853 ], [ -72.037206423956761, 5.104582646192829 ] ] ], [ [ [ -72.037179269021763, 5.104609624644244 ], [ -72.037179393500523, 5.10458252137967 ], [ -72.037206299479124, 5.104609749458069 ], [ -72.037179269021763, 5.104609624644244 ] ] ], [ [ [ -72.035436360901343, 5.101538845145268 ], [ -72.036033516255557, 5.100999525971345 ], [ -72.036440090266055, 5.100757468217014 ], [ -72.036846042095888, 5.100650926324303 ], [ -72.037981438928583, 5.100629060775707 ], [ -72.038926630020285, 5.100823147183338 ], [ -72.039790234206251, 5.101125272008684 ], [ -72.040301450347442, 5.101642603116677 ], [ -72.040461768712632, 5.102049900976902 ], [ -72.04097845323335, 5.101374684422766 ], [ -72.040876294565876, 5.100073224887902 ], [ -72.040637120366284, 5.099177693229401 ], [ -72.039991995339051, 5.098388707203176 ], [ -72.039344635704197, 5.098087581253949 ], [ -72.038750591901888, 5.097949324020176 ], [ -72.0367761444857, 5.098211258828192 ], [ -72.034829724459883, 5.09825648569122 ], [ -72.034398486776198, 5.097983457399787 ], [ -72.034157704534678, 5.097440270510095 ], [ -72.033969489453384, 5.097222571584243 ], [ -72.033726716624386, 5.097113035873022 ], [ -72.033213145633425, 5.097110664911051 ], [ -72.032779544643191, 5.097352596454565 ], [ -72.032345071860192, 5.097784249571847 ], [ -72.031800734529696, 5.098594846441456 ], [ -72.03085268874986, 5.099024124276337 ], [ -72.030716167635077, 5.099321633747699 ], [ -72.030363530308648, 5.099591040215554 ], [ -72.0301444225463, 5.100213411534518 ], [ -72.030195490615384, 5.10086413583495 ], [ -72.030732477965373, 5.10165262608659 ], [ -72.030728737351154, 5.102465719314463 ], [ -72.030835361830356, 5.102791456756155 ], [ -72.031782043408086, 5.102660316690782 ], [ -72.032078378933761, 5.102878516677873 ], [ -72.032212533055699, 5.10309596674508 ], [ -72.032211660486297, 5.103285688747753 ], [ -72.032021575889118, 5.103474535750621 ], [ -72.031778178694253, 5.103500513803105 ], [ -72.031454314173004, 5.103390601048639 ], [ -72.03118500913979, 5.103172525793945 ], [ -72.030698589474753, 5.103143171935884 ], [ -72.030509003665742, 5.103223605852341 ], [ -72.030210049478498, 5.103574570326951 ], [ -72.03007227833848, 5.104143109787583 ], [ -72.02971913798595, 5.104520926494215 ], [ -72.03044783265041, 5.104768232374677 ], [ -72.030853287196436, 5.104770108770931 ], [ -72.031422669896372, 5.104393291581127 ], [ -72.032396883404871, 5.104153864374586 ], [ -72.032829243964912, 5.104182967459834 ], [ -72.033072018412142, 5.104292504951788 ], [ -72.033367482678202, 5.104700427218022 ], [ -72.033339704444543, 5.104862921258828 ], [ -72.0331224642145, 5.105078746678758 ], [ -72.033201934743829, 5.105431462820751 ], [ -72.033390150227689, 5.105649163168758 ], [ -72.033848420772017, 5.105922319806537 ], [ -72.034036013380629, 5.106275536100835 ], [ -72.034735564882538, 5.106983468657256 ], [ -72.035026917492473, 5.108285797348696 ], [ -72.034944579157454, 5.108556454422283 ], [ -72.034996770206135, 5.108963252538777 ], [ -72.035964885720233, 5.110051881474978 ], [ -72.036394509266458, 5.110677255831159 ], [ -72.037122717942765, 5.111032972646177 ], [ -72.037552841707878, 5.111549934170373 ], [ -72.038253398633742, 5.112041042081161 ], [ -72.039224888143778, 5.112397882567621 ], [ -72.041382501223865, 5.113464903459962 ], [ -72.042030372306385, 5.113657623242183 ], [ -72.042787488246219, 5.113606911259379 ], [ -72.043030020285386, 5.113770654794975 ], [ -72.043650986506094, 5.113936145185451 ], [ -72.044270833620558, 5.114345566036562 ], [ -72.045082013864658, 5.114295101204926 ], [ -72.046057867737886, 5.113703313838009 ], [ -72.04663260435332, 5.112161032549111 ], [ -72.047067088418558, 5.111729369977725 ], [ -72.047394441635305, 5.111080380507327 ], [ -72.047424080819368, 5.110511331309345 ], [ -72.047075535058923, 5.109886331791279 ], [ -72.0470245778817, 5.109208495171427 ], [ -72.046484332789632, 5.109124694239992 ], [ -72.045972982152776, 5.108634465325437 ], [ -72.045676388250158, 5.108470474471389 ], [ -72.044812520368865, 5.108222557226747 ], [ -72.043110451775618, 5.108024982518562 ], [ -72.042003559683934, 5.107721733815451 ], [ -72.04108464046233, 5.107690390439855 ], [ -72.03943900583063, 5.106978093834956 ], [ -72.039224129882129, 5.106678959139093 ], [ -72.039225996466214, 5.106272409438176 ], [ -72.04017903210142, 5.104758988743606 ], [ -72.040343826538944, 5.104190566679273 ], [ -72.04034531852281, 5.103865326563026 ], [ -72.040155856340434, 5.103918660571189 ], [ -72.039883810416185, 5.104296860434512 ], [ -72.039963285285125, 5.104649577840837 ], [ -72.039907856171467, 5.104947465090207 ], [ -72.039476238365779, 5.104755746374065 ], [ -72.039097811156992, 5.104754000165052 ], [ -72.038746912242487, 5.104643965273619 ], [ -72.038773693912475, 5.104698296629929 ], [ -72.038743303951023, 5.105429961054355 ], [ -72.03866146573084, 5.105592206545575 ], [ -72.038200079761012, 5.105996634521569 ], [ -72.03776671976857, 5.106184360437177 ], [ -72.037306702674769, 5.106290651261633 ], [ -72.035792371113374, 5.106419174025624 ], [ -72.035658215305631, 5.106201723621918 ], [ -72.035686117841934, 5.106012125953247 ], [ -72.035984075962332, 5.105877983740707 ], [ -72.037125208109018, 5.104609375013191 ], [ -72.037179144542321, 5.10463672790879 ], [ -72.036581735359789, 5.105230253194023 ], [ -72.036146258858977, 5.105878733094094 ], [ -72.035847927017144, 5.10609418509313 ], [ -72.035820273659979, 5.106229576334715 ], [ -72.035900991416923, 5.106311260757976 ], [ -72.037361012761281, 5.106236694424063 ], [ -72.038200328700157, 5.105942427944385 ], [ -72.038607404662983, 5.105591956991401 ], [ -72.038716522289548, 5.105375629681748 ], [ -72.038746041327116, 5.10483368839511 ], [ -72.038639910000711, 5.104399536562086 ], [ -72.038856153895267, 5.104400534508125 ], [ -72.03964128204629, 5.104133118198958 ], [ -72.039885178312772, 5.103998723787 ], [ -72.040211160660476, 5.103647876514193 ], [ -72.040400622755172, 5.103594542440409 ], [ -72.040424918093692, 5.104190940687131 ], [ -72.040287402958015, 5.104705280819537 ], [ -72.039307088200104, 5.106272783739347 ], [ -72.039332127823471, 5.106706561560842 ], [ -72.039547128282948, 5.106978592933814 ], [ -72.041084889242157, 5.107636183723482 ], [ -72.041706719415501, 5.1076119486948 ], [ -72.042544049604217, 5.1077513307243 ], [ -72.043110824713679, 5.10794367229529 ], [ -72.045055921794003, 5.108196574954076 ], [ -72.046027540655956, 5.108526300491516 ], [ -72.046350420437065, 5.10885303669789 ], [ -72.046647014811512, 5.109017027439319 ], [ -72.046998292054681, 5.109045749644963 ], [ -72.047431531211927, 5.108885120563435 ], [ -72.047186887412295, 5.109182138714661 ], [ -72.047183410370423, 5.10994103689902 ], [ -72.0475052978788, 5.11048460137033 ], [ -72.047447882555289, 5.111216147146927 ], [ -72.047148057180493, 5.111756847190141 ], [ -72.046659138291034, 5.112269571114362 ], [ -72.04622092432254, 5.113514337431728 ], [ -72.046030215024928, 5.113838706549109 ], [ -72.045027454201119, 5.114403265566251 ], [ -72.044216398275267, 5.114426626817539 ], [ -72.043650613196377, 5.114017455433449 ], [ -72.043002615921822, 5.113851840204034 ], [ -72.042786990385551, 5.113715324839485 ], [ -72.041975936896577, 5.113738683704121 ], [ -72.041328190317827, 5.113518860470103 ], [ -72.039817947320344, 5.112752973687321 ], [ -72.038064183086703, 5.112040167401132 ], [ -72.03757912465872, 5.111712678748805 ], [ -72.037014470405381, 5.111059575998606 ], [ -72.036394135280972, 5.110758565551387 ], [ -72.03596451172659, 5.110133191165008 ], [ -72.034915553770745, 5.108989980701291 ], [ -72.034863487458296, 5.108556079402903 ], [ -72.034945950483973, 5.108258319153117 ], [ -72.034680756025992, 5.107145837910029 ], [ -72.034519819523709, 5.106874056031415 ], [ -72.033900611825004, 5.106329117514443 ], [ -72.033767080174357, 5.105976151200156 ], [ -72.033281903935034, 5.105675766330253 ], [ -72.033013096024376, 5.105349278296509 ], [ -72.032960406632554, 5.105050893518677 ], [ -72.03323195690713, 5.104781111819902 ], [ -72.033179018008482, 5.104536933355537 ], [ -72.033017583786986, 5.104373564476977 ], [ -72.032585472351414, 5.10429025513657 ], [ -72.032314421013737, 5.104451623949045 ], [ -72.031557447304181, 5.104475226202032 ], [ -72.03082563313167, 5.104905499223859 ], [ -72.029529676516972, 5.104574256734558 ], [ -72.030045747139255, 5.104034572329039 ], [ -72.030211172167256, 5.103330642484702 ], [ -72.030510500317973, 5.102898368636741 ], [ -72.030649517161919, 5.10205879762785 ], [ -72.030650764033709, 5.101787766570614 ], [ -72.030543765493832, 5.101543338551008 ], [ -72.029979748361114, 5.100754723303929 ], [ -72.03006457891361, 5.099942005592356 ], [ -72.030282938649506, 5.099482252880012 ], [ -72.030608545828173, 5.099212721482173 ], [ -72.030663602907666, 5.098996146530709 ], [ -72.031204827230752, 5.098863129723663 ], [ -72.031611274903184, 5.098648178421155 ], [ -72.032074646841878, 5.09781010414786 ], [ -72.032970124190541, 5.097055335346913 ], [ -72.033240922429798, 5.096948170666007 ], [ -72.033619343051001, 5.096949917658388 ], [ -72.033943205974708, 5.097059827668284 ], [ -72.034319760620022, 5.097468122289238 ], [ -72.034480199254432, 5.097848315685793 ], [ -72.034965372795085, 5.098148696606917 ], [ -72.035938706736303, 5.098098980390886 ], [ -72.036506091424357, 5.098155805511525 ], [ -72.038237266441058, 5.097892750090208 ], [ -72.039183075459718, 5.097951317250227 ], [ -72.040019398224914, 5.098307521727732 ], [ -72.040718335510604, 5.099150963477673 ], [ -72.040932094165953, 5.099694026928963 ], [ -72.040982055924474, 5.100588686947125 ], [ -72.041168163079263, 5.101267142962707 ], [ -72.040569766165717, 5.102077502773626 ], [ -72.040512846749479, 5.102700630568566 ], [ -72.04024651956972, 5.101832077290713 ], [ -72.03978973706424, 5.101233685335718 ], [ -72.039304184770657, 5.101014615392454 ], [ -72.038305181018998, 5.100766073375221 ], [ -72.03692675976751, 5.100732610299731 ], [ -72.03638553203497, 5.100865631704393 ], [ -72.035408459253077, 5.101728442895778 ], [ -72.035217379783433, 5.102134117414559 ], [ -72.03532263741954, 5.102757990826501 ], [ -72.035997400087979, 5.102977937551292 ], [ -72.036643888496982, 5.103468791554718 ], [ -72.03723756176268, 5.103688363215453 ], [ -72.037803085316369, 5.104151739313467 ], [ -72.037233578889513, 5.10455566773892 ], [ -72.037369602450966, 5.104366568893113 ], [ -72.037613498808483, 5.104232175673713 ], [ -72.037479093288923, 5.104068932091019 ], [ -72.037074881406483, 5.103796027509088 ], [ -72.036643017165332, 5.103658514320315 ], [ -72.036320270702717, 5.103304674297367 ], [ -72.035996777636115, 5.103113453734942 ], [ -72.034943590165113, 5.102891758907042 ], [ -72.035136911383134, 5.101998226818081 ], [ -72.035436360901343, 5.101538845145268 ] ], [ [ -72.031887546517623, 5.103229982502013 ], [ -72.031861513575265, 5.103013032421049 ], [ -72.031646019542549, 5.102849413614307 ], [ -72.031483838071239, 5.102848663568168 ], [ -72.031348063452313, 5.102983554109129 ], [ -72.031455062297795, 5.103227982302083 ], [ -72.031562933973461, 5.103282688633623 ], [ -72.031887546517623, 5.103229982502013 ] ] ], [ [ [ -72.032170238020015, 5.112283930844322 ], [ -72.030682303556134, 5.112548073406621 ], [ -72.03016909661379, 5.1124643835918 ], [ -72.030252437682506, 5.111976903921133 ], [ -72.030632365253538, 5.111653420650324 ], [ -72.030497836961601, 5.111517278856575 ], [ -72.030525991870135, 5.111273476268333 ], [ -72.030634738744922, 5.11113846180067 ], [ -72.031039822668234, 5.111221649736446 ], [ -72.031523750666636, 5.111793069275458 ], [ -72.032278860134497, 5.112176019136746 ], [ -72.032170238020015, 5.112283930844322 ] ], [ [ -72.031494971465406, 5.112172387701075 ], [ -72.031118416369097, 5.111764087619869 ], [ -72.030902171529448, 5.111763085629161 ], [ -72.030846736159106, 5.112060969244295 ], [ -72.03098088983451, 5.112278420387414 ], [ -72.031494971465406, 5.112172387701075 ] ] ], [ [ [ -72.034086226629057, 5.118851912634371 ], [ -72.034032164674272, 5.118851662047692 ], [ -72.034032289634638, 5.118824558872761 ], [ -72.034086226629057, 5.118851912634371 ] ] ], [ [ [ -72.033950821817569, 5.118905492505027 ], [ -72.033978102722187, 5.118851411456462 ], [ -72.034004883772852, 5.118905743101201 ], [ -72.033950821817569, 5.118905492505027 ] ] ], [ [ [ -72.033869478950578, 5.118959322943999 ], [ -72.033896759864916, 5.118905241904304 ], [ -72.0339235409064, 5.118959573549667 ], [ -72.033869478950578, 5.118959322943999 ] ] ], [ [ [ -72.033869353980023, 5.118986426114851 ], [ -72.033815292024627, 5.118986175503299 ], [ -72.033815416997442, 5.11895907233378 ], [ -72.033869353980023, 5.118986426114851 ] ] ], [ [ [ -72.033788011098039, 5.119040256533441 ], [ -72.033733949142118, 5.119040005912393 ], [ -72.033761230071903, 5.118985924887195 ], [ -72.033788011098039, 5.119040256533441 ] ] ], [ [ [ -72.033733824163889, 5.119067109079816 ], [ -72.033679762208408, 5.119066858452883 ], [ -72.033679887188896, 5.119039755286794 ], [ -72.033733824163889, 5.119067109079816 ] ] ], [ [ [ -72.033598419310351, 5.119120688832117 ], [ -72.033625700255584, 5.119066607821399 ], [ -72.033652481266387, 5.119120939468545 ], [ -72.033598419310351, 5.119120688832117 ] ] ], [ [ [ -72.03354423236884, 5.119147541353832 ], [ -72.033544357357016, 5.119120438191137 ], [ -72.033598294324435, 5.119147791996145 ], [ -72.03354423236884, 5.119147541353832 ] ] ], [ [ [ -72.033408702505952, 5.119228224206058 ], [ -72.033435983472273, 5.119174143215551 ], [ -72.03354423236884, 5.119147541353832 ], [ -72.0335169514114, 5.119201622354944 ], [ -72.033408702505952, 5.119228224206058 ] ] ], [ [ [ -72.03340857750942, 5.119255327365297 ], [ -72.033354515554137, 5.119255076701718 ], [ -72.033354640552943, 5.119227973543813 ], [ -72.03340857750942, 5.119255327365297 ] ] ], [ [ [ -72.03242933507056, 5.120578868319524 ], [ -72.032866207737442, 5.119632264564769 ], [ -72.033354515554137, 5.119255076701718 ], [ -72.03289311369042, 5.119659493073143 ], [ -72.03242933507056, 5.120578868319524 ] ] ], [ [ [ -72.034202380962569, 5.122972222086452 ], [ -72.0348537542787, 5.122406064035812 ], [ -72.035612501282884, 5.122003025125898 ], [ -72.03620743659134, 5.12195157510078 ], [ -72.037449996411823, 5.122147059492627 ], [ -72.0379369327338, 5.122068003652813 ], [ -72.03809986919083, 5.121906135245056 ], [ -72.03815642870974, 5.121364320151772 ], [ -72.037915020892214, 5.120956644439769 ], [ -72.038024768459479, 5.120604802625353 ], [ -72.038026765743581, 5.120171150271138 ], [ -72.037705013688921, 5.119600479735522 ], [ -72.036302144747879, 5.118997698923929 ], [ -72.03559983755612, 5.118886030427143 ], [ -72.034086351587163, 5.118824809458106 ], [ -72.034113632476362, 5.118770728394995 ], [ -72.036329550386696, 5.118916514430999 ], [ -72.036950390497836, 5.119109116436837 ], [ -72.037462482825717, 5.119436733716163 ], [ -72.037759450350777, 5.119519420249873 ], [ -72.038108358418256, 5.120063112642566 ], [ -72.038159549717577, 5.120686738280296 ], [ -72.038077457550571, 5.120903188964798 ], [ -72.038398960346825, 5.121528066423179 ], [ -72.038341152311432, 5.122340914429691 ], [ -72.038717342196648, 5.12283052625749 ], [ -72.038581936175262, 5.122884106842356 ], [ -72.03836631051017, 5.122747588807772 ], [ -72.03806909172053, 5.122719108196171 ], [ -72.037988372672217, 5.122637422728142 ], [ -72.038070715176275, 5.12236676566786 ], [ -72.037989996146138, 5.122285080224824 ], [ -72.037287309605787, 5.122254721098476 ], [ -72.0368825912186, 5.122090222914812 ], [ -72.035909843950748, 5.122004403408201 ], [ -72.034961753859747, 5.122433668607725 ], [ -72.034228661783629, 5.123134966531416 ], [ -72.033714569515126, 5.123240996556093 ], [ -72.033307601057203, 5.123564353041834 ], [ -72.033198225287293, 5.123834882775514 ], [ -72.033062694093658, 5.123915564944977 ], [ -72.032386164226736, 5.124075046893263 ], [ -72.031845666429362, 5.124045433718617 ], [ -72.031441200946318, 5.123826726032422 ], [ -72.031415672093829, 5.123501363230758 ], [ -72.031660954800998, 5.123068843048192 ], [ -72.03242170451631, 5.122232159442722 ], [ -72.032450487075224, 5.121852841021987 ], [ -72.03234561534228, 5.121147657866839 ], [ -72.03242933507056, 5.120578868319524 ], [ -72.032475516455904, 5.122286616597807 ], [ -72.031769079188265, 5.123069345029378 ], [ -72.031523796529612, 5.12350186529565 ], [ -72.0315494506264, 5.12380012501524 ], [ -72.031872947927766, 5.123991352997038 ], [ -72.032440602004229, 5.123993988480077 ], [ -72.032846695059149, 5.123860354953314 ], [ -72.033254414492617, 5.123374380096191 ], [ -72.033633976393901, 5.123132207659916 ], [ -72.034202380962569, 5.122972222086452 ] ] ], [ [ [ -72.040013720115425, 5.12308046411341 ], [ -72.040202939241382, 5.123081340100655 ], [ -72.040526191816838, 5.12332677164551 ], [ -72.0404440994228, 5.123543222885467 ], [ -72.040119598674735, 5.12356882446712 ], [ -72.039850034439411, 5.123404952999008 ], [ -72.039850908214376, 5.123215229796682 ], [ -72.040013720115425, 5.12308046411341 ] ] ], [ [ [ -72.033576911873254, 5.12378243266351 ], [ -72.033874004634484, 5.123838018703079 ], [ -72.033981503934555, 5.12397403623269 ], [ -72.033953472005265, 5.124190736159534 ], [ -72.03357478506102, 5.12424318637259 ], [ -72.033332129965032, 5.124106541551892 ], [ -72.033305974610883, 5.123916694030165 ], [ -72.033576911873254, 5.12378243266351 ] ] ], [ [ [ -72.038286015950646, 5.157656968193115 ], [ -72.038342092985715, 5.157223568335207 ], [ -72.038640458358913, 5.157008128741651 ], [ -72.039072981612378, 5.157010145072069 ], [ -72.039342806039471, 5.157119818223767 ], [ -72.039584592525443, 5.157446191553534 ], [ -72.039582958727465, 5.157798534180705 ], [ -72.039175959056664, 5.158121883141144 ], [ -72.038716276536917, 5.158146843651478 ], [ -72.038286015950646, 5.157656968193115 ] ], [ [ -72.039396243110431, 5.157255586600677 ], [ -72.039099762955487, 5.157064477618144 ], [ -72.038586015849233, 5.157089186444493 ], [ -72.038341212931684, 5.157413291075966 ], [ -72.038420676629499, 5.157766011483452 ], [ -72.038797751949943, 5.158065912031656 ], [ -72.03931187704778, 5.157959893666044 ], [ -72.039529144585117, 5.157744075605347 ], [ -72.039530150020241, 5.157527249383969 ], [ -72.039396243110431, 5.157255586600677 ] ] ], [ [ [ -72.028740366031997, 5.169890312428132 ], [ -72.028767399032276, 5.169890439193304 ], [ -72.028740239593319, 5.169917415429186 ], [ -72.028740366031997, 5.169890312428132 ] ] ], [ [ [ -72.028821212163663, 5.169944898726274 ], [ -72.02876714615654, 5.169944645196704 ], [ -72.02882133859957, 5.169917795723259 ], [ -72.028821212163663, 5.169944898726274 ] ] ], [ [ [ -72.028956124330946, 5.169999738542753 ], [ -72.028875025304274, 5.169999358259904 ], [ -72.028821212163663, 5.169944898726274 ], [ -72.028902311179451, 5.169945279012008 ], [ -72.028956124330946, 5.169999738542753 ] ] ], [ [ [ -72.029037223363659, 5.170000118815255 ], [ -72.0290370969349, 5.170027221823554 ], [ -72.028955997898748, 5.170026841549045 ], [ -72.029037223363659, 5.170000118815255 ] ] ], [ [ [ -72.030738029926454, 5.170495957051185 ], [ -72.031466280750067, 5.170851717288715 ], [ -72.032758692205263, 5.171969023332678 ], [ -72.033027634691436, 5.172268423883177 ], [ -72.033188318202917, 5.17259442101411 ], [ -72.032731532698449, 5.171995999784807 ], [ -72.031519967932852, 5.170933279839133 ], [ -72.030845783137096, 5.17057777298116 ], [ -72.0290370969349, 5.170027221823554 ], [ -72.030738029926454, 5.170495957051185 ] ] ], [ [ [ -72.034265227856125, 5.173548095500043 ], [ -72.034292261147627, 5.173548222118974 ], [ -72.034265101562568, 5.17357519863441 ], [ -72.034265227856125, 5.173548095500043 ] ] ], [ [ [ -72.034319041856648, 5.173602555008161 ], [ -72.034292008562147, 5.173602428389047 ], [ -72.034319168148571, 5.173575451872454 ], [ -72.034319041856648, 5.173602555008161 ] ] ], [ [ [ -72.03461552416627, 5.173793669742764 ], [ -72.034453576898116, 5.173738703781106 ], [ -72.034319041856648, 5.173602555008161 ], [ -72.034588743425985, 5.173739336847341 ], [ -72.03461552416627, 5.173793669742764 ] ] ], [ [ [ -72.034669590788056, 5.173793922961573 ], [ -72.034669464505669, 5.173821026105704 ], [ -72.034615397881595, 5.17382077288556 ], [ -72.034669590788056, 5.173793922961573 ] ] ], [ [ [ -72.034723531132428, 5.173821279321248 ], [ -72.034723404851675, 5.173848382466686 ], [ -72.034669338222628, 5.173848129249811 ], [ -72.034723531132428, 5.173821279321248 ] ] ], [ [ [ -72.03477734520429, 5.173875738825743 ], [ -72.034723278570254, 5.173875485612133 ], [ -72.034777471483423, 5.173848635678962 ], [ -72.03477734520429, 5.173875738825743 ] ] ], [ [ [ -72.034831159285318, 5.173930198330867 ], [ -72.03477734520429, 5.173875738825743 ], [ -72.034858445160353, 5.17387611863753 ], [ -72.03491225925228, 5.173930578139752 ], [ -72.034831159285318, 5.173930198330867 ] ] ], [ [ [ -72.03504717333729, 5.173985417438152 ], [ -72.034966073353417, 5.173985037642518 ], [ -72.03491225925228, 5.173930578139752 ], [ -72.034993359225311, 5.173930957938288 ], [ -72.03504717333729, 5.173985417438152 ] ] ], [ [ [ -72.035128273327288, 5.173985797223436 ], [ -72.035128147059723, 5.174012900378717 ], [ -72.035047047066286, 5.174012520591435 ], [ -72.035128273327288, 5.173985797223436 ] ] ], [ [ [ -72.035209247059143, 5.174013280155648 ], [ -72.035209120794349, 5.174040383312887 ], [ -72.03512802079149, 5.174040003533954 ], [ -72.035209247059143, 5.174013280155648 ] ] ], [ [ [ -72.035290220803248, 5.174040763081466 ], [ -72.035290094541224, 5.174067866240696 ], [ -72.035208994528872, 5.174067486470116 ], [ -72.035290220803248, 5.174040763081466 ] ] ], [ [ [ -72.035533015855307, 5.17415031498585 ], [ -72.035370942040416, 5.174122452323302 ], [ -72.035290094541224, 5.174067866240696 ], [ -72.035398227900416, 5.174068372585365 ], [ -72.035533015855307, 5.17415031498585 ] ] ], [ [ [ -72.035667930105376, 5.17420515420897 ], [ -72.035586830047691, 5.174204774476702 ], [ -72.035533015855307, 5.17415031498585 ], [ -72.035614115902135, 5.17415069472102 ], [ -72.035667930105376, 5.17420515420897 ] ] ], [ [ [ -72.035749030169129, 5.174205533930887 ], [ -72.035775811033574, 5.174259866844655 ], [ -72.035667803855404, 5.174232257377406 ], [ -72.035749030169129, 5.174205533930887 ] ] ], [ [ [ -72.035829751507578, 5.174287223159564 ], [ -72.035775684786842, 5.174286970015671 ], [ -72.035829877752022, 5.174260119987213 ], [ -72.035829751507578, 5.174287223159564 ] ] ], [ [ [ -72.03585653238035, 5.174341556075739 ], [ -72.035829751507578, 5.174287223159564 ], [ -72.035991699208708, 5.174342188916252 ], [ -72.036018480098903, 5.174396521834733 ], [ -72.03585653238035, 5.174341556075739 ] ] ], [ [ [ -72.036180175397334, 5.174505693929893 ], [ -72.036126108640801, 5.174505440805244 ], [ -72.036018480098903, 5.174396521834733 ], [ -72.036126487350344, 5.174424131266721 ], [ -72.036180175397334, 5.174505693929893 ] ] ], [ [ [ -72.036234242156524, 5.17450594704994 ], [ -72.036261023072214, 5.174560279973799 ], [ -72.036206956307097, 5.174560026853387 ], [ -72.036234242156524, 5.17450594704994 ] ] ], [ [ [ -72.036288056455774, 5.174560406532279 ], [ -72.036287930223466, 5.17458750971562 ], [ -72.036260896838755, 5.174587383156473 ], [ -72.036288056455774, 5.174560406532279 ] ] ], [ [ [ -72.036368777921879, 5.174642095756859 ], [ -72.036314711144499, 5.174641842641651 ], [ -72.036341996994906, 5.174587762830462 ], [ -72.036368777921879, 5.174642095756859 ] ] ], [ [ [ -72.036395685081843, 5.174669325498697 ], [ -72.036368651691006, 5.174669198942152 ], [ -72.036395811311564, 5.174642222312737 ], [ -72.036395685081843, 5.174669325498697 ] ] ], [ [ [ -72.036449751865518, 5.174669578608336 ], [ -72.036476532803789, 5.174723911537303 ], [ -72.036422466014159, 5.1747236584273 ], [ -72.036449751865518, 5.174669578608336 ] ] ], [ [ [ -72.036530599596091, 5.174724164642705 ], [ -72.036557380542831, 5.174778497573446 ], [ -72.036503313744618, 5.174778244467681 ], [ -72.036530599596091, 5.174724164642705 ] ] ], [ [ [ -72.036692168886731, 5.174860439897195 ], [ -72.036584161492186, 5.174832830505633 ], [ -72.036557380542831, 5.174778497573446 ], [ -72.036665387925737, 5.174806106963667 ], [ -72.036692168886731, 5.174860439897195 ] ] ], [ [ [ -72.03674610948103, 5.174887796185285 ], [ -72.036692042664257, 5.174887543090294 ], [ -72.036746235701216, 5.174860692990854 ], [ -72.03674610948103, 5.174887796185285 ] ] ], [ [ [ -72.036880771670255, 5.174996841693445 ], [ -72.03674610948103, 5.174887796185285 ], [ -72.036961998137969, 5.174970118118355 ], [ -72.036961871924291, 5.174997221318043 ], [ -72.036880771670255, 5.174996841693445 ] ] ], [ [ [ -72.037015938763645, 5.174997474395357 ], [ -72.037015812551587, 5.175024577596267 ], [ -72.036961745709945, 5.175024324517622 ], [ -72.037015938763645, 5.174997474395357 ] ] ], [ [ [ -72.037096912819095, 5.175024957205608 ], [ -72.037096786609808, 5.175052060408542 ], [ -72.037015686338862, 5.175051680797203 ], [ -72.037096912819095, 5.175024957205608 ] ] ], [ [ [ -72.037258734763029, 5.17510702601394 ], [ -72.037150601044488, 5.175106519885468 ], [ -72.037096786609808, 5.175052060408542 ], [ -72.037258860966773, 5.175079922807062 ], [ -72.037258734763029, 5.17510702601394 ] ] ], [ [ [ -72.037339835058944, 5.175107405598215 ], [ -72.037339708857971, 5.175134508807099 ], [ -72.037258608558631, 5.175134129220825 ], [ -72.037339835058944, 5.175107405598215 ] ] ], [ [ [ -72.039664586669588, 5.175145385877556 ], [ -72.039042816537176, 5.175142477727088 ], [ -72.039042942665844, 5.175115374476252 ], [ -72.039664586669588, 5.175145385877556 ] ] ], [ [ [ -72.037447842599846, 5.175135014906022 ], [ -72.037447716402809, 5.175162118117513 ], [ -72.037339582656344, 5.175161612015923 ], [ -72.037447842599846, 5.175135014906022 ] ] ], [ [ [ -72.038988623454244, 5.175169328065124 ], [ -72.038718288726443, 5.175168063432389 ], [ -72.038718414869564, 5.1751409601896 ], [ -72.038988623454244, 5.175169328065124 ] ] ], [ [ [ -72.039718527553688, 5.175172741998865 ], [ -72.039718653654347, 5.175145638731445 ], [ -72.039880728530918, 5.175173500536911 ], [ -72.039718527553688, 5.175172741998865 ] ] ], [ [ [ -72.03758275740897, 5.175189853933439 ], [ -72.03744759020509, 5.175189221329007 ], [ -72.037582883600962, 5.175162750718614 ], [ -72.03758275740897, 5.175189853933439 ] ] ], [ [ [ -72.038637062173933, 5.175194787260931 ], [ -72.038285627139103, 5.175193143012858 ], [ -72.038285753301238, 5.175166039780718 ], [ -72.038637062173933, 5.175194787260931 ] ] ], [ [ [ -72.040015769941704, 5.175201235895059 ], [ -72.039907635936217, 5.175200730227978 ], [ -72.039907762029515, 5.175173626955893 ], [ -72.040015769941704, 5.175201235895059 ] ] ], [ [ [ -72.038231560220709, 5.175192890034362 ], [ -72.038231434055604, 5.175219993265061 ], [ -72.037582631216338, 5.175216957148155 ], [ -72.038231560220709, 5.175192890034362 ] ] ], [ [ [ -72.04004267735651, 5.175228465584259 ], [ -72.040042803444734, 5.175201362308956 ], [ -72.04012377787312, 5.175228844821036 ], [ -72.04004267735651, 5.175228465584259 ] ] ], [ [ [ -72.040150685295671, 5.175256074508984 ], [ -72.040150811379988, 5.175228971230995 ], [ -72.040204752313713, 5.17525632732678 ], [ -72.040150685295671, 5.175256074508984 ] ] ], [ [ [ -72.040312760279747, 5.175283936230522 ], [ -72.040231659742219, 5.175283557013912 ], [ -72.04023178582375, 5.175256453733951 ], [ -72.040312760279747, 5.175283936230522 ] ] ], [ [ [ -72.040366827308105, 5.175284189035843 ], [ -72.040366701231648, 5.175311292319087 ], [ -72.040339667715983, 5.175311165916336 ], [ -72.040366827308105, 5.175284189035843 ] ] ], [ [ [ -72.040393608672005, 5.175338522004587 ], [ -72.040393734747994, 5.175311418720686 ], [ -72.040447801782662, 5.175311671520437 ], [ -72.040393608672005, 5.175338522004587 ] ] ], [ [ [ -72.040501616676551, 5.175366130888682 ], [ -72.040447549634621, 5.175365878090871 ], [ -72.040501742748631, 5.175339027602146 ], [ -72.040501616676551, 5.175366130888682 ] ] ], [ [ [ -72.040555557650748, 5.175393486969726 ], [ -72.040528524126941, 5.175393360573034 ], [ -72.040555683721195, 5.175366383681888 ], [ -72.040555557650748, 5.175393486969726 ] ] ], [ [ [ -72.040609624700338, 5.175393739759664 ], [ -72.040609498631525, 5.175420843048808 ], [ -72.04058246510526, 5.17542071665375 ], [ -72.040609624700338, 5.175393739759664 ] ] ], [ [ [ -72.04063640609013, 5.175448072732483 ], [ -72.040636532158473, 5.175420969442714 ], [ -72.040663565686089, 5.175421095835473 ], [ -72.04063640609013, 5.175448072732483 ] ] ], [ [ [ -72.040717506678448, 5.175448451909298 ], [ -72.04071738061289, 5.175475555201102 ], [ -72.040663313551036, 5.175475302416378 ], [ -72.040717506678448, 5.175448451909298 ] ] ], [ [ [ -72.040744414144811, 5.175475681591737 ], [ -72.040744288079722, 5.175502784884115 ], [ -72.040717254546649, 5.175502658492812 ], [ -72.040744414144811, 5.175475681591737 ] ] ], [ [ [ -72.040771195548842, 5.175530014567296 ], [ -72.040771321613448, 5.175502911274265 ], [ -72.040798355147857, 5.175503037663266 ], [ -72.040771195548842, 5.175530014567296 ] ] ], [ [ [ -72.040852296157524, 5.175530393732843 ], [ -72.04085217009569, 5.175557497027845 ], [ -72.040798103020265, 5.175557244250633 ], [ -72.040852296157524, 5.175530393732843 ] ] ], [ [ [ -72.04087920363439, 5.175557623414725 ], [ -72.040879077573038, 5.175584726710365 ], [ -72.040852044033187, 5.17558460032282 ], [ -72.04087920363439, 5.175557623414725 ] ] ], [ [ [ -72.040933018595027, 5.175612082778948 ], [ -72.040878951511019, 5.17561183000598 ], [ -72.040933144654758, 5.175584979482003 ], [ -72.040933018595027, 5.175612082778948 ] ] ], [ [ [ -72.040959926078784, 5.175639312461274 ], [ -72.040932892534627, 5.17563918607585 ], [ -72.040960052138033, 5.175612209163707 ], [ -72.040959926078784, 5.175639312461274 ] ] ], [ [ [ -72.041013993169116, 5.17563956522867 ], [ -72.041013867111488, 5.17566666852756 ], [ -72.040959800018854, 5.175666415758832 ], [ -72.041013993169116, 5.17563956522867 ] ] ], [ [ [ -72.041040900658814, 5.175666794910197 ], [ -72.041040774601669, 5.175693898209725 ], [ -72.041013741053206, 5.175693771826422 ], [ -72.041040900658814, 5.175666794910197 ] ] ], [ [ [ -72.0410678081508, 5.175694024591877 ], [ -72.041067682094123, 5.175721127892044 ], [ -72.041040648543856, 5.175721001509228 ], [ -72.0410678081508, 5.175694024591877 ] ] ], [ [ [ -72.041121623141635, 5.1757484839557 ], [ -72.041067556036793, 5.175748231192185 ], [ -72.041121749196677, 5.175721380654228 ], [ -72.041121623141635, 5.1757484839557 ] ] ], [ [ [ -72.041202471698739, 5.17580306969923 ], [ -72.041148404585257, 5.175802816939957 ], [ -72.041175690249176, 5.175748736714612 ], [ -72.041202471698739, 5.17580306969923 ] ] ], [ [ [ -72.041256538814878, 5.175803322453899 ], [ -72.041283320272939, 5.175857655440233 ], [ -72.041229253150888, 5.175857402685203 ], [ -72.041256538814878, 5.175803322453899 ] ] ], [ [ [ -72.041337387397704, 5.17585790819066 ], [ -72.041364168864291, 5.175912241178776 ], [ -72.041310101733643, 5.175911988427988 ], [ -72.041337387397704, 5.17585790819066 ] ] ], [ [ [ -72.041418235997639, 5.17591249392496 ], [ -72.041445017472739, 5.175966826914825 ], [ -72.041390950333465, 5.175966574168282 ], [ -72.041418235997639, 5.17591249392496 ] ] ], [ [ [ -72.041525866098311, 5.176021412648411 ], [ -72.04147179895044, 5.176021159906111 ], [ -72.041499084614699, 5.175967079656766 ], [ -72.041525866098311, 5.176021412648411 ] ] ], [ [ [ -72.041579807205977, 5.176048768698601 ], [ -72.041525740053132, 5.176048515959573 ], [ -72.041579933248869, 5.176021665386109 ], [ -72.041579807205977, 5.176048768698601 ] ] ], [ [ [ -72.041633874361509, 5.176049021433027 ], [ -72.041660655859374, 5.176103354427442 ], [ -72.041606588697917, 5.176103101692657 ], [ -72.041633874361509, 5.176049021433027 ] ] ], [ [ [ -72.041714723023503, 5.176103607157625 ], [ -72.041714596984349, 5.176130710473347 ], [ -72.041660529817932, 5.176130457741835 ], [ -72.041714723023503, 5.176103607157625 ] ] ], [ [ [ -72.041768664153437, 5.176130963200257 ], [ -72.041795445665571, 5.176185296197377 ], [ -72.041741378490528, 5.176185043470109 ], [ -72.041768664153437, 5.176130963200257 ] ] ], [ [ [ -72.041849512843271, 5.176185548920044 ], [ -72.04184938680784, 5.176212652239029 ], [ -72.041795319627852, 5.176212399515031 ], [ -72.041849512843271, 5.176185548920044 ] ] ], [ [ [ -72.041903453990514, 5.176212904958422 ], [ -72.041930235516872, 5.176267237958261 ], [ -72.041876168328287, 5.176266985238509 ], [ -72.041903453990514, 5.176212904958422 ] ] ], [ [ [ -72.041984302708173, 5.176267490673411 ], [ -72.042011084243043, 5.176321823675029 ], [ -72.041957017045846, 5.17632157095952 ], [ -72.041984302708173, 5.176267490673411 ] ] ], [ [ [ -72.042065151442927, 5.176322076385937 ], [ -72.042091932986352, 5.176376409389319 ], [ -72.042037865780514, 5.176376156678053 ], [ -72.042065151442927, 5.176322076385937 ] ] ], [ [ [ -72.042172781746729, 5.17643099510116 ], [ -72.042118714532322, 5.17643074239414 ], [ -72.042146000194819, 5.176376662095981 ], [ -72.042172781746729, 5.17643099510116 ] ] ], [ [ [ -72.042253630524243, 5.176485580810471 ], [ -72.042199563301224, 5.176485328107693 ], [ -72.042226848963807, 5.176431247803579 ], [ -72.042253630524243, 5.176485580810471 ] ] ], [ [ [ -72.042280664136754, 5.176485707160132 ], [ -72.042280538112337, 5.176512810489472 ], [ -72.042253504498674, 5.176512684139144 ], [ -72.042280664136754, 5.176485707160132 ] ] ], [ [ [ -72.042334605341665, 5.176513063186674 ], [ -72.04236138691337, 5.176567396196138 ], [ -72.042307319678116, 5.176567143498577 ], [ -72.042334605341665, 5.176513063186674 ] ] ], [ [ [ -72.042415454151325, 5.176567648889096 ], [ -72.042442235731542, 5.176621981900304 ], [ -72.042388168487662, 5.176621729206989 ], [ -72.042415454151325, 5.176567648889096 ] ] ], [ [ [ -72.042523084566795, 5.176676567602006 ], [ -72.042469017314346, 5.176676314912935 ], [ -72.042496302978066, 5.176622234589018 ], [ -72.042523084566795, 5.176676567602006 ] ] ], [ [ [ -72.042603933419201, 5.176731153301261 ], [ -72.042549866158112, 5.176730900616434 ], [ -72.042577151821959, 5.176676820286475 ], [ -72.042603933419201, 5.176731153301261 ] ] ], [ [ [ -72.027174798234441, 5.105268044103487 ], [ -72.025768851826868, 5.105342838433437 ], [ -72.025499549671125, 5.105124761445882 ], [ -72.025420458782477, 5.104690737902603 ], [ -72.025801880058935, 5.104042020538874 ], [ -72.025911999601789, 5.10360887385568 ], [ -72.026020370002328, 5.103555168923403 ], [ -72.02726338245445, 5.103642238665064 ], [ -72.028450338955892, 5.104162704667567 ], [ -72.029124347399062, 5.104545276508631 ], [ -72.028528932872334, 5.104705141199728 ], [ -72.027174798234441, 5.105268044103487 ] ], [ [ -72.025877347570926, 5.105262030720046 ], [ -72.027066802206107, 5.105240440073719 ], [ -72.028853920044483, 5.104571127992534 ], [ -72.028530930299411, 5.104271492380787 ], [ -72.027452094217907, 5.103751527194691 ], [ -72.027047141096688, 5.103641236964092 ], [ -72.026101335501167, 5.103582647684963 ], [ -72.025966059878471, 5.103609124381681 ], [ -72.025883220398555, 5.103988190399605 ], [ -72.025529204313614, 5.10455572425443 ], [ -72.025500799458086, 5.104853731687571 ], [ -72.025580890203003, 5.105070931441123 ], [ -72.025877347570926, 5.105262030720046 ] ] ], [ [ [ -72.028857496298485, 5.11552101262921 ], [ -72.028126916611143, 5.115680243756943 ], [ -72.028263571569667, 5.115355634650001 ], [ -72.028643877716306, 5.114950845197876 ], [ -72.029267209336439, 5.114601389917595 ], [ -72.029293989905071, 5.114655721431782 ], [ -72.029158211171804, 5.114790609748701 ], [ -72.028857496298485, 5.11552101262921 ] ] ], [ [ [ -72.027341754689814, 5.139310926040941 ], [ -72.02709746359568, 5.139526615189146 ], [ -72.026745926092829, 5.139552078861461 ], [ -72.026422049280853, 5.139442153599202 ], [ -72.025829240139913, 5.139032834366987 ], [ -72.025210532675487, 5.138379462403591 ], [ -72.025184759200101, 5.138108306858463 ], [ -72.025428420732993, 5.138028133227507 ], [ -72.026239242413581, 5.138059019490501 ], [ -72.026833057443042, 5.138251514135495 ], [ -72.027480182070931, 5.138606878514281 ], [ -72.027532988129948, 5.138878160597163 ], [ -72.027341754689814, 5.139310926040941 ] ], [ [ -72.027344646660438, 5.13868755720793 ], [ -72.026724679494436, 5.138305215790545 ], [ -72.026292802558388, 5.138167683545173 ], [ -72.025509012278718, 5.138136923396077 ], [ -72.025292130652559, 5.138271429062762 ], [ -72.025318533195275, 5.138407069917041 ], [ -72.026045115766067, 5.139115152289233 ], [ -72.026746429194247, 5.1394436669513 ], [ -72.027016871624966, 5.139417824968046 ], [ -72.027234005252296, 5.13922911275302 ], [ -72.027344646660438, 5.13868755720793 ] ] ], [ [ [ -72.02579240397931, 5.152774155809195 ], [ -72.025765371777055, 5.152774029336115 ], [ -72.025792530121379, 5.15274705286647 ], [ -72.02579240397931, 5.152774155809195 ] ] ], [ [ [ -72.025792277836572, 5.152801258751894 ], [ -72.025819310040674, 5.152801385224498 ], [ -72.025792151693153, 5.152828361694567 ], [ -72.025792277836572, 5.152801258751894 ] ] ], [ [ [ -72.025846216104313, 5.152828614639965 ], [ -72.025845963820032, 5.152882820527942 ], [ -72.025818931611852, 5.152882694054479 ], [ -72.025846216104313, 5.152828614639965 ] ] ], [ [ [ -72.025872996028895, 5.15288294700026 ], [ -72.025872743744202, 5.152937152889419 ], [ -72.025845711533066, 5.152937026415763 ], [ -72.025872996028895, 5.15288294700026 ] ] ], [ [ [ -72.025899775956006, 5.152937279361929 ], [ -72.02589952367093, 5.152991485252337 ], [ -72.025872491456823, 5.15299135877849 ], [ -72.025899775956006, 5.152937279361929 ] ] ], [ [ [ -72.02592655588569, 5.152991611725039 ], [ -72.025926303600201, 5.153045817616664 ], [ -72.025899271383153, 5.153045691142625 ], [ -72.02592655588569, 5.152991611725039 ] ] ], [ [ [ -72.025953335817931, 5.153045944089558 ], [ -72.025953083532031, 5.153100149982433 ], [ -72.025926051312027, 5.153100023508201 ], [ -72.025953335817931, 5.153045944089558 ] ] ], [ [ [ -72.025980115752731, 5.153100276455518 ], [ -72.025979737322274, 5.153181585296672 ], [ -72.025952705098135, 5.15318145882158 ], [ -72.025980115752731, 5.153100276455518 ] ] ], [ [ [ -72.026006643403363, 5.15320881471826 ], [ -72.02600626496826, 5.153290123561073 ], [ -72.025979232738905, 5.153289997084451 ], [ -72.026006643403363, 5.15320881471826 ] ] ], [ [ [ -72.026032792613307, 5.153398661829258 ], [ -72.026005760378709, 5.153398535351108 ], [ -72.026033171053058, 5.15331735298477 ], [ -72.026032792613307, 5.153398661829258 ] ] ], [ [ [ -72.026059446406208, 5.153480097152573 ], [ -72.026032414167517, 5.153479970673564 ], [ -72.0260596987018, 5.153425891255047 ], [ -72.026059446406208, 5.153480097152573 ] ] ], [ [ [ -72.026086226349577, 5.153534429529197 ], [ -72.026085974050886, 5.153588635427765 ], [ -72.02605894180698, 5.153588508947227 ], [ -72.026086226349577, 5.153534429529197 ] ] ], [ [ [ -72.026112753996443, 5.153642967807013 ], [ -72.026112501694669, 5.153697173706744 ], [ -72.026085469445476, 5.153697047224677 ], [ -72.026112753996443, 5.153642967807013 ] ] ], [ [ [ -72.026139281642372, 5.153751506088648 ], [ -72.026138903184062, 5.153832814939943 ], [ -72.026111870928474, 5.153832688455676 ], [ -72.026139281642372, 5.153751506088648 ] ] ], [ [ [ -72.026165304668737, 5.153968456177993 ], [ -72.026138272406783, 5.15396832969153 ], [ -72.026165683133698, 5.153887147325119 ], [ -72.026165304668737, 5.153968456177993 ] ] ], [ [ [ -72.02619170614868, 5.154104097420981 ], [ -72.026164673880345, 5.15410397093232 ], [ -72.026192084620305, 5.154022788566443 ], [ -72.02619170614868, 5.154104097420981 ] ] ], [ [ [ -72.026218486102223, 5.154158429812738 ], [ -72.026218107623933, 5.154239738668808 ], [ -72.026191075349217, 5.154239612177951 ], [ -72.026218486102223, 5.154158429812738 ] ] ], [ [ [ -72.026244887579409, 5.154294071063786 ], [ -72.026244509094468, 5.154375379921519 ], [ -72.026217476813372, 5.154375253428465 ], [ -72.026244887579409, 5.154294071063786 ] ] ], [ [ [ -72.026271289051905, 5.154429712319823 ], [ -72.026270910560328, 5.154511021179152 ], [ -72.026243878272808, 5.1545108946839 ], [ -72.026271289051905, 5.154429712319823 ] ] ], [ [ [ -72.026297438188195, 5.154619559488013 ], [ -72.02627040589546, 5.154619432991233 ], [ -72.026297690519698, 5.154565353580698 ], [ -72.026297438188195, 5.154619559488013 ] ] ], [ [ [ -72.026323839646849, 5.154755200754899 ], [ -72.026296807347705, 5.154755074255922 ], [ -72.026324218149725, 5.154673891892214 ], [ -72.026323839646849, 5.154755200754899 ] ] ], [ [ [ -72.026350619610298, 5.154809533162356 ], [ -72.026350241100758, 5.154890842026623 ], [ -72.026323208795262, 5.154890715525449 ], [ -72.026350619610298, 5.154809533162356 ] ] ], [ [ [ -72.026377021066182, 5.154945174437352 ], [ -72.026376642549991, 5.155026483303232 ], [ -72.026349610238086, 5.155026356799862 ], [ -72.026377021066182, 5.154945174437352 ] ] ], [ [ [ -72.026403422517348, 5.155080815717269 ], [ -72.026403170169459, 5.155135021628957 ], [ -72.026376137852324, 5.155134895124057 ], [ -72.026403422517348, 5.155080815717269 ] ] ], [ [ [ -72.026429823963838, 5.155216457002037 ], [ -72.026429193077959, 5.155351971783737 ], [ -72.02640216075099, 5.155351845274634 ], [ -72.026429823963838, 5.155216457002037 ] ] ], [ [ [ -72.026428435992727, 5.155514589520966 ], [ -72.026427552696063, 5.155704310213191 ], [ -72.026400520354215, 5.155704183695398 ], [ -72.026428435992727, 5.155514589520966 ] ] ], [ [ [ -72.02640026797539, 5.155758389605867 ], [ -72.026399763209696, 5.155866801426511 ], [ -72.026372730861695, 5.155866674903561 ], [ -72.02640026797539, 5.155758389605867 ] ] ], [ [ [ -72.026372604667444, 5.155893777857992 ], [ -72.026372226080667, 5.155975086721112 ], [ -72.026345193728758, 5.155974960194341 ], [ -72.026372604667444, 5.155893777857992 ] ] ], [ [ [ -72.026344688932397, 5.15608337200885 ], [ -72.026317656576595, 5.156083245478259 ], [ -72.026345067530684, 5.156002063148049 ], [ -72.026344688932397, 5.15608337200885 ] ] ], [ [ [ -72.026317530374683, 5.156110348431143 ], [ -72.026317151764914, 5.156191657289626 ], [ -72.026290498018412, 5.156110221898738 ], [ -72.026317530374683, 5.156110348431143 ] ] ], [ [ [ -72.026289740785955, 5.156272839611471 ], [ -72.026262708423488, 5.156272713073908 ], [ -72.026263087046175, 5.156191404219656 ], [ -72.026289740785955, 5.156272839611471 ] ] ], [ [ [ -72.026262582214585, 5.156299816025307 ], [ -72.026262329794761, 5.156354021927992 ], [ -72.026235297429523, 5.156353895387277 ], [ -72.026262582214585, 5.156299816025307 ] ] ], [ [ [ -72.026235171217451, 5.156380998337844 ], [ -72.026234918791303, 5.156435204239001 ], [ -72.026207886423322, 5.156435077695133 ], [ -72.026235171217451, 5.156380998337844 ] ] ], [ [ [ -72.026207507775638, 5.156516386544653 ], [ -72.0261804754049, 5.156516259997632 ], [ -72.026207760208095, 5.156462180644988 ], [ -72.026207507775638, 5.156516386544653 ] ] ], [ [ [ -72.026180349186504, 5.156543362946757 ], [ -72.026180096747709, 5.156597568844909 ], [ -72.026153316815311, 5.156543236397922 ], [ -72.026180349186504, 5.156543362946757 ] ] ], [ [ [ -72.026152685707572, 5.156678751139824 ], [ -72.02612565333132, 5.1566786245865 ], [ -72.0261260320014, 5.15659731574342 ], [ -72.026152685707572, 5.156678751139824 ] ] ], [ [ [ -72.026125400881227, 5.156732830481734 ], [ -72.026098368503355, 5.156732703925926 ], [ -72.026098620955722, 5.15667849803203 ], [ -72.026125400881227, 5.156732830481734 ] ] ], [ [ [ -72.026097989819746, 5.156814012766559 ], [ -72.026070957439117, 5.1568138862076 ], [ -72.026071336126137, 5.156732577368972 ], [ -72.026097989819746, 5.156814012766559 ] ] ], [ [ [ -72.026043672595506, 5.156867965538456 ], [ -72.026043925059184, 5.156813759647495 ], [ -72.026070704977727, 5.156868092099899 ], [ -72.026043672595506, 5.156867965538456 ] ] ], [ [ [ -72.026016387745315, 5.156922044865419 ], [ -72.026016640213953, 5.156867838975865 ], [ -72.026043420129156, 5.156922171429345 ], [ -72.026016387745315, 5.156922044865419 ] ] ], [ [ [ -72.026016135273977, 5.156976250754867 ], [ -72.025989102888516, 5.156976124188456 ], [ -72.025989355362128, 5.156921918300346 ], [ -72.026016135273977, 5.156976250754867 ] ] ], [ [ [ -72.025988850412205, 5.157030330076379 ], [ -72.025961818025124, 5.157030203507485 ], [ -72.025962070503724, 5.156975997620901 ], [ -72.025988850412205, 5.157030330076379 ] ] ], [ [ [ -72.025961565543838, 5.157084409394016 ], [ -72.025907374523172, 5.157111259191987 ], [ -72.025907627010383, 5.1570570533082 ], [ -72.025961565543838, 5.157084409394016 ] ] ], [ [ [ -72.025907122033274, 5.157165465075687 ], [ -72.025880089642499, 5.15716533850001 ], [ -72.02588034213467, 5.157111132617648 ], [ -72.025907122033274, 5.157165465075687 ] ] ], [ [ [ -72.025879963395397, 5.157192441441151 ], [ -72.025852931004167, 5.15719231486366 ], [ -72.025853057252405, 5.157165211923188 ], [ -72.025879963395397, 5.157192441441151 ] ] ], [ [ [ -72.025789269215934, 5.15925188500311 ], [ -72.025788890307012, 5.159333193814384 ], [ -72.025761857827405, 5.159333067180627 ], [ -72.025789269215934, 5.15925188500311 ] ] ], [ [ [ -72.02581592278726, 5.159333320446994 ], [ -72.025815417570513, 5.159441732197726 ], [ -72.025788385085676, 5.15944160556244 ], [ -72.02581592278726, 5.159333320446994 ] ] ], [ [ [ -72.025814912342994, 5.159550143947988 ], [ -72.025815417570513, 5.159441732197726 ], [ -72.025869103629404, 5.1595232942816 ], [ -72.02586859840298, 5.159631706036897 ], [ -72.025814912342994, 5.159550143947988 ] ] ], [ [ [ -72.025895125665215, 5.159740244431027 ], [ -72.025868093165798, 5.159740117791827 ], [ -72.025895630897836, 5.159631832673423 ], [ -72.025895125665215, 5.159740244431027 ] ] ], [ [ [ -72.025922158165301, 5.15974037106908 ], [ -72.025921652926513, 5.159848782828891 ], [ -72.025894620421838, 5.159848656188162 ], [ -72.025922158165301, 5.15974037106908 ] ] ], [ [ [ -72.025948685431885, 5.159848909468472 ], [ -72.02594830649916, 5.159930218290056 ], [ -72.025921273990363, 5.159930091648469 ], [ -72.025948685431885, 5.159848909468472 ] ] ], [ [ [ -72.025947801246119, 5.160038630051809 ], [ -72.025948180186901, 5.159957321230539 ], [ -72.025975212697489, 5.159957447871646 ], [ -72.025947801246119, 5.160038630051809 ] ] ], [ [ [ -72.026001234704836, 5.160174398045235 ], [ -72.025974202184415, 5.160174271399924 ], [ -72.026001866274825, 5.160038883336891 ], [ -72.026001234704836, 5.160174398045235 ] ] ], [ [ [ -72.026027635644837, 5.160310039400382 ], [ -72.026000603118035, 5.160309912752875 ], [ -72.026028267225925, 5.160174524689399 ], [ -72.026027635644837, 5.160310039400382 ] ] ], [ [ [ -72.026054668172293, 5.160310166046742 ], [ -72.026054036580121, 5.160445680760447 ], [ -72.026027004046952, 5.160445554110745 ], [ -72.026054668172293, 5.160310166046742 ] ] ], [ [ [ -72.026081069114028, 5.160445807409003 ], [ -72.026080058540742, 5.160662630954862 ], [ -72.026053025997683, 5.160662504300957 ], [ -72.026081069114028, 5.160445807409003 ] ] ], [ [ [ -72.026106712111812, 5.160744066438936 ], [ -72.026106206805537, 5.1608524782136 ], [ -72.026079174253809, 5.160852351556161 ], [ -72.026106712111812, 5.160744066438936 ] ] ], [ [ [ -72.026077152902843, 5.161285998639996 ], [ -72.02605012033348, 5.161285871970713 ], [ -72.026078542600118, 5.160987866270612 ], [ -72.026077152902843, 5.161285998639996 ] ] ], [ [ [ -72.026049235930302, 5.161475592563104 ], [ -72.026022203353648, 5.161475465887992 ], [ -72.026049867650229, 5.161340077854401 ], [ -72.026049235930302, 5.161475592563104 ] ] ], [ [ [ -72.026022077006488, 5.16150256882899 ], [ -72.026021571611182, 5.161610980592698 ], [ -72.025994539029455, 5.161610853913096 ], [ -72.026022077006488, 5.16150256882899 ] ] ], [ [ [ -72.025994412677804, 5.161637956853345 ], [ -72.025994033618815, 5.161719265673764 ], [ -72.025967001033194, 5.161719138990339 ], [ -72.025994412677804, 5.161637956853345 ] ] ], [ [ [ -72.025966874677707, 5.161746241929765 ], [ -72.025966495607207, 5.161827550747863 ], [ -72.025939463017664, 5.161827424060617 ], [ -72.025966874677707, 5.161746241929765 ] ] ], [ [ [ -72.02593933665834, 5.161854526999267 ], [ -72.025939083937686, 5.161908732876492 ], [ -72.025912051345358, 5.161908606186093 ], [ -72.02593933665834, 5.161854526999267 ] ] ], [ [ [ -72.02588489239011, 5.161935582431815 ], [ -72.025911924982879, 5.16193570912403 ], [ -72.025911545891418, 5.162017017937568 ], [ -72.02588489239011, 5.161935582431815 ] ] ], [ [ [ -72.025884134194243, 5.162098200054643 ], [ -72.025857101595264, 5.162098073357269 ], [ -72.025857480699656, 5.162016764547977 ], [ -72.025884134194243, 5.162098200054643 ] ] ], [ [ [ -72.025856848855639, 5.16215227923001 ], [ -72.025829816255069, 5.16215215253015 ], [ -72.025830068996981, 5.162097946658746 ], [ -72.025856848855639, 5.16215227923001 ] ] ], [ [ [ -72.025802404533792, 5.162233334634028 ], [ -72.025802783655152, 5.162152025829142 ], [ -72.025829437137148, 5.162233461337042 ], [ -72.025802404533792, 5.162233334634028 ] ] ], [ [ [ -72.025775119177894, 5.162287413798366 ], [ -72.025775371931118, 5.162233207929868 ], [ -72.025802151782869, 5.162287540503866 ], [ -72.025775119177894, 5.162287413798366 ] ] ], [ [ [ -72.025774866421997, 5.162341619666729 ], [ -72.025747833815402, 5.162341492958747 ], [ -72.0257480865736, 5.162287287091721 ], [ -72.025774866421997, 5.162341619666729 ] ] ], [ [ [ -72.025747581054517, 5.162395698825667 ], [ -72.025720548446316, 5.162395572115198 ], [ -72.025720801209502, 5.162341366249615 ], [ -72.025747581054517, 5.162395698825667 ] ] ], [ [ [ -72.025722164866352, 5.167843387917238 ], [ -72.025721911832449, 5.167897593773567 ], [ -72.025694878991786, 5.16789746692735 ], [ -72.025722164866352, 5.167843387917238 ] ] ], [ [ [ -72.025829284111481, 5.168060718731265 ], [ -72.025721911832449, 5.167897593773567 ], [ -72.025802757328776, 5.167952180165509 ], [ -72.02591025615223, 5.168088202193855 ], [ -72.025829284111481, 5.168060718731265 ] ] ], [ [ [ -72.025963942321937, 5.168169764677869 ], [ -72.02591025615223, 5.168088202193855 ], [ -72.026045167410743, 5.168143042262776 ], [ -72.026071947251566, 5.168197374973213 ], [ -72.025963942321937, 5.168169764677869 ] ] ], [ [ [ -72.026206732055499, 5.168279317968642 ], [ -72.026098727094947, 5.168251707685071 ], [ -72.026071947251566, 5.168197374973213 ], [ -72.026179952200437, 5.168224985255464 ], [ -72.026206732055499, 5.168279317968642 ] ] ], [ [ [ -72.026260797795132, 5.168279571634995 ], [ -72.026287577658636, 5.168333904349988 ], [ -72.026233511913091, 5.168333650683256 ], [ -72.026260797795132, 5.168279571634995 ] ] ], [ [ [ -72.02634164340688, 5.168334158012122 ], [ -72.026341516904523, 5.168361260955171 ], [ -72.026287451153976, 5.1683610072917 ], [ -72.02634164340688, 5.168334158012122 ] ] ], [ [ [ -72.026422362535527, 5.16841584733183 ], [ -72.026368296776369, 5.168415593672578 ], [ -72.02639558265777, 5.168361514614047 ], [ -72.026422362535527, 5.16841584733183 ] ] ], [ [ [ -72.026449268916295, 5.168443077105396 ], [ -72.026422236034577, 5.168442950276826 ], [ -72.026449395416108, 5.168415974159733 ], [ -72.026449268916295, 5.168443077105396 ] ] ], [ [ [ -72.026503334681777, 5.168443330759094 ], [ -72.026530114570804, 5.168497663479459 ], [ -72.026476048799381, 5.168497409825386 ], [ -72.026503334681777, 5.168443330759094 ] ] ], [ [ [ -72.026557147457524, 5.168497790304773 ], [ -72.026557020960283, 5.168524893253082 ], [ -72.026529988072426, 5.1685247664271 ], [ -72.026557147457524, 5.168497790304773 ] ] ], [ [ [ -72.026611086738015, 5.168525146901598 ], [ -72.026664773036458, 5.168606709398142 ], [ -72.026610707249176, 5.168606455750211 ], [ -72.026611086738015, 5.168525146901598 ] ] ], [ [ [ -72.026691679436951, 5.168633939171882 ], [ -72.026664646541121, 5.16863381234897 ], [ -72.026691805931137, 5.168606836220386 ], [ -72.026691679436951, 5.168633939171882 ] ] ], [ [ [ -72.026745618738005, 5.168661295767066 ], [ -72.026691552942083, 5.168661042123353 ], [ -72.026745745230571, 5.168634192814257 ], [ -72.026745618738005, 5.168661295767066 ] ] ], [ [ [ -72.026772651636961, 5.168661422587197 ], [ -72.026772525144864, 5.168688525540681 ], [ -72.026745492244757, 5.16868839871988 ], [ -72.026772651636961, 5.168661422587197 ] ] ], [ [ [ -72.026826590947124, 5.168688779178836 ], [ -72.026826464456661, 5.168715882133546 ], [ -72.026772398652099, 5.168715628494052 ], [ -72.026826590947124, 5.168688779178836 ] ] ], [ [ [ -72.026880530263867, 5.168716135768441 ], [ -72.026907310192399, 5.168770468497621 ], [ -72.02685324437924, 5.168770214862347 ], [ -72.026880530263867, 5.168716135768441 ] ] ], [ [ [ -72.026961249521463, 5.168797825086321 ], [ -72.026907183703329, 5.168797571454308 ], [ -72.026961376008231, 5.168770722128297 ], [ -72.026961249521463, 5.168797825086321 ] ] ], [ [ [ -72.027042095285054, 5.168852411445737 ], [ -72.026988029458295, 5.168852157817945 ], [ -72.027015315342297, 5.168798078713739 ], [ -72.027042095285054, 5.168852411445737 ] ] ], [ [ [ -72.027096161114486, 5.168852665068935 ], [ -72.027122941065727, 5.168906997802681 ], [ -72.027068875230356, 5.168906744179107 ], [ -72.027096161114486, 5.168852665068935 ] ] ], [ [ [ -72.027177006903798, 5.168907251421657 ], [ -72.027176880422843, 5.168934354384897 ], [ -72.027122814582469, 5.168934100764583 ], [ -72.027177006903798, 5.168907251421657 ] ] ], [ [ [ -72.027311665605765, 5.169016297315148 ], [ -72.027203660382384, 5.168988687121053 ], [ -72.027176880422843, 5.168934354384897 ], [ -72.027284885634543, 5.168961964577625 ], [ -72.027311665605765, 5.169016297315148 ] ] ], [ [ [ -72.027392511442088, 5.169070883662719 ], [ -72.027338445579531, 5.169070630054105 ], [ -72.027365731462396, 5.169016550923386 ], [ -72.027392511442088, 5.169070883662719 ] ] ], [ [ [ -72.027473357295548, 5.169125470007851 ], [ -72.027419291424337, 5.169125216403459 ], [ -72.027446577307373, 5.169071137266737 ], [ -72.027473357295548, 5.169125470007851 ] ] ], [ [ [ -72.027527423169403, 5.169125723607647 ], [ -72.027554203166105, 5.169180056350604 ], [ -72.02750013728631, 5.169179802750433 ], [ -72.027527423169403, 5.169125723607647 ] ] ], [ [ [ -72.027608269048599, 5.169180309946179 ], [ -72.027608142579254, 5.169207412919851 ], [ -72.027554076694472, 5.169207159322941 ], [ -72.027608269048599, 5.169180309946179 ] ] ], [ [ [ -72.027635175522647, 5.169207539716584 ], [ -72.027635049053785, 5.169234642690898 ], [ -72.027608016109241, 5.169234515893498 ], [ -72.027635175522647, 5.169207539716584 ] ] ], [ [ [ -72.028012372242301, 5.169480344585721 ], [ -72.027985339278032, 5.169480217798394 ], [ -72.028012498701173, 5.169453241602286 ], [ -72.028012372242301, 5.169480344585721 ] ] ], [ [ [ -72.028093218226275, 5.169534930911588 ], [ -72.028066185257671, 5.169534804126372 ], [ -72.028093344683029, 5.169507827926252 ], [ -72.028093218226275, 5.169534930911588 ] ] ], [ [ [ -72.028147284165428, 5.169535184478574 ], [ -72.028147157710265, 5.169562287465271 ], [ -72.028120124739218, 5.169562160681685 ], [ -72.028147284165428, 5.169535184478574 ] ] ], [ [ [ -72.024098462240872, 5.150814776859319 ], [ -72.024098336074601, 5.150841879761741 ], [ -72.024071303995783, 5.150841753264007 ], [ -72.024098462240872, 5.150814776859319 ] ] ], [ [ [ -72.024125241988258, 5.150869109161414 ], [ -72.02412536815406, 5.150842006258331 ], [ -72.024152400234229, 5.150842132753777 ], [ -72.024125241988258, 5.150869109161414 ] ] ], [ [ [ -72.02417930615151, 5.150869362152497 ], [ -72.024179179987328, 5.150896465056891 ], [ -72.024152147904218, 5.150896338561255 ], [ -72.02417930615151, 5.150869362152497 ] ] ], [ [ [ -72.024206212071107, 5.150896591551386 ], [ -72.02420608590738, 5.150923694456425 ], [ -72.024179053822465, 5.150923567961262 ], [ -72.024206212071107, 5.150896591551386 ] ] ], [ [ [ -72.024233117992978, 5.150923820950442 ], [ -72.02423299182972, 5.150950923856104 ], [ -72.024205959742986, 5.150950797361419 ], [ -72.024233117992978, 5.150923820950442 ] ] ], [ [ [ -72.024260023917151, 5.150951050349645 ], [ -72.024259897754362, 5.15097815325602 ], [ -72.024232865665795, 5.150978026761809 ], [ -72.024260023917151, 5.150951050349645 ] ] ], [ [ [ -72.024286929843583, 5.150978279749085 ], [ -72.024313961933487, 5.150978406241006 ], [ -72.024286803681264, 5.151005382656035 ], [ -72.024286929843583, 5.150978279749085 ] ] ], [ [ [ -72.024340741703313, 5.151032738548349 ], [ -72.024313709610468, 5.151032612056234 ], [ -72.024340867864026, 5.151005635640069 ], [ -72.024340741703313, 5.151032738548349 ] ] ], [ [ [ -72.02436777379684, 5.151032865039316 ], [ -72.024367647636609, 5.151059967948238 ], [ -72.024340615541931, 5.1510598414566 ], [ -72.02436777379684, 5.151032865039316 ] ] ], [ [ [ -72.024394679731941, 5.15106009443873 ], [ -72.024394553572179, 5.151087197348294 ], [ -72.024367521475696, 5.151087070857131 ], [ -72.024394679731941, 5.15106009443873 ] ] ], [ [ [ -72.024421585669344, 5.15108732383831 ], [ -72.024421459510052, 5.151114426748517 ], [ -72.024394427411735, 5.151114300257833 ], [ -72.024421585669344, 5.15108732383831 ] ] ], [ [ [ -72.024448365450183, 5.151141656148891 ], [ -72.024421333350077, 5.151141529658682 ], [ -72.024448491609022, 5.151114553238058 ], [ -72.024448365450183, 5.151141656148891 ] ] ], [ [ [ -72.024475271392618, 5.151168885549448 ], [ -72.024448239290692, 5.151168759059717 ], [ -72.024475397550987, 5.151141782637954 ], [ -72.024475271392618, 5.151168885549448 ] ] ], [ [ [ -72.024502303495225, 5.151169012038037 ], [ -72.024502177337325, 5.151196114950173 ], [ -72.024475145233595, 5.151195988460914 ], [ -72.024502303495225, 5.151169012038037 ] ] ], [ [ [ -72.02455598923359, 5.151250573752121 ], [ -72.024556115390553, 5.151223470838699 ], [ -72.024583147497466, 5.151223597325191 ], [ -72.02455598923359, 5.151250573752121 ] ] ], [ [ [ -72.024610053450374, 5.151250826725297 ], [ -72.024609927295032, 5.151277929640065 ], [ -72.024582895185176, 5.151277803153379 ], [ -72.024610053450374, 5.151250826725297 ] ] ], [ [ [ -72.024636833250696, 5.151305159040978 ], [ -72.024609801139036, 5.15130503255477 ], [ -72.024636959405569, 5.151278056125602 ], [ -72.024636833250696, 5.151305159040978 ] ] ], [ [ [ -72.024663739208648, 5.151332388442095 ], [ -72.024636707095155, 5.151332261956362 ], [ -72.024663865363038, 5.151305285526041 ], [ -72.024663739208648, 5.151332388442095 ] ] ], [ [ [ -72.02469077132281, 5.15133251492668 ], [ -72.024690645168874, 5.151359617843291 ], [ -72.024663613053576, 5.151359491358036 ], [ -72.02469077132281, 5.15133251492668 ] ] ], [ [ [ -72.024717677284841, 5.151359744327404 ], [ -72.024717551131388, 5.151386847244709 ], [ -72.024690519014271, 5.151386720759929 ], [ -72.024717677284841, 5.151359744327404 ] ] ], [ [ [ -72.024744583249188, 5.151386973728344 ], [ -72.02474445709619, 5.151414076646289 ], [ -72.02471742497724, 5.151413950161986 ], [ -72.024744583249188, 5.151386973728344 ] ] ], [ [ [ -72.024771489215809, 5.151414203129448 ], [ -72.02477136306328, 5.151441306048039 ], [ -72.024744330942539, 5.151441179564212 ], [ -72.024771489215809, 5.151414203129448 ] ] ], [ [ [ -72.024798395184689, 5.151441432530722 ], [ -72.024798269032644, 5.151468535449935 ], [ -72.024771236910084, 5.151468408966586 ], [ -72.024798395184689, 5.151441432530722 ] ] ], [ [ [ -72.024798016726507, 5.151522741288324 ], [ -72.024798142879916, 5.151495638369144 ], [ -72.024825175004295, 5.151495764852019 ], [ -72.024798016726507, 5.151522741288324 ] ] ], [ [ [ -72.024852080978235, 5.151522994254267 ], [ -72.024851954826445, 5.151550097174758 ], [ -72.024824922699111, 5.151549970691691 ], [ -72.024852080978235, 5.151522994254267 ] ] ], [ [ [ -72.024878860803156, 5.151577326577819 ], [ -72.024851828673988, 5.151577200095226 ], [ -72.024878986954462, 5.151550223656681 ], [ -72.024878860803156, 5.151577326577819 ] ] ], [ [ [ -72.024905766782126, 5.151604555981075 ], [ -72.024878734651153, 5.151604429498961 ], [ -72.024905892932964, 5.151577453059265 ], [ -72.024905766782126, 5.151604555981075 ] ] ], [ [ [ -72.024932798913753, 5.151604682462046 ], [ -72.024932672763384, 5.15163178538445 ], [ -72.024905640630593, 5.151631658902811 ], [ -72.024932798913753, 5.151604682462046 ] ] ], [ [ [ -72.024959704896816, 5.151631911864944 ], [ -72.024959578746916, 5.151659014788008 ], [ -72.02493254661232, 5.151658888306844 ], [ -72.024959704896816, 5.151631911864944 ] ] ], [ [ [ -72.024986610882166, 5.151659141268023 ], [ -72.024986484732736, 5.151686244191731 ], [ -72.024959452596335, 5.151686117711045 ], [ -72.024986610882166, 5.151659141268023 ] ] ], [ [ [ -72.025013390720829, 5.151713473595621 ], [ -72.024986358582623, 5.151713347115412 ], [ -72.025013516869805, 5.151686370671272 ], [ -72.025013390720829, 5.151713473595621 ] ] ], [ [ [ -72.025040296711254, 5.151740702999679 ], [ -72.0250132645712, 5.151740576519946 ], [ -72.025040422859746, 5.151713600074687 ], [ -72.025040296711254, 5.151740702999679 ] ] ], [ [ [ -72.025067328851961, 5.151740829478269 ], [ -72.025067076555231, 5.151795035329494 ], [ -72.025040044412236, 5.151794908849568 ], [ -72.025067328851961, 5.151740829478269 ] ] ], [ [ [ -72.025094108698895, 5.151795161808275 ], [ -72.025093982550658, 5.151822264734526 ], [ -72.025066950405844, 5.151822138255076 ], [ -72.025094108698895, 5.151795161808275 ] ] ], [ [ [ -72.02512101469614, 5.151822391212832 ], [ -72.025120888548372, 5.151849494139725 ], [ -72.025093856401767, 5.151849367660752 ], [ -72.02512101469614, 5.151822391212832 ] ] ], [ [ [ -72.025147794548374, 5.15187672354509 ], [ -72.025120762399936, 5.151876597066592 ], [ -72.025147920695673, 5.151849620617553 ], [ -72.025147794548374, 5.15187672354509 ] ] ], [ [ [ -72.02517470055065, 5.151903952950605 ], [ -72.025147668400407, 5.151903826472584 ], [ -72.02517482669748, 5.151876850022442 ], [ -72.02517470055065, 5.151903952950605 ] ] ], [ [ [ -72.025201732701603, 5.151904079427481 ], [ -72.025201480408214, 5.151958285285185 ], [ -72.025174448254987, 5.15195815880697 ], [ -72.025201732701603, 5.151904079427481 ] ] ], [ [ [ -72.025228512562094, 5.151958411762252 ], [ -72.025228386415534, 5.151985514691641 ], [ -72.025201354260517, 5.151985388213903 ], [ -72.025228512562094, 5.151958411762252 ] ] ], [ [ [ -72.025255418571234, 5.151985641168232 ], [ -72.025255292425143, 5.152012744098313 ], [ -72.025228260268307, 5.152012617621052 ], [ -72.025255418571234, 5.151985641168232 ] ] ], [ [ [ -72.025282324582648, 5.152012870574429 ], [ -72.025282198437026, 5.152039973505154 ], [ -72.025255166278384, 5.152039847028369 ], [ -72.025282324582648, 5.152012870574429 ] ] ], [ [ [ -72.025309230596363, 5.152040099980793 ], [ -72.02530910445121, 5.152067202912159 ], [ -72.02528207229075, 5.152067076435852 ], [ -72.025309230596363, 5.152040099980793 ] ] ], [ [ [ -72.025336136612353, 5.152067329387322 ], [ -72.025335884322317, 5.152121535251299 ], [ -72.025308852158901, 5.152121408774798 ], [ -72.025336136612353, 5.152067329387322 ] ] ], [ [ [ -72.025362916486429, 5.152121661726652 ], [ -72.025362790341546, 5.152148764659279 ], [ -72.025335758176283, 5.152148638183257 ], [ -72.025362916486429, 5.152121661726652 ] ] ], [ [ [ -72.02538969636305, 5.152175994067426 ], [ -72.025362664195995, 5.15217586759188 ], [ -72.025389822507449, 5.152148891134159 ], [ -72.02538969636305, 5.152175994067426 ] ] ], [ [ [ -72.025416476242214, 5.152230326409658 ], [ -72.025389444072204, 5.15223019993392 ], [ -72.025416728530772, 5.15217612054183 ], [ -72.025416476242214, 5.152230326409658 ] ] ], [ [ [ -72.025443508412891, 5.152230452884253 ], [ -72.025443382268747, 5.152257555818764 ], [ -72.025416350096918, 5.152257429343502 ], [ -72.025443508412891, 5.152230452884253 ] ] ], [ [ [ -72.025470414441244, 5.152257682292882 ], [ -72.025470288297569, 5.152284785228104 ], [ -72.025443256123935, 5.152284658753318 ], [ -72.025470414441244, 5.152257682292882 ] ] ], [ [ [ -72.025497320471899, 5.152284911701745 ], [ -72.025497068184819, 5.152339117573295 ], [ -72.025470036008201, 5.152338991098316 ], [ -72.025497320471899, 5.152284911701745 ] ] ], [ [ [ -72.025523974218672, 5.152366346983557 ], [ -72.025496942040277, 5.152366220509056 ], [ -72.025524100362077, 5.152339244047129 ], [ -72.025523974218672, 5.152366346983557 ] ] ], [ [ [ -72.025550880254826, 5.152393576393971 ], [ -72.025523848074599, 5.152393449919945 ], [ -72.025551006397762, 5.152366473456914 ], [ -72.025550880254826, 5.152393576393971 ] ] ], [ [ [ -72.025577912435722, 5.152393702866852 ], [ -72.025577660150105, 5.152447908742256 ], [ -72.025550627966936, 5.152447782268037 ], [ -72.025577912435722, 5.152393702866852 ] ] ], [ [ [ -72.025604692333971, 5.152448035215327 ], [ -72.025604566191291, 5.15247513815366 ], [ -72.025577534006288, 5.152475011679918 ], [ -72.025604692333971, 5.152448035215327 ] ] ], [ [ [ -72.025631598376961, 5.152475264626255 ], [ -72.025631346091899, 5.152529470504162 ], [ -72.025604313903941, 5.152529344030228 ], [ -72.025631598376961, 5.152475264626255 ] ] ], [ [ [ -72.025658252138129, 5.15255669991659 ], [ -72.025631219948352, 5.152556573443134 ], [ -72.025658378280539, 5.152529596976949 ], [ -72.025658252138129, 5.15255669991659 ] ] ], [ [ [ -72.025685032044038, 5.152611032269327 ], [ -72.025657999851305, 5.152610905795677 ], [ -72.025685284328574, 5.152556826388902 ], [ -72.025685032044038, 5.152611032269327 ] ] ], [ [ [ -72.025712064237439, 5.152611158741831 ], [ -72.025711938095299, 5.152638261682679 ], [ -72.025684905900761, 5.152638135209508 ], [ -72.025712064237439, 5.152611158741831 ] ] ], [ [ [ -72.025738970290504, 5.152638388154707 ], [ -72.025738718006508, 5.152692594037666 ], [ -72.025711685809014, 5.152692467564301 ], [ -72.025738970290504, 5.152638388154707 ] ] ], [ [ [ -72.025765750204684, 5.152692720509885 ], [ -72.025765624062814, 5.152719823452027 ], [ -72.025738591863501, 5.15271969697914 ], [ -72.025765750204684, 5.152692720509885 ] ] ], [ [ [ -72.025708550702689, 5.159170196298959 ], [ -72.02568202344473, 5.159061657927336 ], [ -72.025735962077761, 5.159089014123179 ], [ -72.025708550702689, 5.159170196298959 ] ] ], [ [ [ -72.025762615646101, 5.159170449561889 ], [ -72.02576223673978, 5.15925175837136 ], [ -72.025735204264308, 5.159251631738461 ], [ -72.025762615646101, 5.159170449561889 ] ] ], [ [ [ -72.025720295680458, 5.16244977798066 ], [ -72.025693263070636, 5.162449651267707 ], [ -72.025693515838796, 5.162395445403583 ], [ -72.025720295680458, 5.16244977798066 ] ] ], [ [ [ -72.02569301029979, 5.162503857131743 ], [ -72.025665977688362, 5.162503730416306 ], [ -72.025666230461511, 5.162449524553607 ], [ -72.02569301029979, 5.162503857131743 ] ] ], [ [ [ -72.025638692299509, 5.162557809561011 ], [ -72.025638945077617, 5.16250360369972 ], [ -72.025665724912557, 5.162557936278934 ], [ -72.025638692299509, 5.162557809561011 ] ] ], [ [ [ -72.025611406904034, 5.162611888701787 ], [ -72.025611659687129, 5.162557682841939 ], [ -72.025638439518701, 5.162612015422195 ], [ -72.025611406904034, 5.162611888701787 ] ] ], [ [ [ -72.025611154118252, 5.162666094561448 ], [ -72.02558412150195, 5.162665967838555 ], [ -72.025584374290034, 5.162611761980231 ], [ -72.025611154118252, 5.162666094561448 ] ] ], [ [ [ -72.025556962490171, 5.162692944042991 ], [ -72.025583995106913, 5.162693070767702 ], [ -72.025583742314808, 5.162747276625899 ], [ -72.025556962490171, 5.162692944042991 ] ] ], [ [ [ -72.025556456898684, 5.162801355756626 ], [ -72.025529424278034, 5.162801229028092 ], [ -72.025529677077401, 5.162747023172657 ], [ -72.025556456898684, 5.162801355756626 ] ] ], [ [ [ -72.025502138853696, 5.162855308152391 ], [ -72.025502391658051, 5.162801102298415 ], [ -72.025529171475966, 5.162855434883408 ], [ -72.025502138853696, 5.162855308152391 ] ] ], [ [ [ -72.02547485342275, 5.162909387272812 ], [ -72.025475106232093, 5.162855181420225 ], [ -72.025501886046655, 5.162909514006314 ], [ -72.02547485342275, 5.162909387272812 ] ] ], [ [ [ -72.025474474203719, 5.162990696051441 ], [ -72.025447441577072, 5.162990569314785 ], [ -72.025447820799542, 5.162909260538162 ], [ -72.025474474203719, 5.162990696051441 ] ] ], [ [ [ -72.025447188758733, 5.163044775165721 ], [ -72.025420156130451, 5.163044648426578 ], [ -72.025420408951078, 5.162990442576981 ], [ -72.025447188758733, 5.163044775165721 ] ] ], [ [ [ -72.025419776894438, 5.163125957200805 ], [ -72.025392744263399, 5.163125830458509 ], [ -72.025393123502852, 5.16304452168629 ], [ -72.025419776894438, 5.163125957200805 ] ] ], [ [ [ -72.025365332384126, 5.163207012485077 ], [ -72.025365711633043, 5.163125703715066 ], [ -72.025392365017922, 5.163207139230527 ], [ -72.025365332384126, 5.163207012485077 ] ] ], [ [ [ -72.025337920492603, 5.163288194506197 ], [ -72.025338299751013, 5.16320688573848 ], [ -72.025364953129156, 5.163288321254801 ], [ -72.025337920492603, 5.163288194506197 ] ] ], [ [ [ -72.025337541228154, 5.163369503273683 ], [ -72.025310508588845, 5.163369376521924 ], [ -72.025310887856733, 5.163288067756446 ], [ -72.025337541228154, 5.163369503273683 ] ] ], [ [ [ -72.025310129314889, 5.163450685287182 ], [ -72.025283096672794, 5.16345055853227 ], [ -72.025283475950175, 5.16336924976902 ], [ -72.025310129314889, 5.163450685287182 ] ] ], [ [ [ -72.025282590960202, 5.163558970216256 ], [ -72.025255558314228, 5.163558843457521 ], [ -72.025256064031396, 5.16345043177621 ], [ -72.025282590960202, 5.163558970216256 ] ] ], [ [ [ -72.025255052586303, 5.16366725513838 ], [ -72.025228019936407, 5.163667128375822 ], [ -72.025228525668908, 5.163558716697637 ], [ -72.025255052586303, 5.16366725513838 ] ] ], [ [ [ -72.025227893501594, 5.163694231295306 ], [ -72.025227387755635, 5.163802642973017 ], [ -72.025200355100694, 5.163802516205967 ], [ -72.025227893501594, 5.163694231295306 ] ] ], [ [ [ -72.025173196005966, 5.163829492355785 ], [ -72.02520022866139, 5.163829619124653 ], [ -72.025199470011358, 5.163992236636178 ], [ -72.025173196005966, 5.163829492355785 ] ] ], [ [ [ -72.02517129931833, 5.164236036122871 ], [ -72.025144266646421, 5.164235909342823 ], [ -72.025145404687464, 5.163991983089271 ], [ -72.02517129931833, 5.164236036122871 ] ] ], [ [ [ -72.025141863936426, 5.164750864760007 ], [ -72.025114831243414, 5.164750737966103 ], [ -72.025144140194058, 5.164263012259751 ], [ -72.025141863936426, 5.164750864760007 ] ] ], [ [ [ -72.025166746650612, 5.165211741139888 ], [ -72.025139713937463, 5.165211614335762 ], [ -72.025168643701434, 5.164805197386969 ], [ -72.025166746650612, 5.165211741139888 ] ] ], [ [ [ -72.025193526415165, 5.16526607377747 ], [ -72.025191882179442, 5.16561841169996 ], [ -72.025164849448458, 5.165618284886951 ], [ -72.025193526415165, 5.16526607377747 ] ] ], [ [ [ -72.025218661943953, 5.165672744346979 ], [ -72.025216764604664, 5.166079288107482 ], [ -72.02518973185353, 5.16607916128425 ], [ -72.025218661943953, 5.165672744346979 ] ] ], [ [ [ -72.025243670862935, 5.166106517847389 ], [ -72.025243038385241, 5.1662420324361 ], [ -72.025216005626561, 5.166241905610003 ], [ -72.025243670862935, 5.166106517847389 ] ] ], [ [ [ -72.025269438655798, 5.16637767385248 ], [ -72.025242405890722, 5.166377547024188 ], [ -72.025269944648173, 5.166269262179383 ], [ -72.025269438655798, 5.16637767385248 ] ] ], [ [ [ -72.025269312156013, 5.166404776770687 ], [ -72.025296344922936, 5.166404903598498 ], [ -72.025268679647056, 5.166540291361299 ], [ -72.025269312156013, 5.166404776770687 ] ] ], [ [ [ -72.02532274519298, 5.166540545022465 ], [ -72.025322112678666, 5.166676059619197 ], [ -72.025295079899635, 5.166675932785846 ], [ -72.02532274519298, 5.166540545022465 ] ] ], [ [ [ -72.02534914545835, 5.166676186451401 ], [ -72.025348512932936, 5.166811701050688 ], [ -72.025321480147525, 5.16681157421514 ], [ -72.02534914545835, 5.166676186451401 ] ] ], [ [ [ -72.025375545719029, 5.166811827885087 ], [ -72.025375166199154, 5.166893136646392 ], [ -72.025348133409622, 5.166893009809986 ], [ -72.025375545719029, 5.166811827885087 ] ] ], [ [ [ -72.025401692958013, 5.167001675165713 ], [ -72.025374660163237, 5.167001548327781 ], [ -72.025402198989369, 5.166893263481647 ], [ -72.025401692958013, 5.167001675165713 ] ] ], [ [ [ -72.025428346226363, 5.167083110767264 ], [ -72.025401313427452, 5.167082983928474 ], [ -72.0254287257535, 5.167001802002497 ], [ -72.025428346226363, 5.167083110767264 ] ] ], [ [ [ -72.025481526255362, 5.167273084900988 ], [ -72.025427840180782, 5.167191522453239 ], [ -72.025428346226363, 5.167083110767264 ], [ -72.025482032299848, 5.167164673209927 ], [ -72.025481526255362, 5.167273084900988 ] ] ], [ [ [ -72.025534832800716, 5.167435956123685 ], [ -72.02550779998424, 5.167435829280796 ], [ -72.025481526255362, 5.167273084900988 ], [ -72.025535338852194, 5.167327544427904 ], [ -72.025534832800716, 5.167435956123685 ] ] ], [ [ [ -72.025561865617874, 5.167436082965427 ], [ -72.025561486075631, 5.167517391738918 ], [ -72.025534453255062, 5.167517264895171 ], [ -72.025561865617874, 5.167436082965427 ] ] ], [ [ [ -72.025588518896924, 5.167517518581516 ], [ -72.025588139352081, 5.167598827356845 ], [ -72.025561106527363, 5.167598700512241 ], [ -72.025588518896924, 5.167517518581516 ] ] ], [ [ [ -72.025615172177439, 5.167598954200301 ], [ -72.025614919146477, 5.167653160051717 ], [ -72.025587886318817, 5.167653033206924 ], [ -72.025615172177439, 5.167598954200301 ] ] ], [ [ [ -72.025641951974819, 5.16765328689536 ], [ -72.02564157242675, 5.167734595674277 ], [ -72.025614539594997, 5.167734468828626 ], [ -72.025641951974819, 5.16765328689536 ] ] ], [ [ [ -72.025668605259199, 5.167734722518778 ], [ -72.025668352226077, 5.167788928372607 ], [ -72.025641319391369, 5.167788801526767 ], [ -72.025668605259199, 5.167734722518778 ] ] ], [ [ [ -72.025695132027991, 5.167843261072359 ], [ -72.025668099190284, 5.167843134226332 ], [ -72.025695385061496, 5.167789055217299 ], [ -72.025695132027991, 5.167843261072359 ] ] ], [ [ [ -72.019194552938188, 5.147376784974441 ], [ -72.019167521126903, 5.147376658353438 ], [ -72.019194805514545, 5.147322579406661 ], [ -72.019194552938188, 5.147376784974441 ] ] ], [ [ [ -72.019248490275885, 5.147404140998211 ], [ -72.019248237700026, 5.147458346568532 ], [ -72.019194300359118, 5.147430990542134 ], [ -72.019248490275885, 5.147404140998211 ] ] ], [ [ [ -72.019275269516783, 5.147458473188111 ], [ -72.019275016940526, 5.147512678759702 ], [ -72.019247985121481, 5.147512552138783 ], [ -72.019275269516783, 5.147458473188111 ] ] ], [ [ [ -72.019328954293712, 5.147540034785173 ], [ -72.019328701717967, 5.147594240359254 ], [ -72.019274764361569, 5.147566884331138 ], [ -72.019328954293712, 5.147540034785173 ] ] ], [ [ [ -72.019355480966269, 5.147648572554068 ], [ -72.019328449139536, 5.147648445933231 ], [ -72.019355733542426, 5.147594366978751 ], [ -72.019355480966269, 5.147648572554068 ] ] ], [ [ [ -72.019409165759342, 5.147730134159096 ], [ -72.019355228387425, 5.147702778129263 ], [ -72.019409418334973, 5.147675928581253 ], [ -72.019409165759342, 5.147730134159096 ] ] ], [ [ [ -72.019436197591546, 5.14773026077851 ], [ -72.019436071303872, 5.147757363568062 ], [ -72.019409039470517, 5.147757236947976 ], [ -72.019436197591546, 5.14773026077851 ] ] ], [ [ [ -72.019624410179318, 5.147947969435603 ], [ -72.019489629824221, 5.147866027968173 ], [ -72.019436071303872, 5.147757363568062 ], [ -72.019490008686475, 5.147784719595666 ], [ -72.019624410179318, 5.147947969435603 ] ] ], [ [ [ -72.019651442026031, 5.147948096051226 ], [ -72.019651315742081, 5.147975198845929 ], [ -72.019624283894231, 5.147975072229636 ], [ -72.019651442026031, 5.147948096051226 ] ] ], [ [ [ -72.019678221307132, 5.148002428256406 ], [ -72.019651189457463, 5.148002301640589 ], [ -72.019678347590599, 5.147975325461077 ], [ -72.019678221307132, 5.148002428256406 ] ] ], [ [ [ -72.019732158726612, 5.148029784281271 ], [ -72.019678095022968, 5.148029531051728 ], [ -72.019732285008473, 5.148002681484611 ], [ -72.019732158726612, 5.148029784281271 ] ] ], [ [ [ -72.01975919057945, 5.148029910894328 ], [ -72.019759064298043, 5.148057013691632 ], [ -72.019732032444054, 5.148056887077908 ], [ -72.01975919057945, 5.148029910894328 ] ] ], [ [ [ -72.019813128007996, 5.148057266915651 ], [ -72.01981300172821, 5.148084369714271 ], [ -72.019758938015983, 5.148084116488911 ], [ -72.019813128007996, 5.148057266915651 ] ] ], [ [ [ -72.019840033585339, 5.148084496325232 ], [ -72.019839907306022, 5.148111599124478 ], [ -72.019812875447741, 5.148111472512844 ], [ -72.019840033585339, 5.148084496325232 ] ] ], [ [ [ -72.019893971024572, 5.14811185234431 ], [ -72.019893844746861, 5.148138955144937 ], [ -72.019839781026008, 5.148138701923766 ], [ -72.019893971024572, 5.14811185234431 ] ] ], [ [ [ -72.01992087660831, 5.148139081753806 ], [ -72.019920750331067, 5.148166184555012 ], [ -72.019893718468467, 5.148166057945471 ], [ -72.01992087660831, 5.148139081753806 ] ] ], [ [ [ -72.01997481405823, 5.148166437770658 ], [ -72.019974687782593, 5.148193540573191 ], [ -72.019920624053142, 5.148193287356206 ], [ -72.01997481405823, 5.148166437770658 ] ] ], [ [ [ -72.020001719648334, 5.148193667179969 ], [ -72.020001593373166, 5.148220769983149 ], [ -72.019974561506274, 5.1482206433757 ], [ -72.020001719648334, 5.148193667179969 ] ] ], [ [ [ -72.020028625240712, 5.14822089658945 ], [ -72.020055657108955, 5.148221023194608 ], [ -72.020028498966013, 5.148247999393272 ], [ -72.020028625240712, 5.14822089658945 ] ] ], [ [ [ -72.020109468304199, 5.148275482013126 ], [ -72.020055404561163, 5.148275228803565 ], [ -72.020109594576141, 5.148248379207321 ], [ -72.020109468304199, 5.148275482013126 ] ] ], [ [ [ -72.020163532049921, 5.148275735218113 ], [ -72.020163405779584, 5.148302838025216 ], [ -72.020109342031574, 5.148302584818891 ], [ -72.020163532049921, 5.148275735218113 ] ] ], [ [ [ -72.020217469530309, 5.148303091226965 ], [ -72.020217343261578, 5.148330194035396 ], [ -72.020163279508566, 5.14832994083231 ], [ -72.020217469530309, 5.148303091226965 ] ] ], [ [ [ -72.020244375139086, 5.148330320635225 ], [ -72.020244248870824, 5.148357423444301 ], [ -72.020217216992165, 5.148357296843806 ], [ -72.020244375139086, 5.148330320635225 ] ] ], [ [ [ -72.020298186363462, 5.148384779452255 ], [ -72.020271154482344, 5.148384652853376 ], [ -72.020298312630118, 5.148357676641862 ], [ -72.020298186363462, 5.148384779452255 ] ] ], [ [ [ -72.020352123862708, 5.148412135458283 ], [ -72.020325091979089, 5.148412008861024 ], [ -72.020352250127758, 5.148385032646578 ], [ -72.020352123862708, 5.148412135458283 ] ] ], [ [ [ -72.020406187632005, 5.14841238864937 ], [ -72.020406061368561, 5.148439491462423 ], [ -72.020379029482456, 5.14843936486678 ], [ -72.020406187632005, 5.14841238864937 ] ] ], [ [ [ -72.020460125142804, 5.148439744650268 ], [ -72.02045999888098, 5.148466847464601 ], [ -72.020432966992374, 5.148466720870579 ], [ -72.020460125142804, 5.148439744650268 ] ] ], [ [ [ -72.0204869045089, 5.148494076872488 ], [ -72.020487030770255, 5.148466974057479 ], [ -72.020514062660212, 5.148467100649211 ], [ -72.0204869045089, 5.148494076872488 ] ] ], [ [ [ -72.020567873925586, 5.148521559463172 ], [ -72.020513810139093, 5.148521306280459 ], [ -72.020568000184198, 5.148494456646262 ], [ -72.020567873925586, 5.148521559463172 ] ] ], [ [ [ -72.020594779561691, 5.148548788870415 ], [ -72.020567747666306, 5.148548662280105 ], [ -72.020594905819848, 5.148521686052812 ], [ -72.020594779561691, 5.148548788870415 ] ] ], [ [ [ -72.020621685200084, 5.148576018277828 ], [ -72.020621811457758, 5.14854891545958 ], [ -72.020648843354508, 5.148549042047599 ], [ -72.020621685200084, 5.148576018277828 ] ] ], [ [ [ -72.020675748996553, 5.148576271454062 ], [ -72.020675622740484, 5.148603374273622 ], [ -72.020648590840764, 5.148603247685407 ], [ -72.020675748996553, 5.148576271454062 ] ] ], [ [ [ -72.020702654640843, 5.148603500860694 ], [ -72.020702528385243, 5.148630603680932 ], [ -72.020675496483747, 5.148630477093191 ], [ -72.020702654640843, 5.148603500860694 ] ] ], [ [ [ -72.020702402128975, 5.14865770650106 ], [ -72.020729434032305, 5.148657833088325 ], [ -72.020702275872026, 5.148684809321211 ], [ -72.020702402128975, 5.14865770650106 ] ] ], [ [ [ -72.020756213426296, 5.148712165317405 ], [ -72.020729181520025, 5.148712038729943 ], [ -72.02075633968164, 5.148685062495939 ], [ -72.020756213426296, 5.148712165317405 ] ] ], [ [ [ -72.020755960913604, 5.148766370960292 ], [ -72.020756087170284, 5.148739268138844 ], [ -72.020783119078388, 5.148739394725832 ], [ -72.020755960913604, 5.148766370960292 ] ] ], [ [ [ -72.020810024732754, 5.148766624134462 ], [ -72.02080989847768, 5.14879372695717 ], [ -72.020782866566634, 5.14879360036999 ], [ -72.020810024732754, 5.148766624134462 ] ] ], [ [ [ -72.020836930389422, 5.148793853543209 ], [ -72.020836804134831, 5.14882095636663 ], [ -72.020809772221938, 5.148820829779922 ], [ -72.020836930389422, 5.148793853543209 ] ] ], [ [ [ -72.020863709794241, 5.148848185776155 ], [ -72.020836677879544, 5.148848059189924 ], [ -72.020863836048363, 5.148821082952193 ], [ -72.020863709794241, 5.148848185776155 ] ] ], [ [ [ -72.020890615455926, 5.148875415185904 ], [ -72.020863583539423, 5.148875288600145 ], [ -72.020890741709593, 5.148848312361245 ], [ -72.020890615455926, 5.148875415185904 ] ] ], [ [ [ -72.020971206201736, 5.148984206242702 ], [ -72.020971332454678, 5.148957103416137 ], [ -72.020998364377306, 5.148957229999328 ], [ -72.020971206201736, 5.148984206242702 ] ] ], [ [ [ -72.021025270049947, 5.148984459409275 ], [ -72.021025143798624, 5.149011562237152 ], [ -72.020998111873041, 5.149011435653768 ], [ -72.021025270049947, 5.148984459409275 ] ] ], [ [ [ -72.021052175724861, 5.149011688819391 ], [ -72.021052049474008, 5.14903879164791 ], [ -72.02102501754662, 5.149038665065001 ], [ -72.021052175724861, 5.149011688819391 ] ] ], [ [ [ -72.02107895515168, 5.149066021058823 ], [ -72.021051923222473, 5.149065894476388 ], [ -72.021079081402064, 5.149038918229675 ], [ -72.02107895515168, 5.149066021058823 ] ] ], [ [ [ -72.021105987081555, 5.149066147640113 ], [ -72.021133019012098, 5.149066274220258 ], [ -72.021105860831625, 5.14909325046997 ], [ -72.021105987081555, 5.149066147640113 ] ] ], [ [ [ -72.021159924695709, 5.149093503630456 ], [ -72.021159798447385, 5.149120606461612 ], [ -72.021132766513858, 5.149120479881271 ], [ -72.021159924695709, 5.149093503630456 ] ] ], [ [ [ -72.021213862316415, 5.149120859618859 ], [ -72.021213736069711, 5.149147962451242 ], [ -72.021186704133726, 5.149147835872521 ], [ -72.021213862316415, 5.149120859618859 ] ] ], [ [ [ -72.021267799943715, 5.149148215605249 ], [ -72.021267673698603, 5.149175318438997 ], [ -72.021240641760144, 5.149175191861895 ], [ -72.021267799943715, 5.149148215605249 ] ] ], [ [ [ -72.021321611334145, 5.149202674424828 ], [ -72.021294579393171, 5.149202547849346 ], [ -72.021321737577637, 5.149175571589768 ], [ -72.021321611334145, 5.149202674424828 ] ] ], [ [ [ -72.021402580920366, 5.149230156981452 ], [ -72.021348517032777, 5.14922990383487 ], [ -72.021402707161101, 5.149203054144407 ], [ -72.021402580920366, 5.149230156981452 ] ] ], [ [ [ -72.021483550518852, 5.149257639531798 ], [ -72.021429486624911, 5.149257386390746 ], [ -72.021429612865177, 5.149230283553025 ], [ -72.021483550518852, 5.149257639531798 ] ] ], [ [ [ -72.02156464636478, 5.149258019234793 ], [ -72.021564520129544, 5.149285122075752 ], [ -72.021510456229294, 5.149284868940227 ], [ -72.02156464636478, 5.149258019234793 ] ] ], [ [ [ -72.021645489752487, 5.149312604613446 ], [ -72.021591425845898, 5.14931235148345 ], [ -72.021591552080665, 5.149285248641798 ], [ -72.021645489752487, 5.149312604613446 ] ] ], [ [ [ -72.021699553661747, 5.149312857738865 ], [ -72.021699427430875, 5.149339960583171 ], [ -72.021672395474766, 5.149339834020364 ], [ -72.021699553661747, 5.149312857738865 ] ] ], [ [ [ -72.021726333157261, 5.14936718998978 ], [ -72.021726459387651, 5.149340087144832 ], [ -72.021780523303249, 5.149340340264722 ], [ -72.021726333157261, 5.14936718998978 ] ] ], [ [ [ -72.021834460995692, 5.149367696227659 ], [ -72.021834334769181, 5.149394799075293 ], [ -72.021780270846335, 5.149394545957303 ], [ -72.021834460995692, 5.149367696227659 ] ] ], [ [ [ -72.021888398694713, 5.149395052188704 ], [ -72.021888272469809, 5.149422155037619 ], [ -72.021861240505558, 5.149422028480815 ], [ -72.021888398694713, 5.149395052188704 ] ] ], [ [ [ -72.021942210177045, 5.149449510998051 ], [ -72.021915178210293, 5.149449384442868 ], [ -72.021942336400343, 5.14942240814779 ], [ -72.021942210177045, 5.149449510998051 ] ] ], [ [ [ -72.021996147890846, 5.149476866956472 ], [ -72.021969115921635, 5.14947674040291 ], [ -72.021996274112539, 5.149449764104983 ], [ -72.021996147890846, 5.149476866956472 ] ] ], [ [ [ -72.022050211831314, 5.149477120060165 ], [ -72.022050085611241, 5.149504222913016 ], [ -72.022023053639529, 5.149504096361073 ], [ -72.022050211831314, 5.149477120060165 ] ] ], [ [ [ -72.022104149556696, 5.149504476013471 ], [ -72.02210402333823, 5.149531578867637 ], [ -72.022076991364045, 5.149531452317313 ], [ -72.022104149556696, 5.149504476013471 ] ] ], [ [ [ -72.022130929095127, 5.149558808271608 ], [ -72.02213105531311, 5.149531705416816 ], [ -72.022158087288645, 5.14953183196485 ], [ -72.022130929095127, 5.149558808271608 ] ] ], [ [ [ -72.022211898811946, 5.149586290771079 ], [ -72.022157834854269, 5.149586037675764 ], [ -72.022212025027187, 5.149559187914287 ], [ -72.022211898811946, 5.149586290771079 ] ] ], [ [ [ -72.022265836558702, 5.149613646719916 ], [ -72.022211772596037, 5.149613393627843 ], [ -72.022265962772337, 5.149586543861813 ], [ -72.022265836558702, 5.149613646719916 ] ] ], [ [ [ -72.022292868541044, 5.149613773264236 ], [ -72.022292742327878, 5.149640876122984 ], [ -72.022265710344399, 5.149640749577995 ], [ -72.022292868541044, 5.149613773264236 ] ] ], [ [ [ -72.022346806296838, 5.149641129209528 ], [ -72.022346680085292, 5.149668232069588 ], [ -72.022319648099327, 5.14966810552622 ], [ -72.022346806296838, 5.149641129209528 ] ] ], [ [ [ -72.022400744059269, 5.149668485152894 ], [ -72.022400617849314, 5.14969558801425 ], [ -72.022373585860848, 5.149695461472501 ], [ -72.022400744059269, 5.149668485152894 ] ] ], [ [ [ -72.022454555619916, 5.14972294395705 ], [ -72.022427523628963, 5.149722817416921 ], [ -72.022454681828251, 5.149695841094315 ], [ -72.022454555619916, 5.14972294395705 ] ] ], [ [ [ -72.022481587611523, 5.149723070496035 ], [ -72.022508619603812, 5.149723197033876 ], [ -72.022481461403672, 5.149750173359348 ], [ -72.022481587611523, 5.149723070496035 ] ] ], [ [ [ -72.022535525391191, 5.149750426435224 ], [ -72.022535399184946, 5.149777529299865 ], [ -72.022508367189701, 5.149777402761831 ], [ -72.022535525391191, 5.149750426435224 ] ] ], [ [ [ -72.022589210767507, 5.149831988104382 ], [ -72.022589336972814, 5.149804885238455 ], [ -72.022616368971228, 5.149805011773725 ], [ -72.022589210767507, 5.149831988104382 ] ] ], [ [ [ -72.022643274767276, 5.149832241175115 ], [ -72.02264314856356, 5.149859344042357 ], [ -72.022616116562205, 5.149859217506894 ], [ -72.022643274767276, 5.149832241175115 ] ] ], [ [ [ -72.022696960163458, 5.149913802846914 ], [ -72.022697086366236, 5.149886699978437 ], [ -72.022724118370746, 5.149886826511136 ], [ -72.022696960163458, 5.149913802846914 ] ] ], [ [ [ -72.022751024175463, 5.149914055912507 ], [ -72.022750897974305, 5.149941158782347 ], [ -72.02272386596681, 5.149941032249454 ], [ -72.022751024175463, 5.149914055912507 ] ] ], [ [ [ -72.022804709591497, 5.149995617586979 ], [ -72.022804835791717, 5.149968514715852 ], [ -72.022831867802367, 5.149968641245981 ], [ -72.022804709591497, 5.149995617586979 ] ] ], [ [ [ -72.022858773615752, 5.149995870647429 ], [ -72.022858647417152, 5.150022973519902 ], [ -72.022831615403533, 5.150022846989581 ], [ -72.022858773615752, 5.149995870647429 ] ] ], [ [ [ -72.022885679431411, 5.15002310004908 ], [ -72.022912711446352, 5.150023226577112 ], [ -72.022885553233266, 5.150050202922163 ], [ -72.022885679431411, 5.15002310004908 ] ] ], [ [ [ -72.022939491069579, 5.150077558852851 ], [ -72.022912459051682, 5.150077432324624 ], [ -72.022939617266104, 5.150050455978421 ], [ -72.022939491069579, 5.150077558852851 ] ] ], [ [ [ -72.02299330271687, 5.150132017657209 ], [ -72.022993428912471, 5.150104914781526 ], [ -72.023020460933552, 5.150105041306988 ], [ -72.02299330271687, 5.150132017657209 ] ] ], [ [ [ -72.023047366761972, 5.150132270708325 ], [ -72.02304724056799, 5.15015937358532 ], [ -72.023020208543983, 5.150159247059665 ], [ -72.023047366761972, 5.150132270708325 ] ] ], [ [ [ -72.023074146399168, 5.150186602987451 ], [ -72.02307427259268, 5.150159500109831 ], [ -72.023101304618038, 5.150159626633195 ], [ -72.023074146399168, 5.150186602987451 ] ] ], [ [ [ -72.023128084260932, 5.150213958913325 ], [ -72.023101052232619, 5.150213832389765 ], [ -72.023128210452839, 5.150186856034375 ], [ -72.023128084260932, 5.150213958913325 ] ] ], [ [ [ -72.023155116289928, 5.150214085435739 ], [ -72.023182148319606, 5.150214211957009 ], [ -72.02315499009849, 5.150241188315333 ], [ -72.023155116289928, 5.150214085435739 ] ] ], [ [ [ -72.023209054160802, 5.150241441358067 ], [ -72.02320892797097, 5.150268544238973 ], [ -72.02318189593835, 5.150268417717509 ], [ -72.023209054160802, 5.150241441358067 ] ] ], [ [ [ -72.023262739661135, 5.150323003042858 ], [ -72.023262865850015, 5.150295900160683 ], [ -72.023289897885803, 5.15029602667938 ], [ -72.023262739661135, 5.150323003042858 ] ] ], [ [ [ -72.023316803735653, 5.150323256080448 ], [ -72.023316677548365, 5.150350358964002 ], [ -72.023289645509635, 5.150350232445111 ], [ -72.023316803735653, 5.150323256080448 ] ] ], [ [ [ -72.023343709587806, 5.150350485481749 ], [ -72.023370741627886, 5.150350611998352 ], [ -72.023343583400987, 5.150377588365879 ], [ -72.023343709587806, 5.150350485481749 ] ] ], [ [ [ -72.023397521298918, 5.150404944284738 ], [ -72.023370489255882, 5.150404817767942 ], [ -72.023397647484117, 5.150377841399278 ], [ -72.023397521298918, 5.150404944284738 ] ] ], [ [ [ -72.023451585387022, 5.150405197314895 ], [ -72.023451459203443, 5.150432300201667 ], [ -72.023424427157906, 5.150432173686492 ], [ -72.023451585387022, 5.150405197314895 ] ] ], [ [ [ -72.023532429163239, 5.150459782629077 ], [ -72.023532302981735, 5.150486885517806 ], [ -72.023505270931906, 5.150486759004727 ], [ -72.023532429163239, 5.150459782629077 ] ] ], [ [ [ -72.023559208851196, 5.150514114919093 ], [ -72.023559335032232, 5.15048701202974 ], [ -72.023586367083425, 5.150487138540529 ], [ -72.023559208851196, 5.150514114919093 ] ] ], [ [ [ -72.02361327295651, 5.150514367940866 ], [ -72.02361314677708, 5.150541470831548 ], [ -72.02358611472296, 5.150541344320565 ], [ -72.02361327295651, 5.150514367940866 ] ] ], [ [ [ -72.023640052652951, 5.150568700232713 ], [ -72.023640178831911, 5.150541597341388 ], [ -72.023667210887382, 5.150541723850081 ], [ -72.023640052652951, 5.150568700232713 ] ] ], [ [ [ -72.023694116766862, 5.150568953250292 ], [ -72.023693990589521, 5.150596056142931 ], [ -72.023666958531081, 5.150595929634045 ], [ -72.023694116766862, 5.150568953250292 ] ] ], [ [ [ -72.023748054708406, 5.15059630915727 ], [ -72.023747928532671, 5.150623412051219 ], [ -72.023720896471744, 5.150623285543952 ], [ -72.023748054708406, 5.15059630915727 ] ] ], [ [ [ -72.023774960594267, 5.150623538557341 ], [ -72.023801992656544, 5.150623665062316 ], [ -72.023774834418987, 5.150650641451968 ], [ -72.023774960594267, 5.150623538557341 ] ] ], [ [ [ -72.023828772372852, 5.15067799735802 ], [ -72.023801740307633, 5.15067787085285 ], [ -72.023828898546512, 5.150650894462113 ], [ -72.023828772372852, 5.15067799735802 ] ] ], [ [ [ -72.023882836505308, 5.150678250364924 ], [ -72.023882710333268, 5.150705353262175 ], [ -72.023855678265562, 5.150705226758626 ], [ -72.023882836505308, 5.150678250364924 ] ] ], [ [ [ -72.023936774470712, 5.150705606265838 ], [ -72.023936648300293, 5.150732709164316 ], [ -72.023909616230085, 5.150732582662388 ], [ -72.023936774470712, 5.150705606265838 ] ] ], [ [ [ -72.023963554201217, 5.150759938564272 ], [ -72.023963680371168, 5.1507328356651 ], [ -72.023990712442725, 5.150732962164738 ], [ -72.023963554201217, 5.150759938564272 ] ] ], [ [ [ -72.024017492178899, 5.150787294464227 ], [ -72.023990460104415, 5.150787167964396 ], [ -72.024017618347244, 5.150760191563743 ], [ -72.024017492178899, 5.150787294464227 ] ] ], [ [ [ -72.02404452425408, 5.150787420962915 ], [ -72.024071556329929, 5.150787547460456 ], [ -72.024044398086204, 5.150814523864043 ], [ -72.02404452425408, 5.150787420962915 ] ] ], [ [ [ -72.014521731019926, 5.134968687564177 ], [ -72.014521478658324, 5.135022892920944 ], [ -72.014494447483628, 5.135022766405117 ], [ -72.014521731019926, 5.134968687564177 ] ] ], [ [ [ -72.014548509833702, 5.135023019435629 ], [ -72.014548257471674, 5.135077224793653 ], [ -72.014521226294022, 5.135077098277626 ], [ -72.014548509833702, 5.135023019435629 ] ] ], [ [ [ -72.014575288649979, 5.135077351308538 ], [ -72.014575036287525, 5.135131556667782 ], [ -72.014548005106931, 5.135131430151554 ], [ -72.014575288649979, 5.135077351308538 ] ] ], [ [ [ -72.014601815105934, 5.13518588854337 ], [ -72.014574783922384, 5.13518576202694 ], [ -72.0146020674688, 5.135131683182869 ], [ -72.014601815105934, 5.13518588854337 ] ] ], [ [ [ -72.014628593926858, 5.135240220420393 ], [ -72.014601562740367, 5.135240093903764 ], [ -72.014628846290151, 5.135186015058656 ], [ -72.014628593926858, 5.135240220420393 ] ] ], [ [ [ -72.014762361885744, 5.135538982511031 ], [ -72.014628215376845, 5.135321528462873 ], [ -72.014628593926858, 5.135240220420393 ], [ -72.014762740434861, 5.135457674459175 ], [ -72.014762361885744, 5.135538982511031 ] ] ], [ [ [ -72.014895751344682, 5.135919052704665 ], [ -72.01484194128075, 5.135864594288329 ], [ -72.014762361885744, 5.135538982511031 ], [ -72.014816171927663, 5.135593440914707 ], [ -72.014895751344682, 5.135919052704665 ] ] ], [ [ [ -72.014922782567069, 5.135919179225515 ], [ -72.014922404004011, 5.136000487288106 ], [ -72.014895372778213, 5.13600036076524 ], [ -72.014922782567069, 5.135919179225515 ] ] ], [ [ [ -72.014949435230491, 5.136000613809829 ], [ -72.014949056664776, 5.136081921874246 ], [ -72.014922025434885, 5.136081795350509 ], [ -72.014949435230491, 5.136000613809829 ] ] ], [ [ [ -72.01505566732223, 5.136407660245133 ], [ -72.015028636075968, 5.13640753371791 ], [ -72.014949056664776, 5.136081921874246 ], [ -72.015002866750663, 5.136136380297055 ], [ -72.01505566732223, 5.136407660245133 ] ] ], [ [ [ -72.015082698569131, 5.136407786771214 ], [ -72.015082319990142, 5.136489094844491 ], [ -72.015055288739831, 5.136488968316398 ], [ -72.015082698569131, 5.136407786771214 ] ] ], [ [ [ -72.015109351241207, 5.136489221371446 ], [ -72.015108972659561, 5.136570529446571 ], [ -72.015081941405072, 5.136570402917604 ], [ -72.015109351241207, 5.136489221371446 ] ] ], [ [ [ -72.015135751525804, 5.136624861358928 ], [ -72.015108720268415, 5.136624734829761 ], [ -72.015136003914662, 5.136570655974396 ], [ -72.015135751525804, 5.136624861358928 ] ] ], [ [ [ -72.015135372937451, 5.136706169435641 ], [ -72.015135751525804, 5.136624861358928 ], [ -72.015269898285993, 5.136842315551784 ], [ -72.015269519698535, 5.136923623637887 ], [ -72.015135372937451, 5.136706169435641 ] ] ], [ [ [ -72.015296550972494, 5.136923750167584 ], [ -72.015296298579756, 5.136977955559544 ], [ -72.015269267303523, 5.136977829028504 ], [ -72.015296550972494, 5.136923750167584 ] ] ], [ [ [ -72.015376761435959, 5.1371138486353 ], [ -72.01532282506767, 5.137086492875711 ], [ -72.015296298579756, 5.136977955559544 ], [ -72.015350234939163, 5.137005311315463 ], [ -72.015376761435959, 5.1371138486353 ] ] ], [ [ [ -72.015403792720591, 5.137113975165128 ], [ -72.015403540327512, 5.137168180562122 ], [ -72.015376509040607, 5.137168054030953 ], [ -72.015403792720591, 5.137113975165128 ] ] ], [ [ [ -72.015457224315554, 5.137249741720292 ], [ -72.015403287931747, 5.137222385958963 ], [ -72.015457476708107, 5.137195536320802 ], [ -72.015457224315554, 5.137249741720292 ] ] ], [ [ [ -72.015484003214908, 5.137304073650776 ], [ -72.015456971920287, 5.137303947119677 ], [ -72.015484255607902, 5.137249868250049 ], [ -72.015484003214908, 5.137304073650776 ] ] ], [ [ [ -72.015511034510212, 5.137304200180732 ], [ -72.015510908313843, 5.137331302881762 ], [ -72.015483877017402, 5.137331176351134 ], [ -72.015511034510212, 5.137304200180732 ] ] ], [ [ [ -72.015537939610965, 5.137331429411248 ], [ -72.015537687218497, 5.137385634814451 ], [ -72.015510655919087, 5.137385508283622 ], [ -72.015537939610965, 5.137331429411248 ] ] ], [ [ [ -72.015591623624346, 5.137412990575613 ], [ -72.015591371232361, 5.137467195981428 ], [ -72.015537434823315, 5.137439840217603 ], [ -72.015591623624346, 5.137412990575613 ] ] ], [ [ [ -72.015645055256527, 5.137548757151603 ], [ -72.01559111883769, 5.137521401387139 ], [ -72.015645307647986, 5.13749455174331 ], [ -72.015645055256527, 5.137548757151603 ] ] ], [ [ [ -72.015698739290997, 5.137630318325027 ], [ -72.015644802862369, 5.137602962559808 ], [ -72.01569899168193, 5.137576112914207 ], [ -72.015698739290997, 5.137630318325027 ] ] ], [ [ [ -72.015725770605357, 5.1376304448539 ], [ -72.015725518213969, 5.137684650265975 ], [ -72.015698486897335, 5.137684523735761 ], [ -72.015725770605357, 5.1376304448539 ] ] ], [ [ [ -72.015752549531314, 5.137684776795048 ], [ -72.015752423335755, 5.137711879501716 ], [ -72.015725392017274, 5.137711752971971 ], [ -72.015752549531314, 5.137684776795048 ] ] ], [ [ [ -72.015806359780726, 5.137739235265763 ], [ -72.015806107390787, 5.137793440681689 ], [ -72.015752170942605, 5.13776608491496 ], [ -72.015806359780726, 5.137739235265763 ] ] ], [ [ [ -72.015833138714683, 5.13779356721002 ], [ -72.015833012519849, 5.137820669918581 ], [ -72.015805981194816, 5.137820543389579 ], [ -72.015833138714683, 5.13779356721002 ] ] ], [ [ [ -72.015886948978732, 5.137848025683049 ], [ -72.015886696590229, 5.137902231102759 ], [ -72.015832760128134, 5.137874875335657 ], [ -72.015886948978732, 5.137848025683049 ] ] ], [ [ [ -72.01591372792069, 5.137902357630346 ], [ -72.015913601726581, 5.137929460340834 ], [ -72.015886570394969, 5.137929333812575 ], [ -72.01591372792069, 5.137902357630346 ] ] ], [ [ [ -72.015940633058875, 5.13792958686795 ], [ -72.015940506865221, 5.137956689579064 ], [ -72.015913475531775, 5.137956563051276 ], [ -72.015940633058875, 5.13792958686795 ] ] ], [ [ [ -72.01596741200612, 5.137983918817486 ], [ -72.015940380670884, 5.137983792290169 ], [ -72.015967538199305, 5.137956816105708 ], [ -72.01596741200612, 5.137983918817486 ] ] ], [ [ [ -72.015994317149307, 5.138011148056082 ], [ -72.015967285812238, 5.138011021529237 ], [ -72.015994443342038, 5.137984045343662 ], [ -72.015994317149307, 5.138011148056082 ] ] ], [ [ [ -72.01602134848703, 5.138011274581785 ], [ -72.016021222294768, 5.13803837729485 ], [ -72.015994190955908, 5.138038250768477 ], [ -72.01602134848703, 5.138011274581785 ] ] ], [ [ [ -72.016048253634338, 5.138038503820084 ], [ -72.016048127442531, 5.138065606533792 ], [ -72.016021096101824, 5.13806548000789 ], [ -72.016048253634338, 5.138038503820084 ] ] ], [ [ [ -72.016075158783906, 5.138065733058554 ], [ -72.016075032592553, 5.138092835772943 ], [ -72.016048001250056, 5.138092709247511 ], [ -72.016075158783906, 5.138065733058554 ] ] ], [ [ [ -72.016101937744864, 5.138120065012232 ], [ -72.016074906400547, 5.138119938487272 ], [ -72.016102063935733, 5.138092962297232 ], [ -72.016101937744864, 5.138120065012232 ] ] ], [ [ [ -72.016128842899434, 5.138147294251729 ], [ -72.016101811553312, 5.13814716772724 ], [ -72.016128969089834, 5.138120191536051 ], [ -72.016128842899434, 5.138147294251729 ] ] ], [ [ [ -72.016182905593695, 5.138147547297282 ], [ -72.016209684565865, 5.13820187925353 ], [ -72.016155621865678, 5.138201626207578 ], [ -72.016182905593695, 5.138147547297282 ] ] ], [ [ [ -72.016236715916989, 5.138202005774794 ], [ -72.016236589729104, 5.138229108493044 ], [ -72.016209558376858, 5.13822898197111 ], [ -72.016236715916989, 5.138202005774794 ] ] ], [ [ [ -72.016263621082018, 5.138229235013835 ], [ -72.016263494894602, 5.138256337732729 ], [ -72.016236463540551, 5.138256211211267 ], [ -72.016263621082018, 5.138229235013835 ] ] ], [ [ [ -72.016344336590791, 5.138310922731981 ], [ -72.016290273874759, 5.138310669692085 ], [ -72.016317557604737, 5.138256590772228 ], [ -72.016344336590791, 5.138310922731981 ] ] ], [ [ [ -72.016371241764972, 5.138338151971718 ], [ -72.016344210404782, 5.138338025452811 ], [ -72.016371367949844, 5.138311049250217 ], [ -72.016371241764972, 5.138338151971718 ] ] ], [ [ [ -72.016398273125816, 5.138338278489481 ], [ -72.016398146941398, 5.138365381211625 ], [ -72.016371115579418, 5.13836525469319 ], [ -72.016398273125816, 5.138338278489481 ] ] ], [ [ [ -72.016452209667392, 5.138365634245069 ], [ -72.016452083484594, 5.138392736968512 ], [ -72.016398020756313, 5.138392483933727 ], [ -72.016452209667392, 5.138365634245069 ] ] ], [ [ [ -72.016479114849716, 5.138392863484191 ], [ -72.016478988667359, 5.138419966208345 ], [ -72.016451957301101, 5.138419839691996 ], [ -72.016479114849716, 5.138392863484191 ] ] ], [ [ [ -72.01650602003437, 5.138420092723553 ], [ -72.016505893852482, 5.138447195448286 ], [ -72.016478862484334, 5.138447068932407 ], [ -72.01650602003437, 5.138420092723553 ] ] ], [ [ [ -72.016559956590712, 5.138447448476618 ], [ -72.016586735601862, 5.138501780442515 ], [ -72.016532672857736, 5.138501527413784 ], [ -72.016559956590712, 5.138447448476618 ] ] ], [ [ [ -72.016613766974956, 5.138501906955167 ], [ -72.016613640795597, 5.13852900968252 ], [ -72.016586609421381, 5.138528883169196 ], [ -72.016613766974956, 5.138501906955167 ] ] ], [ [ [ -72.016640672170482, 5.138529136194699 ], [ -72.016640545991606, 5.138556238922699 ], [ -72.016613514615585, 5.138556112409847 ], [ -72.016640672170482, 5.138529136194699 ] ] ], [ [ [ -72.016667451189903, 5.138583468163033 ], [ -72.016640419812049, 5.138583341650653 ], [ -72.016667577368324, 5.138556365434408 ], [ -72.016667451189903, 5.138583468163033 ] ] ], [ [ [ -72.01674829297545, 5.138638053154551 ], [ -72.01669423021184, 5.138637800132821 ], [ -72.016721513947616, 5.138583721184365 ], [ -72.01674829297545, 5.138638053154551 ] ] ], [ [ [ -72.016775324358264, 5.138638179663703 ], [ -72.016775198182373, 5.138665282394951 ], [ -72.016748166798436, 5.138665155885128 ], [ -72.016775324358264, 5.138638179663703 ] ] ], [ [ [ -72.016802229567006, 5.138665408903632 ], [ -72.016802103391584, 5.138692511635524 ], [ -72.016775072005814, 5.138692385126173 ], [ -72.016802229567006, 5.138665408903632 ] ] ], [ [ [ -72.01682913477805, 5.138692638143733 ], [ -72.016829008603096, 5.138719740876303 ], [ -72.016801977215493, 5.138719614367423 ], [ -72.01682913477805, 5.138692638143733 ] ] ], [ [ [ -72.016855913816869, 5.138746970117223 ], [ -72.016828882427461, 5.138746843608815 ], [ -72.016856039991353, 5.138719867384041 ], [ -72.016855913816869, 5.138746970117223 ] ] ], [ [ [ -72.016936755644934, 5.138801555105887 ], [ -72.016882692858218, 5.1388013020921 ], [ -72.016909976597674, 5.138747223130613 ], [ -72.016936755644934, 5.138801555105887 ] ] ], [ [ [ -72.016963787039302, 5.138801681611068 ], [ -72.016963660867347, 5.138828784346853 ], [ -72.016936629471843, 5.138828657841003 ], [ -72.016963787039302, 5.138801681611068 ] ] ], [ [ [ -72.016990692263548, 5.138828910851564 ], [ -72.016990566092062, 5.138856013587994 ], [ -72.01696353469471, 5.138855887082614 ], [ -72.016990692263548, 5.138828910851564 ] ] ], [ [ [ -72.017017597490053, 5.138856140092231 ], [ -72.017017471319036, 5.138883242829307 ], [ -72.016990439919894, 5.138883116324399 ], [ -72.017017597490053, 5.138856140092231 ] ] ], [ [ [ -72.01704437654827, 5.138910472070777 ], [ -72.017017345147323, 5.13891034556634 ], [ -72.017044502718846, 5.138883369333072 ], [ -72.01704437654827, 5.138910472070777 ] ] ], [ [ [ -72.017071281779806, 5.138937701312436 ], [ -72.01704425037704, 5.13893757480847 ], [ -72.017071407949913, 5.138910598574071 ], [ -72.017071281779806, 5.138937701312436 ] ] ], [ [ [ -72.017098313183254, 5.138937827815258 ], [ -72.01709818701363, 5.138964930554265 ], [ -72.017071155609045, 5.138964804050773 ], [ -72.017098313183254, 5.138937827815258 ] ] ], [ [ [ -72.017125218418869, 5.138965057056616 ], [ -72.017124966079862, 5.139019262535899 ], [ -72.017097934672336, 5.139019136032206 ], [ -72.017125218418869, 5.138965057056616 ] ] ], [ [ [ -72.017151997488085, 5.139019389038448 ], [ -72.017151871318717, 5.139046491778754 ], [ -72.017124839909343, 5.139046365275535 ], [ -72.017151997488085, 5.139019389038448 ] ] ], [ [ [ -72.01717890272873, 5.139046618280833 ], [ -72.017178776559831, 5.139073721021734 ], [ -72.017151745148666, 5.139073594518983 ], [ -72.01717890272873, 5.139046618280833 ] ] ], [ [ [ -72.017205807971649, 5.139073847523339 ], [ -72.017205681803205, 5.1391009502649 ], [ -72.017178650390235, 5.139100823762623 ], [ -72.017205807971649, 5.139073847523339 ] ] ], [ [ [ -72.017232713216856, 5.139101076766036 ], [ -72.017232587048881, 5.139128179508241 ], [ -72.017205555634092, 5.139128053006435 ], [ -72.017232713216856, 5.139101076766036 ] ] ], [ [ [ -72.017232334710883, 5.139182384992575 ], [ -72.017232460880223, 5.139155282250423 ], [ -72.017259492296816, 5.139155408751756 ], [ -72.017232334710883, 5.139182384992575 ] ] ], [ [ [ -72.017286271379334, 5.139209740738893 ], [ -72.017259239959756, 5.139209614237361 ], [ -72.017286397547068, 5.139182637995441 ], [ -72.017286271379334, 5.139209740738893 ] ] ], [ [ [ -72.017286145210932, 5.139236843482337 ], [ -72.017313176632285, 5.139236969983396 ], [ -72.017286019041862, 5.139263946225753 ], [ -72.017286145210932, 5.139236843482337 ] ] ], [ [ [ -72.017340081887539, 5.139264199228074 ], [ -72.017339955720075, 5.139291301972804 ], [ -72.017312924295766, 5.139291175471546 ], [ -72.017340081887539, 5.139264199228074 ] ] ], [ [ [ -72.017339703383115, 5.139345507462174 ], [ -72.017339829551929, 5.13931840471751 ], [ -72.017366860978058, 5.139318531218298 ], [ -72.017339703383115, 5.139345507462174 ] ] ], [ [ [ -72.017393766238328, 5.139345760463948 ], [ -72.01739351390323, 5.139399965955995 ], [ -72.017366482472994, 5.139399839454338 ], [ -72.017393766238328, 5.139345760463948 ] ] ], [ [ [ -72.017420419166697, 5.139427195203073 ], [ -72.017393387734671, 5.139427068701886 ], [ -72.017420545334119, 5.13940009245651 ], [ -72.017420419166697, 5.139427195203073 ] ] ], [ [ [ -72.017447198264847, 5.139481527197605 ], [ -72.017420166829837, 5.13948140069622 ], [ -72.017447324432467, 5.139454424450374 ], [ -72.017447198264847, 5.139481527197605 ] ] ], [ [ [ -72.017474103533345, 5.139508756445722 ], [ -72.017473977365498, 5.139535859193607 ], [ -72.01744694592756, 5.139535732692024 ], [ -72.017474103533345, 5.139508756445722 ] ] ], [ [ [ -72.017500882636753, 5.139563088442491 ], [ -72.017500756468692, 5.139590191190959 ], [ -72.017473725027799, 5.139590064689178 ], [ -72.017500882636753, 5.139563088442491 ] ] ], [ [ [ -72.01752766174269, 5.139617420440712 ], [ -72.017527535574416, 5.139644523189798 ], [ -72.017500504130581, 5.139644396687817 ], [ -72.01752766174269, 5.139617420440712 ] ] ], [ [ [ -72.017554314682684, 5.139698855190089 ], [ -72.017527283235879, 5.139698728687909 ], [ -72.017554440851157, 5.139671752440401 ], [ -72.017554314682684, 5.139698855190089 ] ] ], [ [ [ -72.017581093793481, 5.139753187191799 ], [ -72.017554062343734, 5.139753060689421 ], [ -72.017581219962153, 5.139726084441525 ], [ -72.017581093793481, 5.139753187191799 ] ] ], [ [ [ -72.017607999075722, 5.139780416444001 ], [ -72.017607872906837, 5.139807519194943 ], [ -72.017580841454105, 5.139807392692368 ], [ -72.017607999075722, 5.139780416444001 ] ] ], [ [ [ -72.017634778191805, 5.139834748447947 ], [ -72.017634525852927, 5.139888953951041 ], [ -72.017607494396131, 5.139888827447596 ], [ -72.017634778191805, 5.139834748447947 ] ] ], [ [ [ -72.017634147339578, 5.139970262205471 ], [ -72.017634399682493, 5.139916056702549 ], [ -72.017661431141107, 5.139916183205522 ], [ -72.017634147339578, 5.139970262205471 ] ] ], [ [ [ -72.01768783174947, 5.140051823471224 ], [ -72.017660800284489, 5.140051696966041 ], [ -72.017688210262051, 5.139970515212956 ], [ -72.01768783174947, 5.140051823471224 ] ] ], [ [ [ -72.017714484699894, 5.140133258235277 ], [ -72.017687453230806, 5.140133131729224 ], [ -72.017714737044045, 5.14007905272863 ], [ -72.017714484699894, 5.140133258235277 ] ] ], [ [ [ -72.017741389997695, 5.140160487494175 ], [ -72.017740885303141, 5.140268898509686 ], [ -72.017713853827686, 5.140268772001424 ], [ -72.017741389997695, 5.140160487494175 ] ] ], [ [ [ -72.017767790605106, 5.140296127771335 ], [ -72.017767159724073, 5.140431641543406 ], [ -72.017740128241087, 5.140431515032264 ], [ -72.017767790605106, 5.140296127771335 ] ] ], [ [ [ -72.017793938852861, 5.140485973563382 ], [ -72.017793055589649, 5.140675692847554 ], [ -72.017766024095749, 5.14067556633152 ], [ -72.017793938852861, 5.140485973563382 ] ] ], [ [ [ -72.017818572855518, 5.141001052426072 ], [ -72.017791541347279, 5.141000925903135 ], [ -72.017819834719504, 5.140730024873312 ], [ -72.017818572855518, 5.141001052426072 ] ] ], [ [ [ -72.017844468639481, 5.141245103749173 ], [ -72.017817437120286, 5.141244977221346 ], [ -72.017845478175474, 5.141028281703669 ], [ -72.017844468639481, 5.141245103749173 ] ] ], [ [ [ -72.017842070818546, 5.141760056100487 ], [ -72.017844342444448, 5.141272206504726 ], [ -72.017871373965392, 5.141272333032082 ], [ -72.017842070818546, 5.141760056100487 ] ] ], [ [ [ -72.017896133902269, 5.141760309178192 ], [ -72.01792139852185, 5.142139874312142 ], [ -72.01786796647545, 5.142004107440683 ], [ -72.017896133902269, 5.141760309178192 ] ] ], [ [ [ -72.018000221311254, 5.142628103598041 ], [ -72.017997065544677, 5.143305672546739 ], [ -72.01792139852185, 5.142139874312142 ], [ -72.017974956791122, 5.142248538433864 ], [ -72.018000221311254, 5.142628103598041 ] ] ], [ [ [ -72.018818381019287, 5.146887162231292 ], [ -72.018926129283827, 5.14696897705246 ], [ -72.018818128432528, 5.146941367781142 ], [ -72.018818381019287, 5.146887162231292 ] ] ], [ [ [ -72.018952782201836, 5.147050412008318 ], [ -72.018925750410304, 5.147050285385061 ], [ -72.018952908492551, 5.147023309230117 ], [ -72.018952782201836, 5.147050412008318 ] ] ], [ [ [ -72.018979813994065, 5.147050538630431 ], [ -72.018979687703833, 5.147077641409192 ], [ -72.018952655910468, 5.147077514786409 ], [ -72.018979813994065, 5.147050538630431 ] ] ], [ [ [ -72.019033625003914, 5.147104997431448 ], [ -72.019033372424644, 5.147159202991622 ], [ -72.018979435121324, 5.147131846966736 ], [ -72.019033625003914, 5.147104997431448 ] ] ], [ [ [ -72.01906040422341, 5.147159329612983 ], [ -72.019060277933917, 5.147186432393734 ], [ -72.019033246133986, 5.147186305771703 ], [ -72.01906040422341, 5.147159329612983 ] ] ], [ [ [ -72.019087183445464, 5.147213661795983 ], [ -72.019060151643728, 5.147213535174425 ], [ -72.019087309734516, 5.147186559014622 ], [ -72.019087183445464, 5.147213661795983 ] ] ], [ [ [ -72.019114088959313, 5.147240891198434 ], [ -72.019087057155758, 5.147240764577351 ], [ -72.019114215247882, 5.147213788416396 ], [ -72.019114088959313, 5.147240891198434 ] ] ], [ [ [ -72.019168026281505, 5.147268247220437 ], [ -72.019167773705547, 5.147322452786999 ], [ -72.019113836380143, 5.147295096762317 ], [ -72.019168026281505, 5.147268247220437 ] ] ], [ [ [ -72.011914528332056, 5.108503743508199 ], [ -72.011914277058906, 5.108557948780063 ], [ -72.0118872470605, 5.108557822804618 ], [ -72.011914528332056, 5.108503743508199 ] ] ], [ [ [ -72.011913900144108, 5.108639256687645 ], [ -72.011914151421308, 5.108585051415953 ], [ -72.01194118142152, 5.108585177390934 ], [ -72.011913900144108, 5.108639256687645 ] ] ], [ [ [ -72.011967960149747, 5.108639508639158 ], [ -72.011967583235659, 5.108720816550589 ], [ -72.011940553229095, 5.108720690573385 ], [ -72.011967960149747, 5.108639508639158 ] ] ], [ [ [ -72.011994613242891, 5.108720942526658 ], [ -72.011994236326117, 5.108802250439837 ], [ -72.011967206315504, 5.108802124461755 ], [ -72.011994613242891, 5.108720942526658 ] ] ], [ [ [ -72.01202114069828, 5.108829479055164 ], [ -72.012020889417968, 5.10888368433173 ], [ -72.011993859403276, 5.108883558352767 ], [ -72.01202114069828, 5.108829479055164 ] ] ], [ [ [ -72.0120477937933, 5.108910912948497 ], [ -72.012047416869152, 5.108992220865197 ], [ -72.012020386849244, 5.108992094884683 ], [ -72.0120477937933, 5.108910912948497 ] ] ], [ [ [ -72.012073944319255, 5.109100757402437 ], [ -72.01204691429416, 5.109100631420371 ], [ -72.012074321248122, 5.109019449484117 ], [ -72.012073944319255, 5.109100757402437 ] ] ], [ [ [ -72.012100220475872, 5.109263499223403 ], [ -72.012073190443303, 5.109263373238443 ], [ -72.012100723058012, 5.109155088663477 ], [ -72.012100220475872, 5.109263499223403 ] ] ], [ [ [ -72.012126999216292, 5.109317830488421 ], [ -72.012126496622471, 5.109426241050429 ], [ -72.012099466582413, 5.109426115062575 ], [ -72.012126999216292, 5.109317830488421 ] ] ], [ [ [ -72.012153024063096, 5.109534777601413 ], [ -72.012152144486947, 5.10972449608792 ], [ -72.012125114433786, 5.109724370093812 ], [ -72.012153024063096, 5.109534777601413 ] ] ], [ [ [ -72.012178420598858, 5.109887237929443 ], [ -72.012177540969176, 5.110076956418295 ], [ -72.012150510900597, 5.11007683041659 ], [ -72.012178420598858, 5.109887237929443 ] ] ], [ [ [ -72.012203565715907, 5.110293903552796 ], [ -72.012176535637593, 5.110293777546852 ], [ -72.012204194047555, 5.110158390344274 ], [ -72.012203565715907, 5.110293903552796 ] ] ], [ [ [ -72.012229716110184, 5.110483748053102 ], [ -72.012202686023258, 5.110483622043593 ], [ -72.012230218791217, 5.110375337484408 ], [ -72.012229716110184, 5.110483748053102 ] ] ], [ [ [ -72.01225624351045, 5.110592284632473 ], [ -72.012255615136127, 5.110727797845601 ], [ -72.012228585038358, 5.110727671831184 ], [ -72.01225624351045, 5.110592284632473 ] ] ], [ [ [ -72.012282268205311, 5.110809231788474 ], [ -72.012281514128489, 5.110971847646972 ], [ -72.012254484019806, 5.110971721627645 ], [ -72.012282268205311, 5.110809231788474 ] ] ], [ [ [ -72.012307790143467, 5.111134589526725 ], [ -72.012307538773285, 5.111188794813726 ], [ -72.012280508654882, 5.111188668790163 ], [ -72.012307790143467, 5.111134589526725 ] ] ], [ [ [ -72.012280257279727, 5.111242874075702 ], [ -72.012279251752119, 5.111459695216785 ], [ -72.012253227159718, 5.111242748049658 ], [ -72.012280257279727, 5.111242874075702 ] ] ], [ [ [ -72.012057730628811, 5.112596997671596 ], [ -72.012107264298436, 5.113572944735804 ], [ -72.01207947954731, 5.113735434459591 ], [ -72.012030951920636, 5.11254266633204 ], [ -72.012252221623044, 5.111459569185369 ], [ -72.012057730628811, 5.112596997671596 ] ] ], [ [ [ -72.012158935339059, 5.114088147027676 ], [ -72.012131905102777, 5.114088020926559 ], [ -72.012106509767534, 5.113735560554248 ], [ -72.012159941426958, 5.113871325928163 ], [ -72.012158935339059, 5.114088147027676 ] ] ], [ [ [ -72.012185965576009, 5.114088273127655 ], [ -72.012185085221574, 5.114277991593019 ], [ -72.012158054976695, 5.114277865488338 ], [ -72.012185965576009, 5.114088273127655 ] ] ], [ [ [ -72.01221211546715, 5.114278117696564 ], [ -72.012237888029489, 5.114549270189356 ], [ -72.012184330605734, 5.114440607419525 ], [ -72.01221211546715, 5.114278117696564 ] ] ], [ [ [ -72.012264918287755, 5.114549396297345 ], [ -72.012264289426142, 5.11468490949493 ], [ -72.012237259162205, 5.114684783383584 ], [ -72.012264918287755, 5.114549396297345 ] ] ], [ [ [ -72.01229131969076, 5.114685035605141 ], [ -72.012290439264078, 5.114874754085333 ], [ -72.012263408991529, 5.114874627970422 ], [ -72.01229131969076, 5.114685035605141 ] ] ], [ [ [ -72.01231746953728, 5.114874880199108 ], [ -72.01231633752171, 5.115118803963553 ], [ -72.012289307238291, 5.115118677843734 ], [ -72.01231746953728, 5.114874880199108 ] ] ], [ [ [ -72.012343367805798, 5.115118930082236 ], [ -72.01234223574572, 5.11536285385064 ], [ -72.012315205451429, 5.115362727725913 ], [ -72.012343367805798, 5.115118930082236 ] ] ], [ [ [ -72.012368385519665, 5.115552698464021 ], [ -72.012341355216748, 5.115552572335728 ], [ -72.012369266040707, 5.115362979974232 ], [ -72.012368385519665, 5.115552698464021 ] ] ], [ [ [ -72.012395290032956, 5.115579927233123 ], [ -72.012393025692319, 5.116067774784019 ], [ -72.012368259728248, 5.115579801105296 ], [ -72.012395290032956, 5.115579927233123 ] ] ], [ [ [ -72.012365366339182, 5.116203161847856 ], [ -72.012338336009051, 5.116203035703442 ], [ -72.01233896504273, 5.116067522503049 ], [ -72.012365366339182, 5.116203161847856 ] ] ], [ [ [ -72.012337832769944, 5.116311446263277 ], [ -72.012310802435948, 5.116311320115043 ], [ -72.012311305679589, 5.116202909557893 ], [ -72.012337832769944, 5.116311446263277 ] ] ], [ [ [ -72.012310299181507, 5.116419730671758 ], [ -72.01228326884366, 5.116419604519699 ], [ -72.012283772102634, 5.116311193965669 ], [ -72.012310299181507, 5.116419730671758 ] ] ], [ [ [ -72.012228830711834, 5.116500660123433 ], [ -72.01228326884366, 5.116419604519699 ], [ -72.012282765573872, 5.116528015073397 ], [ -72.012228327424879, 5.116609070671362 ], [ -72.012228830711834, 5.116500660123433 ] ] ], [ [ [ -72.012173763431178, 5.116717228892019 ], [ -72.012228327424879, 5.116609070671362 ], [ -72.01222769830099, 5.116744583855694 ], [ -72.012173260113542, 5.116825639433776 ], [ -72.012173763431178, 5.116717228892019 ] ] ], [ [ [ -72.012091036526272, 5.117069184626147 ], [ -72.012091414043951, 5.116987876726626 ], [ -72.012173260113542, 5.116825639433776 ], [ -72.012145348922246, 5.117015231708286 ], [ -72.012091036526272, 5.117069184626147 ] ] ], [ [ [ -72.012090784844446, 5.1171233898924 ], [ -72.012063754482483, 5.117123263713776 ], [ -72.012064006166597, 5.117069058448868 ], [ -72.012090784844446, 5.1171233898924 ] ] ], [ [ [ -72.012063502795669, 5.11717746897853 ], [ -72.012036472432143, 5.117177342797427 ], [ -72.012036724121216, 5.117123137534016 ], [ -72.012063502795669, 5.11717746897853 ] ] ], [ [ [ -72.012009190375252, 5.117231421877165 ], [ -72.012009442069299, 5.117177216615185 ], [ -72.01203622074037, 5.117231548060749 ], [ -72.012009190375252, 5.117231421877165 ] ] ], [ [ [ -72.011981908311796, 5.11728550095301 ], [ -72.011982160010803, 5.117231295692443 ], [ -72.012008938678505, 5.117285627139075 ], [ -72.011981908311796, 5.11728550095301 ] ] ], [ [ [ -72.011981656610075, 5.117339706213389 ], [ -72.011927470019984, 5.11736655646399 ], [ -72.011927721727588, 5.117312351206301 ], [ -72.011981656610075, 5.117339706213389 ] ] ], [ [ [ -72.01192721830968, 5.117420761721609 ], [ -72.011873031711175, 5.117447611962193 ], [ -72.011873283427377, 5.117393406707329 ], [ -72.01192721830968, 5.117420761721609 ] ] ], [ [ [ -72.011872905852073, 5.117474714589627 ], [ -72.011845875480788, 5.117474588393173 ], [ -72.011846001341013, 5.11744748576641 ], [ -72.011872905852073, 5.117474714589627 ] ] ], [ [ [ -72.011838436946348, 5.130700920175912 ], [ -72.011838184569172, 5.130755125406558 ], [ -72.011784248903965, 5.130727769742463 ], [ -72.011838436946348, 5.130700920175912 ] ] ], [ [ [ -72.011892120240958, 5.130782481068753 ], [ -72.011891867864279, 5.130836686301945 ], [ -72.011837932189295, 5.130809330637116 ], [ -72.011892120240958, 5.130782481068753 ] ] ], [ [ [ -72.011918898798257, 5.13083681282503 ], [ -72.011918646421151, 5.130891018059496 ], [ -72.011891615484899, 5.130890891535068 ], [ -72.011918898798257, 5.13083681282503 ] ] ], [ [ [ -72.01197258210837, 5.130918373723435 ], [ -72.011972329731762, 5.130972578960399 ], [ -72.011918394041331, 5.130945223293808 ], [ -72.01197258210837, 5.130918373723435 ] ] ], [ [ [ -72.011999108296408, 5.131026910721623 ], [ -72.011972077352453, 5.131026784197259 ], [ -72.011999360673457, 5.130972705483419 ], [ -72.011999108296408, 5.131026910721623 ] ] ], [ [ [ -72.012026013052676, 5.131054139864616 ], [ -72.011998982106874, 5.131054013340719 ], [ -72.012026139241073, 5.131027037244847 ], [ -72.012026013052676, 5.131054139864616 ] ] ], [ [ [ -72.012053043999131, 5.131054266387371 ], [ -72.012052791622594, 5.131108471628055 ], [ -72.012025760673865, 5.131108345103955 ], [ -72.012053043999131, 5.131054266387371 ] ] ], [ [ [ -72.012106727335066, 5.131135827294504 ], [ -72.012106474959012, 5.131190032537801 ], [ -72.012052539243342, 5.131162676868683 ], [ -72.012106727335066, 5.131135827294504 ] ] ], [ [ [ -72.012160410681261, 5.131217388204984 ], [ -72.012160158305718, 5.131271593450761 ], [ -72.012106222580272, 5.131244237780995 ], [ -72.012160410681261, 5.131217388204984 ] ] ], [ [ [ -72.012213841662714, 5.131353154366988 ], [ -72.012159905927462, 5.131325798696453 ], [ -72.012214094037759, 5.131298949118678 ], [ -72.012213841662714, 5.131353154366988 ] ] ], [ [ [ -72.012240746439005, 5.131380383513943 ], [ -72.012213715474175, 5.13138025699111 ], [ -72.012240872626393, 5.131353280889149 ], [ -72.012240746439005, 5.131380383513943 ] ] ], [ [ [ -72.012267777404503, 5.131380510035636 ], [ -72.01226765121757, 5.131407612661078 ], [ -72.012240620250921, 5.131407486138714 ], [ -72.012267777404503, 5.131380510035636 ] ] ], [ [ [ -72.012294682184901, 5.131407739182301 ], [ -72.012294429811263, 5.13146194443445 ], [ -72.012267398841672, 5.131461817911883 ], [ -72.012294682184901, 5.131407739182301 ] ] ], [ [ [ -72.01234836556695, 5.131489300103523 ], [ -72.012348113193809, 5.131543505358236 ], [ -72.012294177434939, 5.131516149686527 ], [ -72.01234836556695, 5.131489300103523 ] ] ], [ [ [ -72.012401796586616, 5.131625066285268 ], [ -72.012347860817982, 5.13159771061281 ], [ -72.012402048959245, 5.131570861028059 ], [ -72.012401796586616, 5.131625066285268 ] ] ], [ [ [ -72.01242870138023, 5.131652295435398 ], [ -72.012401670399285, 5.131652168913833 ], [ -72.01242882756641, 5.131625192806162 ], [ -72.01242870138023, 5.131652295435398 ] ] ], [ [ [ -72.01248263715955, 5.131679651105647 ], [ -72.012482384788342, 5.131733856366676 ], [ -72.012428449005824, 5.131706500693779 ], [ -72.01248263715955, 5.131679651105647 ] ] ], [ [ [ -72.012509415774716, 5.131733982886836 ], [ -72.012509289589232, 5.131761085517984 ], [ -72.012482258601736, 5.131760958997153 ], [ -72.012509415774716, 5.131733982886836 ] ] ], [ [ [ -72.012536320577425, 5.131761212037675 ], [ -72.012536194392396, 5.131788314669466 ], [ -72.012509163403081, 5.131788188149105 ], [ -72.012536320577425, 5.131761212037675 ] ] ], [ [ [ -72.012563225382394, 5.131788441188688 ], [ -72.012563099197834, 5.13181554382116 ], [ -72.0125360682067, 5.131815417301269 ], [ -72.012563225382394, 5.131788441188688 ] ] ], [ [ [ -72.012590130189636, 5.131815670339913 ], [ -72.012589877820787, 5.13186987560609 ], [ -72.012562846826711, 5.131869749085994 ], [ -72.012590130189636, 5.131815670339913 ] ] ], [ [ [ -72.012616908815545, 5.131870002125044 ], [ -72.012616782631241, 5.131897104758697 ], [ -72.012589751635346, 5.131896978239072 ], [ -72.012616908815545, 5.131870002125044 ] ] ], [ [ [ -72.012643813627832, 5.131897231277184 ], [ -72.012643687443983, 5.131924333911534 ], [ -72.012616656446255, 5.131924207392377 ], [ -72.012643813627832, 5.131897231277184 ] ] ], [ [ [ -72.012670592258999, 5.131951563064544 ], [ -72.01264356125948, 5.131951436545856 ], [ -72.012670718442379, 5.131924460429549 ], [ -72.012670592258999, 5.131951563064544 ] ] ], [ [ [ -72.012697497076289, 5.131978792217734 ], [ -72.012670466074937, 5.131978665699514 ], [ -72.0126976232592, 5.131951689582091 ], [ -72.012697497076289, 5.131978792217734 ] ] ], [ [ [ -72.012724528078294, 5.131978918734811 ], [ -72.012724401895838, 5.132006021371081 ], [ -72.012697370892695, 5.132005894853331 ], [ -72.012724528078294, 5.131978918734811 ] ] ], [ [ [ -72.012751432899663, 5.13200614788769 ], [ -72.012751306717661, 5.132033250524623 ], [ -72.012724275712699, 5.132033124007343 ], [ -72.012751432899663, 5.13200614788769 ] ] ], [ [ [ -72.01277833772329, 5.132033377040763 ], [ -72.012778211541772, 5.132060479678341 ], [ -72.012751180535005, 5.132060353161529 ], [ -72.01277833772329, 5.132033377040763 ] ] ], [ [ [ -72.01280511636817, 5.132087708832235 ], [ -72.012778085359571, 5.132087582315892 ], [ -72.012805242549234, 5.132060606194011 ], [ -72.01280511636817, 5.132087708832235 ] ] ], [ [ [ -72.012832021196829, 5.132114937986288 ], [ -72.012804990186439, 5.132114811470415 ], [ -72.012832147377438, 5.132087835347437 ], [ -72.012832021196829, 5.132114937986288 ] ] ], [ [ [ -72.012859052207915, 5.132115064501021 ], [ -72.012858926027775, 5.132142167140585 ], [ -72.012831895015552, 5.132142040625181 ], [ -72.012859052207915, 5.132115064501021 ] ] ], [ [ [ -72.012885957040652, 5.13214229365485 ], [ -72.012885830860981, 5.132169396294993 ], [ -72.012858799846953, 5.132169269780058 ], [ -72.012885957040652, 5.13214229365485 ] ] ], [ [ [ -72.012912861875677, 5.132169522808786 ], [ -72.01291273569646, 5.132196625449591 ], [ -72.012885704680613, 5.132196498935125 ], [ -72.012912861875677, 5.132169522808786 ] ] ], [ [ [ -72.012939640534213, 5.132223854604367 ], [ -72.012912609516562, 5.13222372809037 ], [ -72.012939766712961, 5.132196751962915 ], [ -72.012939640534213, 5.132223854604367 ] ] ], [ [ [ -72.012966545374269, 5.132251083759319 ], [ -72.012939514354784, 5.132250957245792 ], [ -72.012966671552547, 5.132223981117225 ], [ -72.012966545374269, 5.132251083759319 ] ] ], [ [ [ -72.012993576394408, 5.132251210271707 ], [ -72.01299345021657, 5.132278312914448 ], [ -72.012966419195294, 5.13227818640139 ], [ -72.012993576394408, 5.132251210271707 ] ] ], [ [ [ -72.013020481238527, 5.132278439426367 ], [ -72.013020355061158, 5.132305542069736 ], [ -72.012993324038064, 5.132305415557147 ], [ -72.013020481238527, 5.132278439426367 ] ] ], [ [ [ -72.013047386084921, 5.132305668581184 ], [ -72.013047259908021, 5.132332771225219 ], [ -72.013020228883121, 5.132332644713098 ], [ -72.013047386084921, 5.132305668581184 ] ] ], [ [ [ -72.013074290933616, 5.132332897736198 ], [ -72.013074164757157, 5.132360000380874 ], [ -72.013047133730439, 5.132359873869224 ], [ -72.013074290933616, 5.132332897736198 ] ] ], [ [ [ -72.013101195784571, 5.132360126891385 ], [ -72.013101069608595, 5.132387229536709 ], [ -72.013074038580044, 5.132387103025528 ], [ -72.013101195784571, 5.132360126891385 ] ] ], [ [ [ -72.013128100637786, 5.13238735604675 ], [ -72.013127974462279, 5.132414458692718 ], [ -72.013100943431937, 5.132414332182006 ], [ -72.013128100637786, 5.13238735604675 ] ] ], [ [ [ -72.013450706713414, 5.132768311232295 ], [ -72.013127722109218, 5.132468663984612 ], [ -72.013127974462279, 5.132414458692718 ], [ -72.013450959054012, 5.13271410592486 ], [ -72.013450706713414, 5.132768311232295 ] ] ], [ [ [ -72.013477611597153, 5.132795540391224 ], [ -72.013450580542099, 5.13279541388594 ], [ -72.013477737767317, 5.132768437736906 ], [ -72.013477611597153, 5.132795540391224 ] ] ], [ [ [ -72.013504516483152, 5.132822769550393 ], [ -72.013477485426293, 5.132822643045581 ], [ -72.013504642652862, 5.132795666895364 ], [ -72.013504516483152, 5.132822769550393 ] ] ], [ [ [ -72.01353154754068, 5.132822896054066 ], [ -72.013531421371425, 5.132849998709641 ], [ -72.013504390312761, 5.132849872205298 ], [ -72.01353154754068, 5.132822896054066 ] ] ], [ [ [ -72.013585357323166, 5.132877354371844 ], [ -72.013585104985836, 5.132931559685632 ], [ -72.013531169030898, 5.132904204020811 ], [ -72.013585357323166, 5.132877354371844 ] ] ], [ [ [ -72.013612136049957, 5.132931686188567 ], [ -72.013612009881413, 5.132958788846101 ], [ -72.013584978816155, 5.132958662342496 ], [ -72.013612136049957, 5.132931686188567 ] ] ], [ [ [ -72.013638914779264, 5.132986018006745 ], [ -72.013611883712201, 5.132985891503609 ], [ -72.013639040947339, 5.132958915348566 ], [ -72.013638914779264, 5.132986018006745 ] ] ], [ [ [ -72.01369259841394, 5.133067578987991 ], [ -72.013638662441096, 5.133040223323028 ], [ -72.013692850748924, 5.133013373669093 ], [ -72.01369259841394, 5.133067578987991 ] ] ], [ [ [ -72.013746534393448, 5.133094934651117 ], [ -72.01374628205896, 5.133149139972546 ], [ -72.013692346076255, 5.133121784306886 ], [ -72.013746534393448, 5.133094934651117 ] ] ], [ [ [ -72.013800218048189, 5.133176495636349 ], [ -72.013799965714213, 5.133230700960324 ], [ -72.013746029721787, 5.133203345293886 ], [ -72.013800218048189, 5.133176495636349 ] ] ], [ [ [ -72.01382699679624, 5.133230827461516 ], [ -72.013826744461852, 5.133285032786712 ], [ -72.013799713377551, 5.133284906284178 ], [ -72.01382699679624, 5.133230827461516 ] ] ], [ [ [ -72.01385352321202, 5.133339364614558 ], [ -72.013826492124764, 5.13333923811182 ], [ -72.013853775546835, 5.133285159288106 ], [ -72.01385352321202, 5.133339364614558 ] ] ], [ [ [ -72.013880301964718, 5.133393696443877 ], [ -72.013853270874492, 5.133393569940938 ], [ -72.013880554299973, 5.133339491116152 ], [ -72.013880301964718, 5.133393696443877 ] ] ], [ [ [ -72.013907333055599, 5.133393822945672 ], [ -72.013907080719918, 5.133448028274635 ], [ -72.013880049626778, 5.133447901771494 ], [ -72.013907333055599, 5.133393822945672 ] ] ], [ [ [ -72.013934111813768, 5.133448154776633 ], [ -72.013933859477675, 5.13350236010675 ], [ -72.013906828381565, 5.13350223360341 ], [ -72.013934111813768, 5.133448154776633 ] ] ], [ [ [ -72.014040974533913, 5.133719687449828 ], [ -72.014013943425979, 5.133719560945681 ], [ -72.013933859477675, 5.13350236010675 ], [ -72.014041353039588, 5.133638379447076 ], [ -72.014040974533913, 5.133719687449828 ] ] ], [ [ [ -72.014200511629198, 5.134289602547777 ], [ -72.01414682789266, 5.134208041514705 ], [ -72.014040974533913, 5.133719687449828 ], [ -72.014174868411061, 5.133991346661022 ], [ -72.014200511629198, 5.134289602547777 ] ] ], [ [ [ -72.014253943021316, 5.134425368928627 ], [ -72.014200133095414, 5.134370910560721 ], [ -72.014200511629198, 5.134289602547777 ], [ -72.014254321552329, 5.134344060911845 ], [ -72.014253943021316, 5.134425368928627 ] ] ], [ [ [ -72.014334153215358, 5.134615467178227 ], [ -72.01425356448425, 5.134506676945224 ], [ -72.014253943021316, 5.134425368928627 ], [ -72.014334531750293, 5.134534159155934 ], [ -72.014334153215358, 5.134615467178227 ] ] ], [ [ [ -72.014467921039213, 5.13491422917983 ], [ -72.014333774674355, 5.134696775200353 ], [ -72.014334153215358, 5.134615467178227 ], [ -72.014468299579335, 5.134832921148328 ], [ -72.014467921039213, 5.13491422917983 ] ] ], [ [ [ -72.014494699847518, 5.134968561049693 ], [ -72.014467668675749, 5.134968434534068 ], [ -72.014494952208707, 5.134914355694113 ], [ -72.014494699847518, 5.134968561049693 ] ] ], [ [ [ -72.01065366966597, 5.106438023490449 ], [ -72.010626639787631, 5.106437897514058 ], [ -72.010653795303412, 5.106410920884105 ], [ -72.01065366966597, 5.106438023490449 ] ] ], [ [ [ -72.010680699544992, 5.106438149465705 ], [ -72.010680573908004, 5.106465252072764 ], [ -72.010653544027846, 5.106465126096835 ], [ -72.010680699544992, 5.106438149465705 ] ] ], [ [ [ -72.010707603788831, 5.106465378047555 ], [ -72.010707478152298, 5.106492480655193 ], [ -72.01068044827035, 5.106492354679729 ], [ -72.010707603788831, 5.106465378047555 ] ] ], [ [ [ -72.010734508034957, 5.106492606629523 ], [ -72.010734382398894, 5.106519709237822 ], [ -72.010707352515098, 5.10651958326282 ], [ -72.010734508034957, 5.106492606629523 ] ] ], [ [ [ -72.010734256762149, 5.106546811846094 ], [ -72.010761286647721, 5.106546937820633 ], [ -72.010734131124721, 5.106573914454342 ], [ -72.010734256762149, 5.106546811846094 ] ] ], [ [ [ -72.010788065262986, 5.106601269013195 ], [ -72.010761035374472, 5.106601143038446 ], [ -72.010788190898808, 5.106574166403631 ], [ -72.010788065262986, 5.106601269013195 ] ] ], [ [ [ -72.010815095152168, 5.106601394986808 ], [ -72.010814969516787, 5.106628497597003 ], [ -72.010787939626482, 5.106628371622718 ], [ -72.010815095152168, 5.106601394986808 ] ] ], [ [ [ -72.010841999407788, 5.106628623570153 ], [ -72.010841873772875, 5.106655726181009 ], [ -72.010814843880738, 5.106655600207187 ], [ -72.010841999407788, 5.106628623570153 ] ] ], [ [ [ -72.010868903665667, 5.106655852153696 ], [ -72.01086877803121, 5.106682954765201 ], [ -72.010841748137281, 5.106682828791841 ], [ -72.010868903665667, 5.106655852153696 ] ] ], [ [ [ -72.010895556657147, 5.106737285961699 ], [ -72.010868526760262, 5.106737159988131 ], [ -72.010895807925834, 5.106683080737425 ], [ -72.010895556657147, 5.106737285961699 ] ] ], [ [ [ -72.010922460920483, 5.106764514546936 ], [ -72.010895431021794, 5.10676438857383 ], [ -72.010922586554713, 5.106737411934132 ], [ -72.010922460920483, 5.106764514546936 ] ] ], [ [ [ -72.010949490819826, 5.106764640518906 ], [ -72.010949365186065, 5.106791743132321 ], [ -72.010922335285571, 5.106791617159681 ], [ -72.010949490819826, 5.106764640518906 ] ] ], [ [ [ -72.010976395087241, 5.106791869103827 ], [ -72.010976143819931, 5.10684607433191 ], [ -72.010949113916482, 5.10684594835906 ], [ -72.010976395087241, 5.106791869103827 ] ] ], [ [ [ -72.011003173724049, 5.106846200303626 ], [ -72.011003048090501, 5.106873302918308 ], [ -72.010976018185261, 5.10687317694592 ], [ -72.011003173724049, 5.106846200303626 ] ] ], [ [ [ -72.011030077996409, 5.10687342888956 ], [ -72.011029826729583, 5.10692763412019 ], [ -72.011002796821415, 5.106927508147595 ], [ -72.011030077996409, 5.10687342888956 ] ] ], [ [ [ -72.011056856638461, 5.106927760091652 ], [ -72.011056731005169, 5.106954862707584 ], [ -72.011029701095154, 5.10695473673545 ], [ -72.011056856638461, 5.106927760091652 ] ] ], [ [ [ -72.011083760915838, 5.106954988678582 ], [ -72.011083509649467, 5.107009193911745 ], [ -72.011056479736553, 5.107009067939401 ], [ -72.011083760915838, 5.106954988678582 ] ] ], [ [ [ -72.011110539563077, 5.107009319882952 ], [ -72.011110413930012, 5.107036422500166 ], [ -72.011083384015279, 5.107036296528289 ], [ -72.011110539563077, 5.107009319882952 ] ] ], [ [ [ -72.011137192579554, 5.10709075370664 ], [ -72.011110162661879, 5.107090627734551 ], [ -72.011137443845413, 5.10703654847091 ], [ -72.011137192579554, 5.10709075370664 ] ] ], [ [ [ -72.011164096865073, 5.107117982296056 ], [ -72.011137066945594, 5.10711785632443 ], [ -72.011164222497897, 5.107090879677592 ], [ -72.011164096865073, 5.107117982296056 ] ] ], [ [ [ -72.011163845597395, 5.107172187532938 ], [ -72.011163971231568, 5.10714508491451 ], [ -72.011191001152895, 5.107145210885673 ], [ -72.011163845597395, 5.107172187532938 ] ] ], [ [ [ -72.011217905442933, 5.10717243947547 ], [ -72.011217779810352, 5.107199542095218 ], [ -72.011190749886126, 5.107199416123848 ], [ -72.011217905442933, 5.10717243947547 ] ] ], [ [ [ -72.011217528543156, 5.107253747334616 ], [ -72.011217654177102, 5.107226644714938 ], [ -72.011244684103133, 5.107226770685844 ], [ -72.011217528543156, 5.107253747334616 ] ] ], [ [ [ -72.011271337132797, 5.107308204518638 ], [ -72.011244307202702, 5.107308078546851 ], [ -72.011271588398159, 5.107253999276637 ], [ -72.011271337132797, 5.107308204518638 ] ] ], [ [ [ -72.011298241431021, 5.107335433110923 ], [ -72.011271211499093, 5.107335307139598 ], [ -72.011298367063588, 5.107308330489291 ], [ -72.011298241431021, 5.107335433110923 ] ] ], [ [ [ -72.011325271363617, 5.107335559081111 ], [ -72.01132502009871, 5.107389764325677 ], [ -72.011297990163868, 5.107389638354145 ], [ -72.011325271363617, 5.107335559081111 ] ] ], [ [ [ -72.011352050034262, 5.107389890296075 ], [ -72.01135192440195, 5.107416992918974 ], [ -72.011324894465261, 5.107416866947903 ], [ -72.011352050034262, 5.107389890296075 ] ] ], [ [ [ -72.011378954339278, 5.107417118888908 ], [ -72.011378703074854, 5.107471324135954 ], [ -72.011351673135266, 5.107471198164677 ], [ -72.011378954339278, 5.107417118888908 ] ] ], [ [ [ -72.011405607383054, 5.107498552730263 ], [ -72.011378577441633, 5.107498426759449 ], [ -72.011405733015138, 5.107471450106098 ], [ -72.011405607383054, 5.107498552730263 ] ] ], [ [ [ -72.011432386061202, 5.107552883949539 ], [ -72.011405356116853, 5.107552757978515 ], [ -72.011432637325129, 5.107498678699943 ], [ -72.011432386061202, 5.107552883949539 ] ] ], [ [ [ -72.011459416006232, 5.107553009919426 ], [ -72.011459290374361, 5.10758011254484 ], [ -72.011432260428208, 5.107579986574279 ], [ -72.011459416006232, 5.107553009919426 ] ] ], [ [ [ -72.011486194689809, 5.107607341140341 ], [ -72.011486069057739, 5.107634443766392 ], [ -72.011459039108644, 5.107634317795623 ], [ -72.011486194689809, 5.107607341140341 ] ] ], [ [ [ -72.011485817791566, 5.107688649018415 ], [ -72.011485943424987, 5.107661546392417 ], [ -72.011512973375915, 5.107661672362722 ], [ -72.011485817791566, 5.107688649018415 ] ] ], [ [ [ -72.01153987769635, 5.107688900959234 ], [ -72.011539626431997, 5.107743106213858 ], [ -72.011512596477019, 5.107742980242674 ], [ -72.01153987769635, 5.107688900959234 ] ] ], [ [ [ -72.011566656387657, 5.107743232183909 ], [ -72.011566405122878, 5.107797437439756 ], [ -72.011539375164958, 5.107797311468363 ], [ -72.011566656387657, 5.107743232183909 ] ] ], [ [ [ -72.011593435081465, 5.107797563410014 ], [ -72.011593309449196, 5.10782466603857 ], [ -72.011566279489486, 5.107824540067641 ], [ -72.011593435081465, 5.107797563410014 ] ] ], [ [ [ -72.01159305818264, 5.107878871295589 ], [ -72.011593183816245, 5.107851768667103 ], [ -72.011620213777789, 5.10785189463757 ], [ -72.01159305818264, 5.107878871295589 ] ] ], [ [ [ -72.011646866843904, 5.107933328496352 ], [ -72.011619836878296, 5.107933202525005 ], [ -72.011647118108641, 5.107879123236732 ], [ -72.011646866843904, 5.107933328496352 ] ] ], [ [ [ -72.011673771177954, 5.107960557097006 ], [ -72.011646741210512, 5.107960431126123 ], [ -72.011673896810194, 5.107933454466561 ], [ -72.011673771177954, 5.107960557097006 ] ] ], [ [ [ -72.011700675514248, 5.107987785697842 ], [ -72.01170054988178, 5.108014888328888 ], [ -72.011673519911426, 5.108014762357795 ], [ -72.011700675514248, 5.107987785697842 ] ] ], [ [ [ -72.011727454220789, 5.108042116930603 ], [ -72.011727328588094, 5.10806921956232 ], [ -72.011700298614812, 5.108069093591021 ], [ -72.011727454220789, 5.108042116930603 ] ] ], [ [ [ -72.011754232929846, 5.108096448164763 ], [ -72.011754107296937, 5.108123550797066 ], [ -72.0117270773207, 5.108123424825558 ], [ -72.011754232929846, 5.108096448164763 ] ] ], [ [ [ -72.011780886008253, 5.108177882033308 ], [ -72.011753856029102, 5.108177756061592 ], [ -72.011781011641375, 5.108150779400385 ], [ -72.011780886008253, 5.108177882033308 ] ] ], [ [ [ -72.01178076037445, 5.108204984666239 ], [ -72.011807790355476, 5.108205110637492 ], [ -72.011780509104824, 5.108259189931904 ], [ -72.01178076037445, 5.108204984666239 ] ] ], [ [ [ -72.011834569072036, 5.10825944187596 ], [ -72.011834317804244, 5.108313647144262 ], [ -72.011807287818058, 5.108313521171457 ], [ -72.011834569072036, 5.10825944187596 ] ] ], [ [ [ -72.011861222157322, 5.108340875750746 ], [ -72.011860970887739, 5.108395081020266 ], [ -72.011833940897475, 5.108394955046582 ], [ -72.011861222157322, 5.108340875750746 ] ] ], [ [ [ -72.011887875243985, 5.108422309628142 ], [ -72.011887623972626, 5.108476514898816 ], [ -72.011860593978298, 5.108476388924252 ], [ -72.011887875243985, 5.108422309628142 ] ] ], [ [ [ -72.01170996842481, 5.11763657313335 ], [ -72.011710220164062, 5.117582367886927 ], [ -72.011845623758262, 5.117528793646471 ], [ -72.01170996842481, 5.11763657313335 ] ] ], [ [ [ -72.011682812179004, 5.117663549548538 ], [ -72.011682938050768, 5.117636446926038 ], [ -72.011709842554168, 5.11766367575652 ], [ -72.011682812179004, 5.117663549548538 ] ] ], [ [ [ -72.011682686306528, 5.117690652171013 ], [ -72.011655655930909, 5.117690525961221 ], [ -72.011655781804507, 5.117663423339419 ], [ -72.011682686306528, 5.117690652171013 ] ] ], [ [ [ -72.011655530056657, 5.11771762858298 ], [ -72.011628499680555, 5.117717502371381 ], [ -72.011628625555957, 5.117690399750293 ], [ -72.011655530056657, 5.11771762858298 ] ] ], [ [ [ -72.011628373804484, 5.117744604992509 ], [ -72.011601343427913, 5.1177444787791 ], [ -72.01160146930512, 5.117717376158642 ], [ -72.011628373804484, 5.117744604992509 ] ] ], [ [ [ -72.011601217550037, 5.117771581399515 ], [ -72.011574187173039, 5.117771455184295 ], [ -72.011574313052051, 5.117744352564552 ], [ -72.011601217550037, 5.117771581399515 ] ] ], [ [ [ -72.011329780776904, 5.118014242717859 ], [ -72.011520000539079, 5.117798305368733 ], [ -72.011574187173039, 5.117771455184295 ], [ -72.011492466623835, 5.117906589619873 ], [ -72.011329780776904, 5.118014242717859 ] ] ], [ [ [ -72.01132965488091, 5.118041345331295 ], [ -72.011302624499322, 5.118041219097981 ], [ -72.011302750396439, 5.118014116485218 ], [ -72.01132965488091, 5.118041345331295 ] ] ], [ [ [ -72.011302498601538, 5.118068321710687 ], [ -72.011275468219452, 5.118068195475564 ], [ -72.011275594118374, 5.11804109286353 ], [ -72.011302498601538, 5.118068321710687 ] ] ], [ [ [ -72.011139812694154, 5.118175974717302 ], [ -72.01122140745737, 5.118067943001906 ], [ -72.011193873461266, 5.118176227203161 ], [ -72.011139812694154, 5.118175974717302 ] ] ], [ [ [ -72.011112656402489, 5.118202951080521 ], [ -72.011112782311599, 5.118175848472666 ], [ -72.01113968678618, 5.11820307732583 ], [ -72.011112656402489, 5.118202951080521 ] ] ], [ [ [ -72.011112530492696, 5.118230053688366 ], [ -72.011085500108564, 5.118229927441249 ], [ -72.011085626019479, 5.118202824834076 ], [ -72.011112530492696, 5.118230053688366 ] ] ], [ [ [ -72.011003905296164, 5.118337959113425 ], [ -72.010949844524873, 5.118337706603577 ], [ -72.011031439342318, 5.118229674943602 ], [ -72.011003905296164, 5.118337959113425 ] ] ], [ [ [ -72.010949718604905, 5.118364809207312 ], [ -72.010922688219154, 5.118364682950008 ], [ -72.010922814140258, 5.118337580346947 ], [ -72.010949718604905, 5.118364809207312 ] ] ], [ [ [ -72.010868375600879, 5.118418635635233 ], [ -72.010868627449668, 5.11836443043199 ], [ -72.010895405987554, 5.118418761896153 ], [ -72.010868375600879, 5.118418635635233 ] ] ], [ [ [ -72.010841219288352, 5.11844561197409 ], [ -72.010841345214885, 5.118418509373171 ], [ -72.010868249675482, 5.11844573823682 ], [ -72.010841219288352, 5.11844561197409 ] ] ], [ [ [ -72.010521874362325, 5.128987256455776 ], [ -72.010522000563057, 5.128960153871658 ], [ -72.010549031384116, 5.128960280406529 ], [ -72.010521874362325, 5.128987256455776 ] ] ], [ [ [ -72.010575936007385, 5.128987509525723 ], [ -72.010575809808259, 5.129014612111126 ], [ -72.010548778984258, 5.12901448557605 ], [ -72.010575936007385, 5.128987509525723 ] ] ], [ [ [ -72.010602840632927, 5.129014738645061 ], [ -72.010602714434256, 5.129041841231146 ], [ -72.010575683608451, 5.129041714696537 ], [ -72.010602840632927, 5.129014738645061 ] ] ], [ [ [ -72.010602588234917, 5.129068943817118 ], [ -72.010629619062556, 5.129069070351258 ], [ -72.010602462034882, 5.129096046403115 ], [ -72.010602588234917, 5.129068943817118 ] ] ], [ [ [ -72.010656397494685, 5.129123402058914 ], [ -72.010629366664105, 5.12912327552457 ], [ -72.010656523693115, 5.129096299471599 ], [ -72.010656397494685, 5.129123402058914 ] ] ], [ [ [ -72.010683428325947, 5.129123528592118 ], [ -72.010683302127973, 5.129150631180079 ], [ -72.010656271295588, 5.129150504646203 ], [ -72.010683428325947, 5.129123528592118 ] ] ], [ [ [ -72.010709954366504, 5.129232065478543 ], [ -72.01071008056536, 5.129204962889987 ], [ -72.010737111401383, 5.129205089422927 ], [ -72.010709954366504, 5.129232065478543 ] ] ], [ [ [ -72.010764016041492, 5.129232318544625 ], [ -72.010763889844227, 5.129259421134501 ], [ -72.010736859005263, 5.129259294601355 ], [ -72.010764016041492, 5.129232318544625 ] ] ], [ [ [ -72.010790920683903, 5.129259547666503 ], [ -72.010790794487093, 5.129286650257007 ], [ -72.010763763646295, 5.129286523724328 ], [ -72.010790920683903, 5.129259547666503 ] ] ], [ [ [ -72.010817825328559, 5.129286776788542 ], [ -72.010817699132232, 5.129313879379759 ], [ -72.010790668289616, 5.12931375284755 ], [ -72.010817825328559, 5.129286776788542 ] ] ], [ [ [ -72.010844351385842, 5.129395313686164 ], [ -72.010844477583063, 5.129368211094405 ], [ -72.010871508429275, 5.129368337625678 ], [ -72.010844351385842, 5.129395313686164 ] ] ], [ [ [ -72.010898413081236, 5.129395566748913 ], [ -72.010898286885606, 5.129422669341991 ], [ -72.010871256036424, 5.129422542810514 ], [ -72.010898413081236, 5.129395566748913 ] ] ], [ [ [ -72.010925191540267, 5.129449898466048 ], [ -72.010898160689294, 5.12944977193504 ], [ -72.010925317735442, 5.129422795872325 ], [ -72.010925191540267, 5.129449898466048 ] ] ], [ [ [ -72.010978874661561, 5.129531459309673 ], [ -72.011005905517976, 5.129531585839276 ], [ -72.010978748465959, 5.129558561904636 ], [ -72.010978874661561, 5.129531459309673 ] ] ], [ [ [ -72.011032810181746, 5.129558814964046 ], [ -72.011032683987764, 5.129585917560326 ], [ -72.011005653128379, 5.129585791030519 ], [ -72.011032810181746, 5.129558814964046 ] ] ], [ [ [ -72.011059714847804, 5.129586044088994 ], [ -72.011059588654277, 5.129613146685953 ], [ -72.011032557793087, 5.129613020156615 ], [ -72.011059714847804, 5.129586044088994 ] ] ], [ [ [ -72.011086240934915, 5.129694581006776 ], [ -72.011086367129337, 5.129667478409307 ], [ -72.011113397994123, 5.129667604937709 ], [ -72.011086240934915, 5.129694581006776 ] ] ], [ [ [ -72.01114017647464, 5.129721936662624 ], [ -72.011113145606885, 5.129721810134018 ], [ -72.011140302667471, 5.129694834063786 ], [ -72.01114017647464, 5.129721936662624 ] ] ], [ [ [ -72.011166954957673, 5.129776268389033 ], [ -72.011193985829053, 5.129776394916703 ], [ -72.011166828763962, 5.129803370988499 ], [ -72.011166954957673, 5.129776268389033 ] ] ], [ [ [ -72.011220890509662, 5.129803624044043 ], [ -72.011220764317557, 5.129830726644742 ], [ -72.011193733443221, 5.129830600116869 ], [ -72.011220890509662, 5.129803624044043 ] ] ], [ [ [ -72.011220511931299, 5.129884931846165 ], [ -72.011220638124769, 5.129857829245466 ], [ -72.011247669000937, 5.129857955772871 ], [ -72.011220511931299, 5.129884931846165 ] ] ], [ [ [ -72.011274573686563, 5.129885184901179 ], [ -72.011274447494685, 5.129912287503195 ], [ -72.011247416615603, 5.129912160975586 ], [ -72.011274573686563, 5.129885184901179 ] ] ], [ [ [ -72.011274321302153, 5.129939390105219 ], [ -72.011301352183068, 5.12993951663236 ], [ -72.011274195108925, 5.129966492707165 ], [ -72.011274321302153, 5.129939390105219 ] ] ], [ [ [ -72.01132813068206, 5.129993848364984 ], [ -72.011301099798217, 5.129993721837639 ], [ -72.011328256873696, 5.129966745761651 ], [ -72.01132813068206, 5.129993848364984 ] ] ], [ [ [ -72.011355161566613, 5.129993974891187 ], [ -72.011354909183609, 5.130048180098966 ], [ -72.011327878296811, 5.130048053571419 ], [ -72.011355161566613, 5.129993974891187 ] ] ], [ [ [ -72.01138194007109, 5.130048306625373 ], [ -72.011381813879723, 5.130075409229921 ], [ -72.011354782991106, 5.13007528270284 ], [ -72.01138194007109, 5.130048306625373 ] ] ], [ [ [ -72.011408844769036, 5.13007553575586 ], [ -72.01140859238653, 5.130129740966204 ], [ -72.011381561494943, 5.13012961443892 ], [ -72.011408844769036, 5.13007553575586 ] ] ], [ [ [ -72.011435623278786, 5.130129867492347 ], [ -72.011435497087675, 5.13015697009816 ], [ -72.011408466194268, 5.130156843571346 ], [ -72.011435623278786, 5.130129867492347 ] ] ], [ [ [ -72.011435244703392, 5.130211175309708 ], [ -72.011435370895867, 5.130184072703948 ], [ -72.011462401791064, 5.130184199230293 ], [ -72.011435244703392, 5.130211175309708 ] ] ], [ [ [ -72.011489306496728, 5.130211428362604 ], [ -72.011489054114293, 5.130265633576769 ], [ -72.011462023215032, 5.130265507049548 ], [ -72.011489306496728, 5.130211428362604 ] ] ], [ [ [ -72.01151608501425, 5.130265760102851 ], [ -72.011515958823168, 5.130292862710583 ], [ -72.011488927922073, 5.130292736183831 ], [ -72.01151608501425, 5.130265760102851 ] ] ], [ [ [ -72.011542737343007, 5.13034719445281 ], [ -72.011515706438971, 5.130347067925853 ], [ -72.01154298972493, 5.130292989236196 ], [ -72.011542737343007, 5.13034719445281 ] ] ], [ [ [ -72.011569642056898, 5.130374423587589 ], [ -72.011542611151029, 5.130374297061101 ], [ -72.011569768247753, 5.130347320978626 ], [ -72.011569642056898, 5.130374423587589 ] ] ], [ [ [ -72.011623577681405, 5.130401779247427 ], [ -72.011623325300889, 5.130455984467897 ], [ -72.011569389673198, 5.130428628805474 ], [ -72.011623577681405, 5.130401779247427 ] ] ], [ [ [ -72.011650356212186, 5.13045611099298 ], [ -72.011650230022056, 5.130483213603854 ], [ -72.011623199109621, 5.130483087078098 ], [ -72.011650356212186, 5.13045611099298 ] ] ], [ [ [ -72.011677260935144, 5.130483340128468 ], [ -72.011677008555125, 5.130537545351485 ], [ -72.011649977639763, 5.130537418825528 ], [ -72.011677260935144, 5.130483340128468 ] ] ], [ [ [ -72.011703913281337, 5.130564774488479 ], [ -72.011676882364114, 5.130564647962989 ], [ -72.011704039471226, 5.130537671876303 ], [ -72.011703913281337, 5.130564774488479 ] ] ], [ [ [ -72.011757596550879, 5.130646335376317 ], [ -72.011703660899542, 5.130618979712716 ], [ -72.011757848929477, 5.130592130149494 ], [ -72.011757596550879, 5.130646335376317 ] ] ], [ [ [ -72.011784627473503, 5.130646461900401 ], [ -72.011784501284339, 5.130673564514453 ], [ -72.011757470360564, 5.130673437989697 ], [ -72.011784627473503, 5.130646461900401 ] ] ], [ [ [ -72.009489165625027, 5.07182184198612 ], [ -72.009948274173155, 5.071905277616105 ], [ -72.010784533341976, 5.072261491202565 ], [ -72.011513802855049, 5.072373279915077 ], [ -72.012754619280216, 5.072921087143821 ], [ -72.012509616216761, 5.073299399053869 ], [ -72.011152074124112, 5.074621173153758 ], [ -72.010605883953005, 5.075838287896051 ], [ -72.010388780914838, 5.076027004437103 ], [ -72.00963560294656, 5.075237521712284 ], [ -72.00863504722129, 5.075341296987627 ], [ -72.008230119216009, 5.075231007142922 ], [ -72.00742363866469, 5.074278658013067 ], [ -72.007506598567005, 5.073872495640136 ], [ -72.008076944499138, 5.07327887028991 ], [ -72.008510648514516, 5.073009848621934 ], [ -72.009026436524863, 5.072524381343936 ], [ -72.009244786416005, 5.072064638786293 ], [ -72.009489165625027, 5.07182184198612 ] ], [ [ -72.008716757554737, 5.075206159946997 ], [ -72.009663505833601, 5.075047928706965 ], [ -72.010416433987047, 5.075891616545367 ], [ -72.011098391493803, 5.074539614874752 ], [ -72.011967423543098, 5.073649231836314 ], [ -72.012455559135176, 5.073299148885755 ], [ -72.012618603525368, 5.073110180595327 ], [ -72.012619227174653, 5.072974667179414 ], [ -72.011405439418255, 5.072426984805954 ], [ -72.010730102061288, 5.072342548851797 ], [ -72.010244713211719, 5.072096372636679 ], [ -72.009731797189403, 5.071958481558561 ], [ -72.008835114612708, 5.072984248868631 ], [ -72.007804286312123, 5.073792566253196 ], [ -72.007613837606513, 5.074062714762089 ], [ -72.0075858094132, 5.074279409911577 ], [ -72.008284551140292, 5.075149950038903 ], [ -72.008716757554737, 5.075206159946997 ] ] ], [ [ [ -72.009522562604573, 5.105538346412902 ], [ -72.009522436941211, 5.105565448991896 ], [ -72.009414317690258, 5.105564944974903 ], [ -72.009522562604573, 5.105538346412902 ] ] ], [ [ [ -72.009603400725879, 5.105592929573626 ], [ -72.009522311277195, 5.105592551570778 ], [ -72.009603526386513, 5.105565826992725 ], [ -72.009603400725879, 5.105592929573626 ] ] ], [ [ [ -72.00965733470268, 5.105620284152117 ], [ -72.009603275064563, 5.105620032154549 ], [ -72.009657460361737, 5.105593181569848 ], [ -72.00965733470268, 5.105620284152117 ] ] ], [ [ [ -72.009738424164908, 5.105620662139961 ], [ -72.00973829850858, 5.105647764724219 ], [ -72.00965720904297, 5.105647386734359 ], [ -72.009738424164908, 5.105620662139961 ] ] ], [ [ [ -72.009792358155735, 5.105648016711784 ], [ -72.009792232500999, 5.105675119297346 ], [ -72.009738172851584, 5.105674867308436 ], [ -72.009792358155735, 5.105648016711784 ] ] ], [ [ [ -72.009846292153085, 5.105675371281714 ], [ -72.009846166499941, 5.105702473868612 ], [ -72.00979210684558, 5.105702221882898 ], [ -72.009846292153085, 5.105675371281714 ] ] ], [ [ [ -72.009873196328115, 5.105702599859768 ], [ -72.009873070675425, 5.10572970244731 ], [ -72.009846040846114, 5.105729576455484 ], [ -72.009873196328115, 5.105702599859768 ] ] ], [ [ [ -72.009927130336095, 5.10572995442756 ], [ -72.009927004684982, 5.105757057016422 ], [ -72.009872945022053, 5.105756805034828 ], [ -72.009927130336095, 5.10572995442756 ] ] ], [ [ [ -72.009954034517506, 5.105757183005518 ], [ -72.009953908866848, 5.105784285595026 ], [ -72.009926879033202, 5.105784159605258 ], [ -72.009954034517506, 5.105757183005518 ] ] ], [ [ [ -72.009980938701133, 5.105784411583658 ], [ -72.009980813050944, 5.105811514173796 ], [ -72.009953783215508, 5.10581138818449 ], [ -72.009980938701133, 5.105784411583658 ] ] ], [ [ [ -72.01003474707521, 5.105838868740523 ], [ -72.009980687400073, 5.105838616763974 ], [ -72.010034872723807, 5.105811766149001 ], [ -72.01003474707521, 5.105838868740523 ] ] ], [ [ [ -72.01006165126563, 5.105866097319198 ], [ -72.010034621425916, 5.105865971331953 ], [ -72.010061776913787, 5.105838994727096 ], [ -72.01006165126563, 5.105866097319198 ] ] ], [ [ [ -72.010088681106012, 5.105866223305306 ], [ -72.010088555458324, 5.105893325898072 ], [ -72.010061525616806, 5.10589319991129 ], [ -72.010088681106012, 5.105866223305306 ] ] ], [ [ [ -72.010115585300539, 5.10589345188372 ], [ -72.010115459653306, 5.105920554477131 ], [ -72.01008842980994, 5.105920428490811 ], [ -72.010115585300539, 5.10589345188372 ] ] ], [ [ [ -72.010142489497298, 5.105920680462316 ], [ -72.01014236385052, 5.105947783056373 ], [ -72.010115334005391, 5.105947657070518 ], [ -72.010142489497298, 5.105920680462316 ] ] ], [ [ [ -72.010169268050007, 5.105975011635797 ], [ -72.010142238203059, 5.105974885650405 ], [ -72.010169393696344, 5.105947909041094 ], [ -72.010169268050007, 5.105975011635797 ] ] ], [ [ [ -72.010196172251753, 5.10600224021544 ], [ -72.010169142403001, 5.106002114230509 ], [ -72.010196297897622, 5.105975137620057 ], [ -72.010196172251753, 5.10600224021544 ] ] ], [ [ [ -72.010223202101173, 5.106002366199236 ], [ -72.010223076455773, 5.106029468795183 ], [ -72.010196046605202, 5.106029342810714 ], [ -72.010223202101173, 5.106002366199236 ] ] ], [ [ [ -72.010330818938044, 5.106111280517606 ], [ -72.01027675922542, 5.106111028552581 ], [ -72.010223076455773, 5.106029468795183 ], [ -72.010277136158919, 5.106029720760715 ], [ -72.010330818938044, 5.106111280517606 ] ] ], [ [ [ -72.01035784879538, 5.106111406498416 ], [ -72.010357723152921, 5.106138509097704 ], [ -72.010330693294449, 5.106138383116221 ], [ -72.01035784879538, 5.106111406498416 ] ] ], [ [ [ -72.010384627370044, 5.10616573767795 ], [ -72.010357597509795, 5.10616561169693 ], [ -72.010384753012033, 5.10613863507805 ], [ -72.010384627370044, 5.10616573767795 ] ] ], [ [ [ -72.010411531589483, 5.106192966258414 ], [ -72.010384501727358, 5.106192840277858 ], [ -72.010411657231018, 5.106165863657835 ], [ -72.010411531589483, 5.106192966258414 ] ] ], [ [ [ -72.010438561452233, 5.106193092237836 ], [ -72.010438435811139, 5.106220194838976 ], [ -72.010411405947266, 5.106220068858883 ], [ -72.010438561452233, 5.106193092237836 ] ] ], [ [ [ -72.010465465675708, 5.106220320817935 ], [ -72.010465340035083, 5.106247423419775 ], [ -72.010438310169377, 5.106247297440142 ], [ -72.010465465675708, 5.106220320817935 ] ] ], [ [ [ -72.010492369901428, 5.106247549398268 ], [ -72.010492244261258, 5.106274652000753 ], [ -72.010465214393761, 5.106274526021586 ], [ -72.010492369901428, 5.106247549398268 ] ] ], [ [ [ -72.010519274129436, 5.106274777978787 ], [ -72.01051914848972, 5.1063018805819 ], [ -72.010492118620405, 5.106301754603195 ], [ -72.010519274129436, 5.106274777978787 ] ] ], [ [ [ -72.010546178359704, 5.106302006559472 ], [ -72.010546052720443, 5.106329109163248 ], [ -72.010519022849323, 5.106328983185003 ], [ -72.010546178359704, 5.106302006559472 ] ] ], [ [ [ -72.010573082592231, 5.106329235140354 ], [ -72.010572956953425, 5.106356337744776 ], [ -72.0105459270805, 5.106356211766998 ], [ -72.010573082592231, 5.106329235140354 ] ] ], [ [ [ -72.010599986827032, 5.106356463721422 ], [ -72.01059986118868, 5.106383566326491 ], [ -72.010572831313951, 5.106383440349175 ], [ -72.010599986827032, 5.106356463721422 ] ] ], [ [ [ -72.010626765426196, 5.106410794908387 ], [ -72.010599735549661, 5.106410668931535 ], [ -72.010626891064092, 5.106383692302673 ], [ -72.010626765426196, 5.106410794908387 ] ] ], [ [ [ -72.00900648439891, 5.1235324298234 ], [ -72.008952044890592, 5.123613484537993 ], [ -72.008984750755275, 5.122393996220906 ], [ -72.009011781262174, 5.122394122659171 ], [ -72.00900648439891, 5.1235324298234 ] ] ], [ [ [ -72.008951666484691, 5.123694792186569 ], [ -72.008924635924657, 5.123694665713751 ], [ -72.008925014333968, 5.123613358067191 ], [ -72.008951666484691, 5.123694792186569 ] ] ], [ [ [ -72.00892425750925, 5.123775973360059 ], [ -72.008897226946431, 5.123775846884085 ], [ -72.008897605365235, 5.123694539239793 ], [ -72.00892425750925, 5.123775973360059 ] ] ], [ [ [ -72.00889684852153, 5.123857154528124 ], [ -72.008869817956054, 5.123857028048993 ], [ -72.00887019638435, 5.123775720406972 ], [ -72.00889684852153, 5.123857154528124 ] ] ], [ [ [ -72.008842408953413, 5.123938209208513 ], [ -72.008842787391202, 5.123856901568725 ], [ -72.008869439521661, 5.1239383356908 ], [ -72.008842408953413, 5.123938209208513 ] ] ], [ [ [ -72.008788095519179, 5.12399216133093 ], [ -72.008842408953413, 5.123938209208513 ], [ -72.008842030509541, 5.124019516848135 ], [ -72.008787717064436, 5.124073468966275 ], [ -72.008788095519179, 5.12399216133093 ] ] ], [ [ [ -72.008779137124691, 5.125916441971742 ], [ -72.008778758525935, 5.125997749601566 ], [ -72.008751727873374, 5.125997623064754 ], [ -72.008779137124691, 5.125916441971742 ] ] ], [ [ [ -72.008805789179164, 5.125997876137237 ], [ -72.008805536778894, 5.126052081224985 ], [ -72.008778506123392, 5.126051954687969 ], [ -72.008805789179164, 5.125997876137237 ] ] ], [ [ [ -72.008832567435064, 5.126052207760863 ], [ -72.008832315034354, 5.126106412849869 ], [ -72.00880528437591, 5.126106286312646 ], [ -72.008832567435064, 5.126052207760863 ] ] ], [ [ [ -72.008859093292344, 5.126160744476232 ], [ -72.00883206263093, 5.126160617938804 ], [ -72.00885934569348, 5.126106539385952 ], [ -72.008859093292344, 5.126160744476232 ] ] ], [ [ [ -72.008885871552806, 5.126215076104041 ], [ -72.008858840888479, 5.126214949566407 ], [ -72.008886123954383, 5.126160871012521 ], [ -72.008885871552806, 5.126215076104041 ] ] ], [ [ [ -72.008912902217887, 5.126215202640536 ], [ -72.008912649815869, 5.126269407733214 ], [ -72.008885619148529, 5.126269281195374 ], [ -72.008912902217887, 5.126215202640536 ] ] ], [ [ [ -72.008939680483834, 5.126269534269913 ], [ -72.008939554282946, 5.126296636816909 ], [ -72.008912523613844, 5.126296510279538 ], [ -72.008939680483834, 5.126269534269913 ] ] ], [ [ [ -72.008966584952745, 5.126296763353142 ], [ -72.008966332551225, 5.126350968448388 ], [ -72.008939301879167, 5.12635084191081 ], [ -72.008966584952745, 5.126296763353142 ] ] ], [ [ [ -72.008993363223951, 5.126351094984826 ], [ -72.008993110822004, 5.126405300081328 ], [ -72.008966080147005, 5.126405173543544 ], [ -72.008993363223951, 5.126351094984826 ] ] ], [ [ [ -72.009020141497686, 5.126405426617972 ], [ -72.009020015296827, 5.126432529166857 ], [ -72.008992984620022, 5.126432402629541 ], [ -72.009020141497686, 5.126405426617972 ] ] ], [ [ [ -72.009019762893104, 5.126486734264582 ], [ -72.009019889095313, 5.126459631715715 ], [ -72.009046919773937, 5.126459758252564 ], [ -72.009019762893104, 5.126486734264582 ] ] ], [ [ [ -72.009073824253321, 5.126486987338486 ], [ -72.009073571851445, 5.126541192438795 ], [ -72.009046541168715, 5.126541065901068 ], [ -72.009073824253321, 5.126486987338486 ] ] ], [ [ [ -72.009100350132513, 5.126595524076849 ], [ -72.009073319446841, 5.126595397538916 ], [ -72.009100602534829, 5.126541318975383 ], [ -72.009100350132513, 5.126595524076849 ] ] ], [ [ [ -72.009127254617809, 5.126622753165036 ], [ -72.009100223930332, 5.126622626627571 ], [ -72.009127380818853, 5.126595650613643 ], [ -72.009127254617809, 5.126622753165036 ] ] ], [ [ [ -72.009154159105378, 5.126649982253383 ], [ -72.009154032904121, 5.126677084805396 ], [ -72.009127002213702, 5.126676958267725 ], [ -72.009154159105378, 5.126649982253383 ] ] ], [ [ [ -72.009153780499588, 5.126731289909342 ], [ -72.009153906702196, 5.126704187357381 ], [ -72.009180937394433, 5.126704313894585 ], [ -72.009153780499588, 5.126731289909342 ] ] ], [ [ [ -72.009207841887019, 5.126731542983955 ], [ -72.009207589484319, 5.126785748090469 ], [ -72.009180558788003, 5.126785621552388 ], [ -72.009207841887019, 5.126731542983955 ] ] ], [ [ [ -72.009234367778205, 5.126840079735269 ], [ -72.009207337078919, 5.126839953196982 ], [ -72.009234493980117, 5.126812977181362 ], [ -72.009234367778205, 5.126840079735269 ] ] ], [ [ [ -72.009261019871801, 5.126921513935845 ], [ -72.009233989168436, 5.126921387396682 ], [ -72.009261272276717, 5.126867308826885 ], [ -72.009261019871801, 5.126921513935845 ] ] ], [ [ [ -72.00928792437351, 5.126948743028985 ], [ -72.009287671966817, 5.127002948139117 ], [ -72.009260641259374, 5.127002821599076 ], [ -72.00928792437351, 5.126948743028985 ] ] ], [ [ [ -72.009314576471709, 5.127030177233729 ], [ -72.009314450267809, 5.127057279789411 ], [ -72.009287419557424, 5.127057153249165 ], [ -72.009314576471709, 5.127030177233729 ] ] ], [ [ [ -72.00934122857133, 5.127111611441183 ], [ -72.009341102366534, 5.127138713997444 ], [ -72.009314071652057, 5.127138587456319 ], [ -72.00934122857133, 5.127111611441183 ] ] ], [ [ [ -72.009367754466652, 5.127220148208118 ], [ -72.009340723748096, 5.127220021666118 ], [ -72.009368006877352, 5.127165943094401 ], [ -72.009367754466652, 5.127220148208118 ] ] ], [ [ [ -72.009394532774792, 5.127274479863973 ], [ -72.009367502053266, 5.127274353321767 ], [ -72.009394658980696, 5.127247377306499 ], [ -72.009394532774792, 5.127274479863973 ] ] ], [ [ [ -72.009421437291564, 5.127301708963178 ], [ -72.009421311085447, 5.127328811521289 ], [ -72.009394280360979, 5.127328684978877 ], [ -72.009421437291564, 5.127301708963178 ] ] ], [ [ [ -72.00944821560492, 5.127356040621319 ], [ -72.00944796319159, 5.12741024573874 ], [ -72.009420932463044, 5.12741011919545 ], [ -72.00944821560492, 5.127356040621319 ] ] ], [ [ [ -72.00947486771426, 5.127437474840292 ], [ -72.009474741507049, 5.127464577399602 ], [ -72.009447710775547, 5.127464450856107 ], [ -72.00947486771426, 5.127437474840292 ] ] ], [ [ [ -72.009501646032476, 5.127491806501928 ], [ -72.009501519825037, 5.127518909061875 ], [ -72.009474489090579, 5.127518782518177 ], [ -72.009501646032476, 5.127491806501928 ] ] ], [ [ [ -72.00950126740814, 5.12757311418169 ], [ -72.009501393616915, 5.127546011621795 ], [ -72.009528424353164, 5.127546138165027 ], [ -72.00950126740814, 5.12757311418169 ] ] ], [ [ [ -72.009555328883607, 5.127573367268358 ], [ -72.009555202676424, 5.127600469829606 ], [ -72.009528171937191, 5.127600343286169 ], [ -72.009555328883607, 5.127573367268358 ] ] ], [ [ [ -72.009582107209582, 5.127627698933711 ], [ -72.009581981002185, 5.127654801495544 ], [ -72.009554950260011, 5.127654674951902 ], [ -72.009582107209582, 5.127627698933711 ] ] ], [ [ [ -72.009581854794092, 5.127681904057352 ], [ -72.009608885538057, 5.127682030600526 ], [ -72.009581728585331, 5.127709006619134 ], [ -72.009581854794092, 5.127681904057352 ] ] ], [ [ [ -72.009635663869062, 5.127736362268819 ], [ -72.009608633122141, 5.127736235725441 ], [ -72.009635790076231, 5.127709259705687 ], [ -72.009635663869062, 5.127736362268819 ] ] ], [ [ [ -72.00963541145272, 5.127790567394975 ], [ -72.009635537661225, 5.127763464831894 ], [ -72.009662568409965, 5.127763591374804 ], [ -72.00963541145272, 5.127790567394975 ] ] ], [ [ [ -72.009689472953156, 5.127790820481001 ], [ -72.009689346746242, 5.127817923045318 ], [ -72.009662315994532, 5.127817796502202 ], [ -72.009689472953156, 5.127790820481001 ] ] ], [ [ [ -72.009716377498592, 5.127818049587295 ], [ -72.009716251292133, 5.127845152152307 ], [ -72.009689220538647, 5.12784502560966 ], [ -72.009716377498592, 5.127818049587295 ] ] ], [ [ [ -72.009716125085006, 5.127872254717293 ], [ -72.009743155840312, 5.127872381259476 ], [ -72.009715998877198, 5.127899357282238 ], [ -72.009716125085006, 5.127872254717293 ] ] ], [ [ [ -72.009769934184561, 5.127926712933085 ], [ -72.0097429034263, 5.127926586390696 ], [ -72.009770060390764, 5.127899610366806 ], [ -72.009769934184561, 5.127926712933085 ] ] ], [ [ [ -72.00979696494349, 5.12792683947433 ], [ -72.009796838737742, 5.127953942041255 ], [ -72.009769807977662, 5.127953815499337 ], [ -72.00979696494349, 5.12792683947433 ] ] ], [ [ [ -72.009823490880592, 5.128035376284653 ], [ -72.009823617087235, 5.128008273717152 ], [ -72.009850647850953, 5.128008400258135 ], [ -72.009823490880592, 5.128035376284653 ] ] ], [ [ [ -72.009877552410956, 5.128035629366826 ], [ -72.009877426205918, 5.128062731935714 ], [ -72.009850395439273, 5.128062605394526 ], [ -72.009877552410956, 5.128035629366826 ] ] ], [ [ [ -72.009904330768649, 5.128089961045231 ], [ -72.009877300000198, 5.12808983450451 ], [ -72.009904456973246, 5.128062858475762 ], [ -72.009904330768649, 5.128089961045231 ] ] ], [ [ [ -72.009904204563412, 5.128117063614687 ], [ -72.009931235333667, 5.128117190154941 ], [ -72.009904078357465, 5.128144166184121 ], [ -72.009904204563412, 5.128117063614687 ] ] ], [ [ [ -72.009958139900959, 5.128144419264831 ], [ -72.009958013696618, 5.128171521835581 ], [ -72.009930982923407, 5.128171395295121 ], [ -72.009958139900959, 5.128144419264831 ] ] ], [ [ [ -72.009957761285918, 5.128225726977036 ], [ -72.009957887491623, 5.128198624406306 ], [ -72.009984918266639, 5.128198750946297 ], [ -72.009957761285918, 5.128225726977036 ] ] ], [ [ [ -72.010011822838948, 5.128225980057222 ], [ -72.010011696634862, 5.128253082629188 ], [ -72.009984665856877, 5.128252956088994 ], [ -72.010011822838948, 5.128225980057222 ] ] ], [ [ [ -72.010038601209885, 5.128280311740906 ], [ -72.010011570430109, 5.128280185201179 ], [ -72.01003872741353, 5.128253209168243 ], [ -72.010038601209885, 5.128280311740906 ] ] ], [ [ [ -72.010038475005601, 5.128307414313543 ], [ -72.010065505787196, 5.128307540852804 ], [ -72.01003834880062, 5.128334516886154 ], [ -72.010038475005601, 5.128307414313543 ] ] ], [ [ [ -72.010092410366781, 5.128334769964876 ], [ -72.010092284163392, 5.128361872538839 ], [ -72.010065253378841, 5.128361745999376 ], [ -72.010092410366781, 5.128334769964876 ] ] ], [ [ [ -72.010119314948625, 5.128361999077165 ], [ -72.010119188745705, 5.128389101651739 ], [ -72.010092157959335, 5.128388975112743 ], [ -72.010119314948625, 5.128361999077165 ] ] ], [ [ [ -72.010118936337832, 5.128443306800794 ], [ -72.010119062542103, 5.128416204226323 ], [ -72.010146093330292, 5.128416330764852 ], [ -72.010118936337832, 5.128443306800794 ] ] ], [ [ [ -72.010172871714502, 5.128470662453899 ], [ -72.010145840923343, 5.128470535915166 ], [ -72.010172997917167, 5.128443559878057 ], [ -72.010172871714502, 5.128470662453899 ] ] ], [ [ [ -72.010199776304091, 5.128497891567978 ], [ -72.010172745511142, 5.128497765029714 ], [ -72.010199902506301, 5.128470788991491 ], [ -72.010199776304091, 5.128497891567978 ] ] ], [ [ [ -72.010199523897626, 5.128552096720861 ], [ -72.0101996501012, 5.128524994144441 ], [ -72.010226680895954, 5.128525120682239 ], [ -72.010199523897626, 5.128552096720861 ] ] ], [ [ [ -72.010253585490105, 5.128552349796659 ], [ -72.010253459288137, 5.128579452374413 ], [ -72.010226428490427, 5.128579325836411 ], [ -72.010253585490105, 5.128552349796659 ] ] ], [ [ [ -72.010280490086487, 5.128579578911274 ], [ -72.010280363884988, 5.128606681489676 ], [ -72.010253333085487, 5.128606554952142 ], [ -72.010280490086487, 5.128579578911274 ] ] ], [ [ [ -72.010280237682807, 5.12863378406805 ], [ -72.010307268484169, 5.128633910605116 ], [ -72.010280111479943, 5.128660886646381 ], [ -72.010280237682807, 5.12863378406805 ] ] ], [ [ [ -72.010334046884338, 5.128688242300433 ], [ -72.010307016080063, 5.128688115763163 ], [ -72.010334173085596, 5.128661139720717 ], [ -72.010334046884338, 5.128688242300433 ] ] ], [ [ [ -72.010361077689296, 5.128688368836565 ], [ -72.010360951488508, 5.128715471416862 ], [ -72.010333920682399, 5.128715344880059 ], [ -72.010361077689296, 5.128688368836565 ] ] ], [ [ [ -72.01036069908487, 5.128769676577408 ], [ -72.010360825287023, 5.128742573997147 ], [ -72.010387856094923, 5.128742700533483 ], [ -72.01036069908487, 5.128769676577408 ] ] ], [ [ [ -72.010414760703625, 5.128769929650282 ], [ -72.010414634503078, 5.128797032231861 ], [ -72.010387603692223, 5.128796905695321 ], [ -72.010414760703625, 5.128769929650282 ] ] ], [ [ [ -72.010441539114524, 5.128824261349485 ], [ -72.010414508301849, 5.128824134813413 ], [ -72.010441665314616, 5.128797158767259 ], [ -72.010441539114524, 5.128824261349485 ] ] ], [ [ [ -72.01044141291375, 5.128851363931666 ], [ -72.010468443728243, 5.128851490467269 ], [ -72.010441286712322, 5.128878466513839 ], [ -72.01044141291375, 5.128851363931666 ] ] ], [ [ [ -72.01049534834425, 5.128878719585251 ], [ -72.010495222144399, 5.128905822168742 ], [ -72.010468191326964, 5.128905695632934 ], [ -72.01049534834425, 5.128878719585251 ] ] ], [ [ [ -72.010522252962502, 5.128905948703409 ], [ -72.010522126763121, 5.128933051287546 ], [ -72.010495095943881, 5.128932924752207 ], [ -72.010522252962502, 5.128905948703409 ] ] ], [ [ [ -71.999163079268214, 5.101207711306924 ], [ -71.999162953277462, 5.101234813631375 ], [ -71.999135923902415, 5.101234687299674 ], [ -71.999163079268214, 5.101207711306924 ] ] ], [ [ [ -71.999270314852765, 5.101397932909198 ], [ -71.999270440843077, 5.10137083058217 ], [ -71.999297470227148, 5.101370956911573 ], [ -71.999270314852765, 5.101397932909198 ] ] ], [ [ [ -71.99932437362385, 5.10139818556822 ], [ -71.99932424763513, 5.101425287896517 ], [ -71.999297218248131, 5.101425161566899 ], [ -71.99932437362385, 5.10139818556822 ] ] ], [ [ [ -71.999351277022882, 5.101425414225004 ], [ -71.999351151034602, 5.101452516554019 ], [ -71.999324121645728, 5.101452390224859 ], [ -71.999351277022882, 5.101425414225004 ] ] ], [ [ [ -71.999378180424117, 5.101452642882045 ], [ -71.999378054436306, 5.101479745211607 ], [ -71.999351025045669, 5.101479618882907 ], [ -71.999378180424117, 5.101452642882045 ] ] ], [ [ [ -71.999404957840255, 5.101506973869436 ], [ -71.999377928447814, 5.101506847541196 ], [ -71.999405083827625, 5.101479871539174 ], [ -71.999404957840255, 5.101506973869436 ] ] ], [ [ [ -71.999431861246478, 5.101534202527453 ], [ -71.999404831852232, 5.101534076199672 ], [ -71.999431987233393, 5.101507100196544 ], [ -71.999431861246478, 5.101534202527453 ] ] ], [ [ [ -71.999458890641421, 5.101534328854101 ], [ -71.999458764654975, 5.101561431185646 ], [ -71.999431735258895, 5.101561304858322 ], [ -71.999458890641421, 5.101534328854101 ] ] ], [ [ [ -71.999485794051708, 5.101561557511832 ], [ -71.999485668065716, 5.101588659844041 ], [ -71.999458638667832, 5.101588533517178 ], [ -71.999485794051708, 5.101561557511832 ] ] ], [ [ [ -71.999512697464269, 5.101588786169771 ], [ -71.999512571478718, 5.101615888502627 ], [ -71.999485542079015, 5.101615762176224 ], [ -71.999512697464269, 5.101588786169771 ] ] ], [ [ [ -71.999539474893993, 5.101643117161402 ], [ -71.999512445492485, 5.101642990835457 ], [ -71.999539600879089, 5.101616014827898 ], [ -71.999539474893993, 5.101643117161402 ] ] ], [ [ [ -71.999566378311528, 5.101670345820366 ], [ -71.999539348908215, 5.10167021949488 ], [ -71.999566504296169, 5.101643243486214 ], [ -71.999566378311528, 5.101670345820366 ] ] ], [ [ [ -71.999593407715508, 5.101670472144718 ], [ -71.999593281731308, 5.101697574479504 ], [ -71.999566252326204, 5.101697448154478 ], [ -71.999593407715508, 5.101670472144718 ] ] ], [ [ [ -71.999620311137093, 5.101697700803395 ], [ -71.999620185153361, 5.101724803138897 ], [ -71.999593155746439, 5.101724676814332 ], [ -71.999620311137093, 5.101697700803395 ] ] ], [ [ [ -71.9997277988642, 5.101833717778145 ], [ -71.999727924846127, 5.101806615440099 ], [ -71.999754954259828, 5.10180674176102 ], [ -71.9997277988642, 5.101833717778145 ] ] ], [ [ [ -71.999781731714194, 5.101861072759569 ], [ -71.999754702297551, 5.101860946438434 ], [ -71.999781857694543, 5.1018339704202 ], [ -71.999781731714194, 5.101861072759569 ] ] ], [ [ [ -71.999808635151624, 5.10188830141962 ], [ -71.999781605733176, 5.101888175098945 ], [ -71.999808761131519, 5.10186119907957 ], [ -71.999808635151624, 5.10188830141962 ] ] ], [ [ [ -71.999835664570782, 5.101888427739163 ], [ -71.999835538591341, 5.101915530079778 ], [ -71.999808509171046, 5.101915403759562 ], [ -71.999835664570782, 5.101888427739163 ] ] ], [ [ [ -71.999862568012276, 5.101915656398861 ], [ -71.99986244203329, 5.101942758740174 ], [ -71.999835412611219, 5.101942632420418 ], [ -71.999862568012276, 5.101915656398861 ] ] ], [ [ [ -71.999916248923967, 5.101997216061537 ], [ -71.999916374902057, 5.101970113718925 ], [ -71.999943404327311, 5.101970240035954 ], [ -71.999916248923967, 5.101997216061537 ] ] ], [ [ [ -71.999970307777389, 5.10199746869581 ], [ -71.999970181800876, 5.102024571039778 ], [ -71.999943152372722, 5.102024444722533 ], [ -71.999970307777389, 5.10199746869581 ] ] ], [ [ [ -71.999997211229754, 5.102024697355889 ], [ -71.99999708525371, 5.102051799700454 ], [ -71.999970055823709, 5.102051673383669 ], [ -71.999997211229754, 5.102024697355889 ] ] ], [ [ [ -72.000023988708776, 5.102079028361388 ], [ -72.000024114684379, 5.102051926016105 ], [ -72.000051144115716, 5.102052052330623 ], [ -72.000023988708776, 5.102079028361388 ] ] ], [ [ [ -72.000078047574405, 5.102079280990639 ], [ -72.000077921600393, 5.10210638333714 ], [ -72.000050892166115, 5.102106257022409 ], [ -72.000078047574405, 5.102079280990639 ] ] ], [ [ [ -72.000104951035354, 5.102106509650739 ], [ -72.000131980471011, 5.102106635963202 ], [ -72.000104825061797, 5.102133611997941 ], [ -72.000104951035354, 5.102106509650739 ] ] ], [ [ [ -72.000158757964059, 5.10216096697161 ], [ -72.000131728525488, 5.102160840658931 ], [ -72.000158883936024, 5.102133864623084 ], [ -72.000158757964059, 5.10216096697161 ] ] ], [ [ [ -72.0001856614318, 5.102188195632312 ], [ -72.000185787403311, 5.102161093283154 ], [ -72.000212816843245, 5.102161219593566 ], [ -72.0001856614318, 5.102188195632312 ] ] ], [ [ [ -72.000239720314596, 5.102188448253349 ], [ -72.000239594344663, 5.102215550603846 ], [ -72.000212564901787, 5.102215424293219 ], [ -72.000239720314596, 5.102188448253349 ] ] ], [ [ [ -72.000293653232461, 5.102215803221696 ], [ -72.000293527264105, 5.102242905573514 ], [ -72.000266497818728, 5.102242779264482 ], [ -72.000293653232461, 5.102215803221696 ] ] ], [ [ [ -72.00032055671015, 5.102243031881414 ], [ -72.000347586156863, 5.102243158188177 ], [ -72.000320430742249, 5.102270134233883 ], [ -72.00032055671015, 5.102243031881414 ] ] ], [ [ [ -72.000374363672293, 5.102297489201415 ], [ -72.000347334222639, 5.102297362894436 ], [ -72.000374489638617, 5.102270386847625 ], [ -72.000374363672293, 5.102297489201415 ] ] ], [ [ [ -72.000428422573634, 5.102297741811971 ], [ -72.000428296608916, 5.102324844167067 ], [ -72.000401267156761, 5.102324717861682 ], [ -72.000428422573634, 5.102297741811971 ] ] ], [ [ [ -72.000482355515246, 5.102325096774436 ], [ -72.000482229552105, 5.102352199130922 ], [ -72.000455200097463, 5.102352072827132 ], [ -72.000482355515246, 5.102325096774436 ] ] ], [ [ [ -72.000509133044716, 5.102379427790648 ], [ -72.000509259007401, 5.102352325433579 ], [ -72.000536288463394, 5.102352451735103 ], [ -72.000509133044716, 5.102379427790648 ] ] ], [ [ [ -72.000563065998506, 5.102406782752317 ], [ -72.000536036539586, 5.102406656450579 ], [ -72.000563191959614, 5.102379680393911 ], [ -72.000563065998506, 5.102406782752317 ] ] ], [ [ [ -72.000616998958876, 5.102434137712121 ], [ -72.00058996949744, 5.102434011411976 ], [ -72.000617124918406, 5.102407035352392 ], [ -72.000616998958876, 5.102434137712121 ] ] ], [ [ [ -72.000671057883736, 5.102434390309007 ], [ -72.000670931925796, 5.102461492670059 ], [ -72.000643902461889, 5.10246136637151 ], [ -72.000671057883736, 5.102434390309007 ] ] ], [ [ [ -72.000724990855616, 5.102461745263758 ], [ -72.000724864899269, 5.102488847626135 ], [ -72.000697835432874, 5.102488721329177 ], [ -72.000724990855616, 5.102461745263758 ] ] ], [ [ [ -72.000778923834076, 5.102489100216645 ], [ -72.000778797879306, 5.102516202580377 ], [ -72.000751768410439, 5.102516076285013 ], [ -72.000778923834076, 5.102489100216645 ] ] ], [ [ [ -72.000805701394526, 5.1025434312389 ], [ -72.000805827348856, 5.102516328874604 ], [ -72.000832856819073, 5.1025164551677 ], [ -72.000805701394526, 5.1025434312389 ] ] ], [ [ [ -72.000886789810636, 5.102543810116805 ], [ -72.000886663859035, 5.102570912483148 ], [ -72.00083260491202, 5.102570659897665 ], [ -72.000886789810636, 5.102543810116805 ] ] ], [ [ [ -72.000940722808778, 5.102571165064098 ], [ -72.00094059685874, 5.102598267431762 ], [ -72.000886537906752, 5.102598014849465 ], [ -72.000940722808778, 5.102571165064098 ] ] ], [ [ [ -72.000994655813443, 5.102598520009522 ], [ -72.000994529864997, 5.10262562237851 ], [ -72.000967500386196, 5.102625496089522 ], [ -72.000994655813443, 5.102598520009522 ] ] ], [ [ [ -72.001048462877804, 5.102652977323426 ], [ -72.001021433396517, 5.102652851036033 ], [ -72.001048588824673, 5.102625874953083 ], [ -72.001048462877804, 5.102652977323426 ] ] ], [ [ [ -72.001102395897206, 5.102680332266443 ], [ -72.001075366413417, 5.102680205980643 ], [ -72.001102521842483, 5.10265322989481 ], [ -72.001102395897206, 5.102680332266443 ] ] ], [ [ [ -72.001156454866816, 5.102680584834638 ], [ -72.00115632892313, 5.102707687207627 ], [ -72.001129299436869, 5.102707560923422 ], [ -72.001156454866816, 5.102680584834638 ] ] ], [ [ [ -72.001210387897714, 5.102707939772636 ], [ -72.00121026195562, 5.102735042146863 ], [ -72.001183232466857, 5.102734915864252 ], [ -72.001210387897714, 5.102707939772636 ] ] ], [ [ [ -72.001264320935206, 5.102735294708684 ], [ -72.001264194994675, 5.102762397084284 ], [ -72.001237165503426, 5.102762270803267 ], [ -72.001264320935206, 5.102735294708684 ] ] ], [ [ [ -72.001291098546531, 5.102789625740415 ], [ -72.001291224486607, 5.102762523364166 ], [ -72.001345157534686, 5.102789878298125 ], [ -72.001291098546531, 5.102789625740415 ] ] ], [ [ [ -72.001399090589359, 5.102817233230204 ], [ -72.001372061092439, 5.102817106953508 ], [ -72.00139921652557, 5.102790130851302 ], [ -72.001399090589359, 5.102817233230204 ] ] ], [ [ [ -72.001453149585188, 5.10281748578019 ], [ -72.001453023650555, 5.102844588160433 ], [ -72.001425994151177, 5.102844461885331 ], [ -72.001453149585188, 5.10281748578019 ] ] ], [ [ [ -72.001507082651372, 5.10284484070723 ], [ -72.001506956718316, 5.102871943088794 ], [ -72.001479927216437, 5.102871816815288 ], [ -72.001507082651372, 5.10284484070723 ] ] ], [ [ [ -72.001533860288291, 5.102899171743377 ], [ -72.001533986220892, 5.102872069361166 ], [ -72.001561015724121, 5.102872195632405 ], [ -72.001533860288291, 5.102899171743377 ] ] ], [ [ [ -72.00161482287352, 5.102926652939919 ], [ -72.00156076386051, 5.102926400398149 ], [ -72.001614948803393, 5.102899550555711 ], [ -72.00161482287352, 5.102926652939919 ] ] ], [ [ [ -72.001641726451624, 5.102953881593942 ], [ -72.001614696942966, 5.102953755324084 ], [ -72.001641852381042, 5.102926779209104 ], [ -72.001641726451624, 5.102953881593942 ] ] ], [ [ [ -72.001668630031972, 5.102981110248221 ], [ -72.001668755960949, 5.102954007862666 ], [ -72.001695785470972, 5.102954134130256 ], [ -72.001668630031972, 5.102981110248221 ] ] ], [ [ [ -72.001722689054958, 5.102981362783614 ], [ -72.001722563127572, 5.103008465170422 ], [ -72.001695533614622, 5.103008338902618 ], [ -72.001722689054958, 5.102981362783614 ] ] ], [ [ [ -72.001749466714273, 5.103035693824566 ], [ -72.001749592641204, 5.103008591437092 ], [ -72.001776622155504, 5.103008717702627 ], [ -72.001749466714273, 5.103035693824566 ] ] ], [ [ [ -72.001803525745814, 5.103035946355852 ], [ -72.001803399820474, 5.103063048744646 ], [ -72.001776370303219, 5.103062922478898 ], [ -72.001803525745814, 5.103035946355852 ] ] ], [ [ [ -72.001830303413485, 5.103090277398707 ], [ -72.001830429338384, 5.103063175009262 ], [ -72.001857458857003, 5.103063301272742 ], [ -72.001830303413485, 5.103090277398707 ] ] ], [ [ [ -72.001884362453652, 5.103090529925882 ], [ -72.001884236530344, 5.103117632316646 ], [ -72.001857207008797, 5.103117506052953 ], [ -72.001884362453652, 5.103090529925882 ] ] ], [ [ [ -72.001911266052545, 5.103117758579208 ], [ -72.001911140129693, 5.103144860970657 ], [ -72.001884110606355, 5.103144734707423 ], [ -72.001911266052545, 5.103117758579208 ] ] ], [ [ [ -72.001965073257153, 5.10317221588641 ], [ -72.001911014206158, 5.103171963361995 ], [ -72.001965199178429, 5.103145113493722 ], [ -72.001965073257153, 5.10317221588641 ] ] ], [ [ [ -72.00199197686284, 5.1031994445403 ], [ -72.001964947335196, 5.10319931827912 ], [ -72.00199210278366, 5.103172342146914 ], [ -72.00199197686284, 5.1031994445403 ] ] ], [ [ [ -72.00201900639118, 5.103199570800345 ], [ -72.002018880470814, 5.103226673194378 ], [ -72.001991850941351, 5.103226546933659 ], [ -72.00201900639118, 5.103199570800345 ] ] ], [ [ [ -72.002045910000945, 5.103226799453963 ], [ -72.002045784081034, 5.103253901848643 ], [ -72.002018754549766, 5.103253775588384 ], [ -72.002045910000945, 5.103226799453963 ] ] ], [ [ [ -72.002072813612969, 5.103254028107769 ], [ -72.002072687693513, 5.10328113050313 ], [ -72.002045658160441, 5.103281004243333 ], [ -72.002072813612969, 5.103254028107769 ] ] ], [ [ [ -72.002099591308266, 5.103308359157773 ], [ -72.002072561773375, 5.103308232898434 ], [ -72.002099717227253, 5.103281256761796 ], [ -72.002099591308266, 5.103308359157773 ] ] ], [ [ [ -72.002126494925264, 5.103335587812636 ], [ -72.002099465388568, 5.103335461553757 ], [ -72.002126620843811, 5.103308485415978 ], [ -72.002126494925264, 5.103335587812636 ] ] ], [ [ [ -72.002153524462642, 5.103335714070379 ], [ -72.00215339854455, 5.103362816467602 ], [ -72.002126369006035, 5.103362690209184 ], [ -72.002153524462642, 5.103335714070379 ] ] ], [ [ [ -72.002180428083719, 5.103362942724885 ], [ -72.002180302166067, 5.103390045122807 ], [ -72.002153272625776, 5.103389918864849 ], [ -72.002180428083719, 5.103362942724885 ] ] ], [ [ [ -72.002207331707055, 5.10339017137963 ], [ -72.002207205789858, 5.1034172737782 ], [ -72.002180176247748, 5.103417147520702 ], [ -72.002207331707055, 5.10339017137963 ] ] ], [ [ [ -72.002234109415923, 5.10344450243378 ], [ -72.002207079871994, 5.103444376176743 ], [ -72.002234235332651, 5.103417400034562 ], [ -72.002234109415923, 5.10344450243378 ] ] ], [ [ [ -72.002261013044233, 5.10347173108953 ], [ -72.002233983498499, 5.103471604832952 ], [ -72.00226113896052, 5.103444628689683 ], [ -72.002261013044233, 5.10347173108953 ] ] ], [ [ [ -72.002288042590649, 5.103471857344972 ], [ -72.002287916674817, 5.103498959745486 ], [ -72.002260887127278, 5.10349883348937 ], [ -72.002288042590649, 5.103471857344972 ] ] ], [ [ [ -72.002314946223052, 5.103499086000468 ], [ -72.002314820307674, 5.103526188401629 ], [ -72.002287790758302, 5.103526062145972 ], [ -72.002314946223052, 5.103499086000468 ] ] ], [ [ [ -72.002341849857686, 5.10352631465615 ], [ -72.002341723942777, 5.10355341705796 ], [ -72.002314694391615, 5.103553290802765 ], [ -72.002341849857686, 5.10352631465615 ] ] ], [ [ [ -72.002368753494608, 5.103553543312021 ], [ -72.00236862758014, 5.103580645714461 ], [ -72.002341598027172, 5.103580519459725 ], [ -72.002368753494608, 5.103553543312021 ] ] ], [ [ [ -72.002395657133789, 5.103580771968061 ], [ -72.002395531219776, 5.103607874371217 ], [ -72.002368501664989, 5.103607748116941 ], [ -72.002395657133789, 5.103580771968061 ] ] ], [ [ [ -72.002422560775216, 5.103608000624359 ], [ -72.002422434861671, 5.103635103028094 ], [ -72.002395405305066, 5.103634976774279 ], [ -72.002422560775216, 5.103608000624359 ] ] ], [ [ [ -72.002449464418916, 5.103635229280774 ], [ -72.002449338505812, 5.103662331685174 ], [ -72.00242230894743, 5.103662205431821 ], [ -72.002449464418916, 5.103635229280774 ] ] ], [ [ [ -72.002476242152241, 5.103689560342443 ], [ -72.002449212592026, 5.103689434089549 ], [ -72.002476368064904, 5.103662457937395 ], [ -72.002476242152241, 5.103689560342443 ] ] ], [ [ [ -72.002503145800929, 5.103716788999899 ], [ -72.00247611623891, 5.103716662747465 ], [ -72.002503271713124, 5.1036896865942 ], [ -72.002503145800929, 5.103716788999899 ] ] ], [ [ [ -72.002530175363617, 5.103716915251196 ], [ -72.002530049451863, 5.103744017657543 ], [ -72.002503019888039, 5.10374389140557 ], [ -72.002530175363617, 5.103716915251196 ] ] ], [ [ [ -72.002557079016356, 5.10374414390838 ], [ -72.002556953105071, 5.103771246315356 ], [ -72.002529923539441, 5.103771120063843 ], [ -72.002557079016356, 5.10374414390838 ] ] ], [ [ [ -72.002583982671368, 5.103771372565733 ], [ -72.002583856760523, 5.103798474973375 ], [ -72.002556827193089, 5.103798348722321 ], [ -72.002583982671368, 5.103771372565733 ] ] ], [ [ [ -72.002691345495336, 5.10393449201756 ], [ -72.002583604936831, 5.103852679788577 ], [ -72.002691597314055, 5.103880287197089 ], [ -72.002691345495336, 5.10393449201756 ] ] ], [ [ [ -72.002718249162569, 5.103961720677198 ], [ -72.002691219584946, 5.103961594427775 ], [ -72.002718375071822, 5.103934618266308 ], [ -72.002718249162569, 5.103961720677198 ] ] ], [ [ [ -72.002799086085744, 5.104016304244284 ], [ -72.002798834269299, 5.104070509069853 ], [ -72.002717997342046, 5.104015925498778 ], [ -72.002799086085744, 5.104016304244284 ] ] ], [ [ [ -72.002825863854142, 5.104070635317433 ], [ -72.00282573794604, 5.104097737730835 ], [ -72.002798708360061, 5.104097611482581 ], [ -72.002825863854142, 5.104070635317433 ] ] ], [ [ [ -72.003365070915777, 5.104371286725224 ], [ -72.002960256363679, 5.104233881038676 ], [ -72.00282573794604, 5.104097737730835 ], [ -72.00328435977022, 5.104289600750993 ], [ -72.003365070915777, 5.104371286725224 ] ] ], [ [ [ -72.004958309194976, 5.104703962017462 ], [ -72.004958435028598, 5.104676859551402 ], [ -72.005039398192096, 5.104704340530998 ], [ -72.004958309194976, 5.104703962017462 ] ] ], [ [ [ -72.005363754241614, 5.10470585448303 ], [ -72.006038615786949, 5.104898725475213 ], [ -72.005660325866515, 5.104869857029725 ], [ -72.005066427859177, 5.104704466699906 ], [ -72.005363754241614, 5.10470585448303 ] ] ], [ [ [ -72.006146734591141, 5.104899229994973 ], [ -72.006146608801899, 5.104926332490497 ], [ -72.006038489993173, 5.104925827968045 ], [ -72.006146734591141, 5.104899229994973 ] ] ], [ [ [ -72.006308535468293, 5.10498129423903 ], [ -72.006227446341796, 5.104980915865277 ], [ -72.006146608801899, 5.104926332490497 ], [ -72.006254727621439, 5.104926836994796 ], [ -72.006308535468293, 5.10498129423903 ] ] ], [ [ [ -72.006443432467691, 5.105036129844812 ], [ -72.006362343324241, 5.105035751484041 ], [ -72.006308535468293, 5.10498129423903 ], [ -72.006389624600914, 5.104981672602571 ], [ -72.006443432467691, 5.105036129844812 ] ] ], [ [ [ -72.006524521617237, 5.10503650819537 ], [ -72.006524395840444, 5.105063610700134 ], [ -72.006443306687501, 5.105063232347557 ], [ -72.006524521617237, 5.10503650819537 ] ] ], [ [ [ -72.006578455279111, 5.105063862929514 ], [ -72.00657832950391, 5.105090965435599 ], [ -72.006551299783112, 5.105090839320805 ], [ -72.006578455279111, 5.105063862929514 ] ] ], [ [ [ -72.007954708861121, 5.10555813896845 ], [ -72.00882003907968, 5.105480864872319 ], [ -72.009414443358139, 5.105537842398598 ], [ -72.00819785114291, 5.105586376078582 ], [ -72.007954708861121, 5.10555813896845 ] ] ], [ [ [ -72.00856705643514, 5.12502104589551 ], [ -72.008596232075959, 5.124560429241413 ], [ -72.008787717064436, 5.124073468966275 ], [ -72.008623136492332, 5.124587658289967 ], [ -72.00856705643514, 5.12502104589551 ] ] ], [ [ [ -72.008725454426568, 5.125834881274956 ], [ -72.008645372091607, 5.12561768134534 ], [ -72.008621117649653, 5.125021298935524 ], [ -72.008725454426568, 5.125834881274956 ] ] ], [ [ [ -72.008752106475526, 5.125916315436949 ], [ -72.008725075827059, 5.125916188901014 ], [ -72.008752485071611, 5.125835007808873 ], [ -72.008752106475526, 5.125916315436949 ] ] ], [ [ [ -71.997197499911138, 5.099572349603938 ], [ -71.997008421169255, 5.099544362695093 ], [ -71.996711099449115, 5.099542972446772 ], [ -71.997035576458629, 5.099517386801779 ], [ -71.997197499911138, 5.099572349603938 ] ] ], [ [ [ -71.996710973396858, 5.09957007471139 ], [ -71.99660285642355, 5.099569569129843 ], [ -71.996602982480312, 5.099542466867927 ], [ -71.996710973396858, 5.09957007471139 ] ] ], [ [ [ -71.996602730366106, 5.099596671391732 ], [ -71.99652164263982, 5.099596292191646 ], [ -71.99652176870066, 5.099569189931782 ], [ -71.996602730366106, 5.099596671391732 ] ] ], [ [ [ -71.997305490916105, 5.099599957365188 ], [ -71.997197373878549, 5.099599451880678 ], [ -71.997305616944161, 5.099572855085746 ], [ -71.997305490916105, 5.099599957365188 ] ] ], [ [ [ -71.994034829169777, 5.09961176063385 ], [ -71.994007799990399, 5.099611634126608 ], [ -71.99403495533528, 5.099584658436154 ], [ -71.994034829169777, 5.09961176063385 ] ] ], [ [ [ -71.996521516578312, 5.099623394451485 ], [ -71.996440428854811, 5.099623015239173 ], [ -71.996440554919715, 5.099595912981361 ], [ -71.996521516578312, 5.099623394451485 ] ] ], [ [ [ -71.997386578701395, 5.099600336466668 ], [ -71.997386452676054, 5.099627438748112 ], [ -71.997305364887353, 5.099627059644605 ], [ -71.997386578701395, 5.099600336466668 ] ] ], [ [ [ -71.994061858349852, 5.099611887139958 ], [ -71.99406173218479, 5.099638989338303 ], [ -71.994034703003578, 5.099638862831519 ], [ -71.994061858349852, 5.099611887139958 ] ] ], [ [ [ -71.996359215068395, 5.099649738272423 ], [ -71.996359341137378, 5.099622636016661 ], [ -71.996440302789225, 5.099650117496962 ], [ -71.996359215068395, 5.099649738272423 ] ] ], [ [ [ -71.997467414448195, 5.099654920124857 ], [ -71.997386326650016, 5.099654541029527 ], [ -71.997467540470822, 5.099627817841417 ], [ -71.997467414448195, 5.099654920124857 ] ] ], [ [ [ -71.996359088998744, 5.099676840528192 ], [ -71.996305030519352, 5.099676587704816 ], [ -71.996305156591276, 5.099649485450398 ], [ -71.996359088998744, 5.099676840528192 ] ] ], [ [ [ -71.994088761366669, 5.099639115843953 ], [ -71.994088635202061, 5.099666218042983 ], [ -71.994061606019059, 5.099666091536657 ], [ -71.994088761366669, 5.099639115843953 ] ] ], [ [ [ -71.997521472983721, 5.099655172849411 ], [ -71.997521346962657, 5.099682275134208 ], [ -71.997467288424872, 5.099682022408306 ], [ -71.997521472983721, 5.099655172849411 ] ] ], [ [ [ -71.996277875206928, 5.09970356354506 ], [ -71.996223816729326, 5.099703310713534 ], [ -71.996223942805315, 5.099676208461251 ], [ -71.996277875206928, 5.09970356354506 ] ] ], [ [ [ -71.997575405503142, 5.099682527855579 ], [ -71.997575279483684, 5.099709630141615 ], [ -71.997521220940925, 5.099709377418898 ], [ -71.997575405503142, 5.099682527855579 ] ] ], [ [ [ -71.994115664385745, 5.099666344548175 ], [ -71.994115538221592, 5.09969344674777 ], [ -71.994088509036786, 5.0996933202419 ], [ -71.994115664385745, 5.099666344548175 ] ] ], [ [ [ -71.997629338029128, 5.099709882859803 ], [ -71.997629212011233, 5.099736985147215 ], [ -71.997575153463529, 5.09973673242768 ], [ -71.997629338029128, 5.099709882859803 ] ] ], [ [ [ -71.996196661413762, 5.099730286547702 ], [ -71.996142602937994, 5.099730033708025 ], [ -71.996196787491556, 5.09970318429607 ], [ -71.996196661413762, 5.099730286547702 ] ] ], [ [ [ -71.994169470430677, 5.099720801957076 ], [ -71.994196499618639, 5.099720928460221 ], [ -71.994169344267419, 5.099747904158021 ], [ -71.994169470430677, 5.099720801957076 ] ] ], [ [ [ -71.997683270561694, 5.099737237862216 ], [ -71.997683144545377, 5.099764340150954 ], [ -71.997629085992671, 5.099764087434601 ], [ -71.997683270561694, 5.099737237862216 ] ] ], [ [ [ -71.996115447619246, 5.099757009536066 ], [ -71.996061389145268, 5.099756756688238 ], [ -71.996061515229385, 5.099729654440006 ], [ -71.996115447619246, 5.099757009536066 ] ] ], [ [ [ -71.994223402646341, 5.099748157164528 ], [ -71.994223276484675, 5.099775259366798 ], [ -71.994196247293729, 5.099775132863435 ], [ -71.994223402646341, 5.099748157164528 ] ] ], [ [ [ -71.996034359909302, 5.099756630262623 ], [ -71.996034233823366, 5.09978373251015 ], [ -71.995980301439417, 5.099756377407993 ], [ -71.996034359909302, 5.099756630262623 ] ] ], [ [ [ -71.997710047806891, 5.099791568796816 ], [ -71.997683018528392, 5.099791442439664 ], [ -71.997710173822753, 5.09976446650743 ], [ -71.997710047806891, 5.099791568796816 ] ] ], [ [ [ -71.995980049262343, 5.099810581900357 ], [ -71.995925990790653, 5.099810329038492 ], [ -71.995926116881776, 5.099783226793657 ], [ -71.995980049262343, 5.099810581900357 ] ] ], [ [ [ -71.99425030567626, 5.099775385869028 ], [ -71.994250179515049, 5.099802488071981 ], [ -71.994223150322327, 5.099802361569076 ], [ -71.99425030567626, 5.099775385869028 ] ] ], [ [ [ -71.997736951070664, 5.099818797442903 ], [ -71.997737077086072, 5.099791695152834 ], [ -71.997764106365921, 5.099791821507717 ], [ -71.997736951070664, 5.099818797442903 ] ] ], [ [ [ -71.995898835462853, 5.09983730484996 ], [ -71.995871806227569, 5.099837178415518 ], [ -71.995898961555795, 5.09981020260586 ], [ -71.995898835462853, 5.09983730484996 ] ] ], [ [ [ -71.994277208708453, 5.099802614573751 ], [ -71.99430423790254, 5.099802741074391 ], [ -71.994277082547683, 5.099829716777319 ], [ -71.994277208708453, 5.099802614573751 ] ] ], [ [ [ -71.997791009633289, 5.099819050152886 ], [ -71.997790883619473, 5.099846152444243 ], [ -71.997763854336696, 5.099846026089144 ], [ -71.997791009633289, 5.099819050152886 ] ] ], [ [ [ -71.994331140938797, 5.099829969778813 ], [ -71.994331014779604, 5.099857071983743 ], [ -71.994303985582576, 5.099856945482887 ], [ -71.994331140938797, 5.099829969778813 ] ] ], [ [ [ -71.995790718525797, 5.099836799105394 ], [ -71.995844776992968, 5.099837051979945 ], [ -71.995844650897084, 5.099864154222702 ], [ -71.995790718525797, 5.099836799105394 ] ] ], [ [ [ -71.99781791290296, 5.099846278798211 ], [ -71.997844942187115, 5.099846405151044 ], [ -71.997817786889598, 5.099873381090253 ], [ -71.99781791290296, 5.099846278798211 ] ] ], [ [ [ -71.997871719449037, 5.099900736089418 ], [ -71.997844690161969, 5.099900609736367 ], [ -71.997871845460821, 5.099873633796135 ], [ -71.997871719449037, 5.099900736089418 ] ] ], [ [ [ -71.995790466328828, 5.099891003588097 ], [ -71.995736407859837, 5.099890750706313 ], [ -71.995736533960923, 5.099863648466368 ], [ -71.995790466328828, 5.099891003588097 ] ] ], [ [ [ -71.994384820859821, 5.099911529394419 ], [ -71.994384947018119, 5.099884427188224 ], [ -71.994411976218302, 5.099884553686356 ], [ -71.994384820859821, 5.099911529394419 ] ] ], [ [ [ -71.997898748736816, 5.099900862441334 ], [ -71.997898622725472, 5.099927964735315 ], [ -71.997871593436585, 5.099927838382723 ], [ -71.997898748736816, 5.099900862441334 ] ] ], [ [ [ -71.995709252523483, 5.099917726503017 ], [ -71.995709378626358, 5.099890624263721 ], [ -71.99573628175807, 5.099917852946285 ], [ -71.995709252523483, 5.099917726503017 ] ] ], [ [ [ -71.997925526004138, 5.0999551933814 ], [ -71.997898496713461, 5.099955067029268 ], [ -71.997925652015027, 5.099928091086772 ], [ -71.997925526004138, 5.0999551933814 ] ] ], [ [ [ -71.994438879263157, 5.099911782390899 ], [ -71.994438753106451, 5.099938884598417 ], [ -71.994411723903312, 5.099938758100068 ], [ -71.994438879263157, 5.099911782390899 ] ] ], [ [ [ -71.995655194056312, 5.099917473613083 ], [ -71.995682223289549, 5.099917600058617 ], [ -71.995682097184854, 5.099944702297209 ], [ -71.995655194056312, 5.099917473613083 ] ] ], [ [ [ -71.994465656154006, 5.099966113303786 ], [ -71.994465782310272, 5.099939011095634 ], [ -71.99449281151476, 5.099939137591715 ], [ -71.994465656154006, 5.099966113303786 ] ] ], [ [ [ -71.995627912609152, 5.099971551640856 ], [ -71.995628038716774, 5.099944449403655 ], [ -71.995654941843966, 5.099971678088876 ], [ -71.995627912609152, 5.099971551640856 ] ] ], [ [ [ -71.997979458578328, 5.099982548378202 ], [ -71.998006487872203, 5.09998267472761 ], [ -71.997979332568349, 5.100009650674131 ], [ -71.997979458578328, 5.099982548378202 ] ] ], [ [ [ -71.994519714565968, 5.099966366296169 ], [ -71.994519588411293, 5.099993468505664 ], [ -71.994492559203835, 5.099993342009364 ], [ -71.994519714565968, 5.099966366296169 ] ] ], [ [ [ -71.995627786500819, 5.099998653878048 ], [ -71.995600757265521, 5.09999852742822 ], [ -71.995600883374976, 5.099971425191703 ], [ -71.995627786500819, 5.099998653878048 ] ] ], [ [ [ -71.998033391159026, 5.10000990337316 ], [ -71.998033265150625, 5.10003700567041 ], [ -71.998006235853836, 5.100036879320788 ], [ -71.998033391159026, 5.10000990337316 ] ] ], [ [ [ -71.995573601919673, 5.100025503213072 ], [ -71.995573728030934, 5.099998400977258 ], [ -71.995600631155398, 5.100025629664708 ], [ -71.995573601919673, 5.100025503213072 ] ] ], [ [ [ -71.994573520675104, 5.100020823705684 ], [ -71.994546491465172, 5.100020697210974 ], [ -71.994573646828186, 5.099993721494863 ], [ -71.994573520675104, 5.100020823705684 ] ] ], [ [ [ -71.998060294448123, 5.100037132018902 ], [ -71.998060168440176, 5.1000642343168 ], [ -71.998033139141555, 5.100064107967636 ], [ -71.998060294448123, 5.100037132018902 ] ] ], [ [ [ -71.994600423733061, 5.100048052410728 ], [ -71.994600549885703, 5.100020950199259 ], [ -71.994627579096971, 5.100021076691701 ], [ -71.994600423733061, 5.100048052410728 ] ] ], [ [ [ -71.995573475807731, 5.100052605448861 ], [ -71.995546446571552, 5.100052478995414 ], [ -71.995546572684631, 5.100025376760302 ], [ -71.995573475807731, 5.100052605448861 ] ] ], [ [ [ -71.99808719773948, 5.100064360664832 ], [ -71.998087071731987, 5.100091462963382 ], [ -71.998060042431547, 5.100091336614676 ], [ -71.99808719773948, 5.100064360664832 ] ] ], [ [ [ -71.994654482158566, 5.100048305395829 ], [ -71.994654356007487, 5.100075407608625 ], [ -71.994627326793292, 5.100075281115964 ], [ -71.994654482158566, 5.100048305395829 ] ] ], [ [ [ -71.995546320457805, 5.100079581230503 ], [ -71.995519291221186, 5.100079454775247 ], [ -71.995519417336055, 5.100052352540836 ], [ -71.995546320457805, 5.100079581230503 ] ] ], [ [ [ -71.99811410103311, 5.100091589310955 ], [ -71.998113975026072, 5.100118691610136 ], [ -71.998086945723813, 5.10011856526189 ], [ -71.99811410103311, 5.100091589310955 ] ] ], [ [ [ -71.994708288288521, 5.100102762804647 ], [ -71.994681259071811, 5.100102636313579 ], [ -71.994708414437994, 5.100075660590543 ], [ -71.994708288288521, 5.100102762804647 ] ] ], [ [ [ -71.998140878322388, 5.100145920257146 ], [ -71.998113849018338, 5.100145793909358 ], [ -71.998141004328986, 5.100118817957251 ], [ -71.998140878322388, 5.100145920257146 ] ] ], [ [ [ -71.994735191356895, 5.100129991509402 ], [ -71.994735317505913, 5.100102889294582 ], [ -71.994762346723974, 5.100103015783383 ], [ -71.994735191356895, 5.100129991509402 ] ] ], [ [ [ -71.995492135868531, 5.100106430552553 ], [ -71.995519165105605, 5.100106557009616 ], [ -71.995519038989386, 5.100133659244028 ], [ -71.995492135868531, 5.100106430552553 ] ] ], [ [ [ -71.998167907627121, 5.100146046603802 ], [ -71.998167781620978, 5.100173148904282 ], [ -71.998140752315123, 5.100173022556951 ], [ -71.998167907627121, 5.100146046603802 ] ] ], [ [ [ -71.9948161528702, 5.100157473191186 ], [ -71.994762094427514, 5.100157220214283 ], [ -71.994816279016504, 5.100130370974432 ], [ -71.9948161528702, 5.100157473191186 ] ] ], [ [ [ -71.995464854394456, 5.100160508560382 ], [ -71.995464980513631, 5.100133406327417 ], [ -71.995491883633122, 5.100160635019931 ], [ -71.995464854394456, 5.100160508560382 ] ] ], [ [ [ -71.995464728274598, 5.10018761079334 ], [ -71.995437699035463, 5.100187484331982 ], [ -71.995437825156444, 5.100160382099701 ], [ -71.995464728274598, 5.10018761079334 ] ] ], [ [ [ -71.99484318209258, 5.100157599677938 ], [ -71.994843055946717, 5.100184701895358 ], [ -71.994816026723214, 5.100184575407931 ], [ -71.99484318209258, 5.100157599677938 ] ] ], [ [ [ -71.998194810927515, 5.100173275250477 ], [ -71.998194684921828, 5.100200377551623 ], [ -71.998167655614168, 5.100200251204752 ], [ -71.998194810927515, 5.100173275250477 ] ] ], [ [ [ -71.994896988251483, 5.100212057085559 ], [ -71.994869959025493, 5.100211930599723 ], [ -71.994897114395755, 5.100184954866813 ], [ -71.994896988251483, 5.100212057085559 ] ] ], [ [ [ -71.99541054367424, 5.100214460101074 ], [ -71.995410669797039, 5.100187357869492 ], [ -71.995437572913801, 5.10021458656424 ], [ -71.99541054367424, 5.100214460101074 ] ] ], [ [ [ -71.994977949791931, 5.100239538757013 ], [ -71.994923891334324, 5.100239285789658 ], [ -71.994924017478141, 5.100212183570261 ], [ -71.994977949791931, 5.100239538757013 ] ] ], [ [ [ -71.995410417550758, 5.100241562332628 ], [ -71.995383388310742, 5.100241435867654 ], [ -71.995383514435346, 5.100214333636775 ], [ -71.995410417550758, 5.100241562332628 ] ] ], [ [ [ -71.995032008252295, 5.100239791719835 ], [ -71.995031882112301, 5.100266893941906 ], [ -71.995004852880683, 5.100266767460387 ], [ -71.995032008252295, 5.100239791719835 ] ] ], [ [ [ -71.995329329832742, 5.100241182934305 ], [ -71.995356359071408, 5.100241309401547 ], [ -71.995356232944985, 5.100268411631722 ], [ -71.995329329832742, 5.100241182934305 ] ] ], [ [ [ -71.995112843674008, 5.100294375603718 ], [ -71.995058785205103, 5.100294122644996 ], [ -71.995058911344628, 5.100267020422292 ], [ -71.995112843674008, 5.100294375603718 ] ] ], [ [ [ -71.995329077576983, 5.100295387393267 ], [ -71.99530204833674, 5.100295260923539 ], [ -71.99530217446609, 5.100268158694756 ], [ -71.995329077576983, 5.100295387393267 ] ] ], [ [ [ -71.998275142827254, 5.100336268100878 ], [ -71.998275268832941, 5.100309165797836 ], [ -71.998302298147848, 5.100309292142874 ], [ -71.998275142827254, 5.100336268100878 ] ] ], [ [ [ -71.995166776010024, 5.100321730783305 ], [ -71.995166902145698, 5.100294628557906 ], [ -71.995274892965995, 5.10032223668078 ], [ -71.995166776010024, 5.100321730783305 ] ] ], [ [ [ -71.998329075455899, 5.100363623095529 ], [ -71.998302046138065, 5.100363496750277 ], [ -71.998329201459995, 5.100336520791166 ], [ -71.998329075455899, 5.100363623095529 ] ] ], [ [ [ -71.998356104774402, 5.100363749439648 ], [ -71.998355978770746, 5.10039085174466 ], [ -71.998328949451107, 5.100390725399865 ], [ -71.998356104774402, 5.100363749439648 ] ] ], [ [ [ -71.998383008091082, 5.100390978088321 ], [ -71.998382882087881, 5.100418080393982 ], [ -71.998355852766423, 5.100417954049647 ], [ -71.998383008091082, 5.100390978088321 ] ] ], [ [ [ -71.998409911410008, 5.100418206737182 ], [ -71.998409785407262, 5.100445309043527 ], [ -71.998382756083998, 5.100445182699651 ], [ -71.998409911410008, 5.100418206737182 ] ] ], [ [ [ -71.998436688728944, 5.100472537693229 ], [ -71.998409659403833, 5.10047241134981 ], [ -71.998436814731235, 5.100445435386269 ], [ -71.998436688728944, 5.100472537693229 ] ] ], [ [ [ -71.998463592052843, 5.100499766343153 ], [ -71.998436562725956, 5.100499640000195 ], [ -71.998463718054694, 5.100472664035512 ], [ -71.998463592052843, 5.100499766343153 ] ] ], [ [ [ -71.998490621380398, 5.100499892684978 ], [ -71.998490495379002, 5.100526994993184 ], [ -71.998463466050339, 5.100526868650684 ], [ -71.998490621380398, 5.100499892684978 ] ] ], [ [ [ -71.99851752470839, 5.10052712133455 ], [ -71.998517398707435, 5.100554223643456 ], [ -71.998490369376938, 5.100554097301414 ], [ -71.99851752470839, 5.10052712133455 ] ] ], [ [ [ -71.998544428038628, 5.100554349984363 ], [ -71.998544302038141, 5.100581452293917 ], [ -71.99851727270584, 5.100581325952334 ], [ -71.998544428038628, 5.100554349984363 ] ] ], [ [ [ -71.998571205371078, 5.100608680944569 ], [ -71.998544176036972, 5.100608554603446 ], [ -71.998571331371124, 5.100581578634365 ], [ -71.998571205371078, 5.100608680944569 ] ] ], [ [ [ -71.998705596071346, 5.100771926514112 ], [ -71.998732625416338, 5.100772052852482 ], [ -71.998705470072224, 5.100799028827493 ], [ -71.998705596071346, 5.100771926514112 ] ] ], [ [ [ -71.998759528765106, 5.100799281504447 ], [ -71.998759402767561, 5.100826383819164 ], [ -71.998732373419656, 5.10082625748058 ], [ -71.998759528765106, 5.100799281504447 ] ] ], [ [ [ -71.998786432116162, 5.100826510156616 ], [ -71.998786306119072, 5.100853612471984 ], [ -71.998759276769334, 5.100853486133858 ], [ -71.998786432116162, 5.100826510156616 ] ] ], [ [ [ -71.99881333546945, 5.100853738808977 ], [ -71.998813209472814, 5.100880841124993 ], [ -71.9987861801213, 5.100880714787325 ], [ -71.99881333546945, 5.100853738808977 ] ] ], [ [ [ -71.998840238825025, 5.100880967461527 ], [ -71.99884011282883, 5.100908069778192 ], [ -71.998813083475497, 5.100907943440984 ], [ -71.998840238825025, 5.100880967461527 ] ] ], [ [ [ -71.998867142182846, 5.100908196114266 ], [ -71.99886701618712, 5.100935298431565 ], [ -71.998839986831982, 5.100935172094816 ], [ -71.998867142182846, 5.100908196114266 ] ] ], [ [ [ -71.998894045542954, 5.100935424767179 ], [ -71.998893919547669, 5.100962527085142 ], [ -71.998866890190698, 5.100962400748851 ], [ -71.998894045542954, 5.100935424767179 ] ] ], [ [ [ -71.998920948905294, 5.100962653420298 ], [ -71.998920822910478, 5.100989755738911 ], [ -71.998893793551716, 5.10098962940308 ], [ -71.998920948905294, 5.100962653420298 ] ] ], [ [ [ -71.998947726275532, 5.101016984392867 ], [ -71.998920696914965, 5.101016858057496 ], [ -71.998947852269922, 5.100989882073609 ], [ -71.998947726275532, 5.101016984392867 ] ] ], [ [ [ -71.998974629642859, 5.101044213047016 ], [ -71.998947600280488, 5.101044086712103 ], [ -71.99897475563678, 5.101017110727106 ], [ -71.998974629642859, 5.101044213047016 ] ] ], [ [ [ -71.999001659005913, 5.101044339380796 ], [ -71.999001533012446, 5.101071441701387 ], [ -71.998974503648256, 5.101071315366934 ], [ -71.999001659005913, 5.101044339380796 ] ] ], [ [ [ -71.999028562377305, 5.101071568034707 ], [ -71.999028436384293, 5.101098670355913 ], [ -71.999001407018284, 5.101098544021918 ], [ -71.999028562377305, 5.101071568034707 ] ] ], [ [ [ -71.999055465750985, 5.101098796688775 ], [ -71.999055339758399, 5.101125899010663 ], [ -71.999028310390585, 5.101125772677127 ], [ -71.999055465750985, 5.101098796688775 ] ] ], [ [ [ -71.999082243134794, 5.10115312766552 ], [ -71.99905521376516, 5.101153001332442 ], [ -71.999082369126896, 5.101126025343065 ], [ -71.999082243134794, 5.10115312766552 ] ] ], [ [ [ -71.999109146513405, 5.101180356320615 ], [ -71.999082117141981, 5.101180229987998 ], [ -71.999109272505081, 5.101153253997461 ], [ -71.999109146513405, 5.101180356320615 ] ] ], [ [ [ -71.999136175885511, 5.101180482652098 ], [ -71.99913604989429, 5.101207584975899 ], [ -71.999109020521075, 5.101207458643741 ], [ -71.999136175885511, 5.101180482652098 ] ] ], [ [ [ -71.98612542448592, 5.0858065734862 ], [ -71.986125676791133, 5.085752369463699 ], [ -71.986260566522787, 5.085807205956242 ], [ -71.98612542448592, 5.0858065734862 ] ] ], [ [ [ -71.986314497196588, 5.085834560952302 ], [ -71.98631437105017, 5.085861662968264 ], [ -71.986260314226129, 5.08586140998545 ], [ -71.986314497196588, 5.085834560952302 ] ] ], [ [ [ -71.986368175586549, 5.085916119980997 ], [ -71.98631437105017, 5.085861662968264 ], [ -71.986395456291305, 5.08586204243401 ], [ -71.986449260838512, 5.085916499444025 ], [ -71.986368175586549, 5.085916119980997 ] ] ], [ [ [ -71.986530219957203, 5.085943980918151 ], [ -71.98644913469569, 5.085943601463263 ], [ -71.986530346096657, 5.085916878896881 ], [ -71.986530219957203, 5.085943980918151 ] ] ], [ [ [ -71.986584276801622, 5.085944233882424 ], [ -71.986584150663745, 5.085971335905024 ], [ -71.986530093817095, 5.085971082939395 ], [ -71.986584276801622, 5.085944233882424 ] ] ], [ [ [ -71.986638207513138, 5.085971588866131 ], [ -71.986638081376853, 5.085998690890093 ], [ -71.9865840245252, 5.085998437927631 ], [ -71.986638207513138, 5.085971588866131 ] ] ], [ [ [ -71.986692138231206, 5.085998943848034 ], [ -71.986692012096483, 5.086026045873274 ], [ -71.986637955239871, 5.086025792913977 ], [ -71.986692138231206, 5.085998943848034 ] ] ], [ [ [ -71.986773097386504, 5.08602642530374 ], [ -71.986772971254481, 5.086053527331056 ], [ -71.986691885961079, 5.086053147898556 ], [ -71.986773097386504, 5.08602642530374 ] ] ], [ [ [ -71.986827028120175, 5.086053780280403 ], [ -71.98682690198973, 5.086080882308945 ], [ -71.986772845121777, 5.086080629358242 ], [ -71.986827028120175, 5.086053780280403 ] ] ], [ [ [ -71.986880958860368, 5.086081135255125 ], [ -71.986880832731515, 5.086108237285047 ], [ -71.986826775858603, 5.086107984337512 ], [ -71.986880958860368, 5.086081135255125 ] ] ], [ [ [ -71.98693488960717, 5.08610849022806 ], [ -71.986934763479866, 5.086135592259309 ], [ -71.986880706601951, 5.086135339314941 ], [ -71.98693488960717, 5.08610849022806 ] ] ], [ [ [ -71.986961665792961, 5.086162820761684 ], [ -71.986934637351879, 5.086162694290518 ], [ -71.986961791919811, 5.0861357187298 ], [ -71.986961665792961, 5.086162820761684 ] ] ], [ [ [ -71.987015596551913, 5.086190175733856 ], [ -71.98696153966543, 5.086189922793561 ], [ -71.987015722677185, 5.086163073700626 ], [ -71.987015596551913, 5.086190175733856 ] ] ], [ [ [ -71.987069653441125, 5.086190428669632 ], [ -71.987069527317402, 5.086217530704189 ], [ -71.987015470425945, 5.08621727776706 ], [ -71.987069653441125, 5.086190428669632 ] ] ], [ [ [ -71.987096555764182, 5.086217657171059 ], [ -71.987096429640914, 5.086244759206268 ], [ -71.987069401193025, 5.086244632738723 ], [ -71.987096555764182, 5.086217657171059 ] ] ], [ [ [ -71.98715048653871, 5.086245012137971 ], [ -71.987150360417019, 5.086272114174511 ], [ -71.987096303516964, 5.086271861241454 ], [ -71.98715048653871, 5.086245012137971 ] ] ], [ [ [ -71.987177262746826, 5.086299342676515 ], [ -71.98715023429466, 5.086299216211007 ], [ -71.987177388868076, 5.086272240639342 ], [ -71.987177262746826, 5.086299342676515 ] ] ], [ [ [ -71.987258095869706, 5.086353926144715 ], [ -71.987204038957415, 5.086353673216639 ], [ -71.987231319653219, 5.086299595604146 ], [ -71.987258095869706, 5.086353926144715 ] ] ], [ [ [ -71.98728512432686, 5.086354052607058 ], [ -71.987284998208082, 5.08638115464683 ], [ -71.987257969749791, 5.086381028183808 ], [ -71.98728512432686, 5.086354052607058 ] ] ], [ [ [ -71.987312026667041, 5.086381281108718 ], [ -71.987311900548718, 5.086408383149193 ], [ -71.987284872088622, 5.086408256686625 ], [ -71.987312026667041, 5.086381281108718 ] ] ], [ [ [ -71.987338929009482, 5.086408509610629 ], [ -71.9873388028916, 5.086435611651755 ], [ -71.987311774429713, 5.086435485189641 ], [ -71.987338929009482, 5.086408509610629 ] ] ], [ [ [ -71.987365705236741, 5.086462840154515 ], [ -71.987338676773035, 5.086462713692853 ], [ -71.987365831354182, 5.086435738112738 ], [ -71.987365705236741, 5.086462840154515 ] ] ], [ [ [ -71.987365579118631, 5.086489942196297 ], [ -71.987392607584141, 5.086490068657505 ], [ -71.987365452999839, 5.086517044237972 ], [ -71.987365579118631, 5.086489942196297 ] ] ], [ [ [ -71.987419509933815, 5.086517297160611 ], [ -71.987419383816587, 5.086544399203664 ], [ -71.987392355348121, 5.086544272742231 ], [ -71.987419509933815, 5.086517297160611 ] ] ], [ [ [ -71.98744641228572, 5.086544525663966 ], [ -71.987446286168947, 5.086571627707669 ], [ -71.98741925769869, 5.086571501246691 ], [ -71.98744641228572, 5.086544525663966 ] ] ], [ [ [ -71.987446033933352, 5.086625831795035 ], [ -71.987446160051491, 5.086598729751347 ], [ -71.987473188523552, 5.086598856211872 ], [ -71.987446033933352, 5.086625831795035 ] ] ], [ [ [ -71.987500090880417, 5.086626084716309 ], [ -71.987499964763856, 5.08665318676129 ], [ -71.987472936288853, 5.086653060300542 ], [ -71.987500090880417, 5.086626084716309 ] ] ], [ [ [ -71.987499712528688, 5.086707390851157 ], [ -71.987499838646613, 5.086680288806281 ], [ -71.987526867123421, 5.086680415266574 ], [ -71.987499712528688, 5.086707390851157 ] ] ], [ [ [ -71.987553769485231, 5.086707643771973 ], [ -71.987553643368884, 5.086734745818233 ], [ -71.987526614889148, 5.086734619357713 ], [ -71.987553769485231, 5.086707643771973 ] ] ], [ [ [ -71.987553391134142, 5.086788949910653 ], [ -71.98755351725184, 5.086761847864464 ], [ -71.987580545733422, 5.08676197432453 ], [ -71.987553391134142, 5.086788949910653 ] ] ], [ [ [ -71.987607321984072, 5.086816304878546 ], [ -71.987580293499576, 5.086816178418255 ], [ -71.987607448100192, 5.08678920283101 ], [ -71.987607321984072, 5.086816304878546 ] ] ], [ [ [ -71.987634098237166, 5.086870635434051 ], [ -71.987607069749743, 5.086870508973538 ], [ -71.987634350469222, 5.086816431337706 ], [ -71.987634098237166, 5.086870635434051 ] ] ], [ [ [ -71.987661126725271, 5.086870761893436 ], [ -71.98766100060935, 5.086897863942247 ], [ -71.987633972120122, 5.086897737482186 ], [ -71.987661126725271, 5.086870761893436 ] ] ], [ [ [ -71.98768802909926, 5.086897990401177 ], [ -71.987687902983794, 5.086925092450623 ], [ -71.987660874492747, 5.086924965991017 ], [ -71.98768802909926, 5.086897990401177 ] ] ], [ [ [ -71.987687650750786, 5.086979296549506 ], [ -71.987687776867617, 5.086952194500111 ], [ -71.987714805360483, 5.086952320959265 ], [ -71.987687650750786, 5.086979296549506 ] ] ], [ [ [ -71.987741581624164, 5.087006651518777 ], [ -71.987714553128384, 5.087006525059399 ], [ -71.987741707739431, 5.086979549468038 ], [ -71.987741581624164, 5.087006651518777 ] ] ], [ [ [ -71.987768357890317, 5.08706098207978 ], [ -71.987741329391582, 5.087060855620179 ], [ -71.987768484005812, 5.087033880028415 ], [ -71.987768357890317, 5.08706098207978 ] ] ], [ [ [ -71.987795260274652, 5.087088210590268 ], [ -71.987795008042511, 5.087142414694206 ], [ -71.987767979539726, 5.087142288233705 ], [ -71.987795260274652, 5.087088210590268 ] ] ], [ [ [ -71.98782191043, 5.087169643206195 ], [ -71.987821784313354, 5.087196745258785 ], [ -71.987794755807627, 5.087196618798059 ], [ -71.98782191043, 5.087169643206195 ] ] ], [ [ [ -71.987848686703558, 5.087223973771622 ], [ -71.9878484344691, 5.087278177878061 ], [ -71.987821405959338, 5.087278051416432 ], [ -71.987848686703558, 5.087223973771622 ] ] ], [ [ [ -71.987875210744662, 5.087332508446197 ], [ -71.987848182231943, 5.087332381984346 ], [ -71.987875336862459, 5.087305406392431 ], [ -71.987875210744662, 5.087332508446197 ] ] ], [ [ [ -71.987901987022681, 5.087386839015823 ], [ -71.987874958507035, 5.08738671255375 ], [ -71.98790211314072, 5.087359736961385 ], [ -71.987901987022681, 5.087386839015823 ] ] ], [ [ [ -71.98792888942144, 5.087414067531842 ], [ -71.987928763303174, 5.087441169586908 ], [ -71.987901734784586, 5.087441043124611 ], [ -71.98792888942144, 5.087414067531842 ] ] ], [ [ [ -71.987955665704632, 5.087468398103791 ], [ -71.987955539586139, 5.087495500159483 ], [ -71.987928511064624, 5.087495373696963 ], [ -71.987955665704632, 5.087468398103791 ] ] ], [ [ [ -71.987982441990283, 5.087522728677217 ], [ -71.987982315871562, 5.087549830733516 ], [ -71.987955287347091, 5.087549704270772 ], [ -71.987982441990283, 5.087522728677217 ] ] ], [ [ [ -71.988009218278407, 5.087577059252149 ], [ -71.988009092159444, 5.087604161309073 ], [ -71.98798206363206, 5.087604034846104 ], [ -71.988009218278407, 5.087577059252149 ] ] ], [ [ [ -71.988035994569017, 5.087631389828505 ], [ -71.988035868449828, 5.087658491886073 ], [ -71.988008839919473, 5.087658365422881 ], [ -71.988035994569017, 5.087631389828505 ] ] ], [ [ [ -71.988062770862072, 5.087685720406353 ], [ -71.988062644742655, 5.087712822464544 ], [ -71.988035616209388, 5.087712696001129 ], [ -71.988062770862072, 5.087685720406353 ] ] ], [ [ [ -71.988089547157614, 5.087740050985658 ], [ -71.988089421037955, 5.087767153044475 ], [ -71.988062392501746, 5.087767026580837 ], [ -71.988089547157614, 5.087740050985658 ] ] ], [ [ [ -71.9881161973357, 5.087821483625896 ], [ -71.988089168796577, 5.087821357162034 ], [ -71.988116323455614, 5.087794381566454 ], [ -71.9881161973357, 5.087821483625896 ] ] ], [ [ [ -71.988142973635945, 5.087875814208824 ], [ -71.988115945093867, 5.087875687744738 ], [ -71.988143099756073, 5.087848712148723 ], [ -71.988142973635945, 5.087875814208824 ] ] ], [ [ [ -71.988169876059004, 5.087903042732501 ], [ -71.988169749938635, 5.087930144793228 ], [ -71.988142721393643, 5.087930018328918 ], [ -71.988169876059004, 5.087903042732501 ] ] ], [ [ [ -71.988196652364422, 5.087957373317701 ], [ -71.988196526243826, 5.087984475379021 ], [ -71.988169497695864, 5.087984348914486 ], [ -71.988196652364422, 5.087957373317701 ] ] ], [ [ [ -71.988223428672313, 5.088011703904392 ], [ -71.988223176429955, 5.08806590802824 ], [ -71.988196147877943, 5.088065781562806 ], [ -71.988223428672313, 5.088011703904392 ] ] ], [ [ [ -71.988249952739835, 5.088120238617655 ], [ -71.988222924184882, 5.088120112152 ], [ -71.988250078861569, 5.088093136555112 ], [ -71.988249952739835, 5.088120238617655 ] ] ], [ [ [ -71.988276729052174, 5.088174569208529 ], [ -71.988249700494293, 5.08817444274265 ], [ -71.988276855174163, 5.088147467145377 ], [ -71.988276729052174, 5.088174569208529 ] ] ], [ [ [ -71.988303631489202, 5.088201797737149 ], [ -71.988303379244087, 5.088256001864696 ], [ -71.988276350682142, 5.088255875397916 ], [ -71.988303631489202, 5.088201797737149 ] ] ], [ [ [ -71.988330281684298, 5.088283230394764 ], [ -71.988330155561172, 5.088310332459161 ], [ -71.988303126996257, 5.088310205992156 ], [ -71.988330281684298, 5.088283230394764 ] ] ], [ [ [ -71.988357058004041, 5.088337560990076 ], [ -71.988356931880674, 5.088364663055079 ], [ -71.988329903312874, 5.088364536587853 ], [ -71.988357058004041, 5.088337560990076 ] ] ], [ [ [ -71.988383582078399, 5.088446095718109 ], [ -71.988356553506506, 5.088445969249982 ], [ -71.988383834326271, 5.088391891586845 ], [ -71.988383582078399, 5.088446095718109 ] ] ], [ [ [ -71.988410232277417, 5.088527528383869 ], [ -71.988383203701474, 5.088527401914845 ], [ -71.988410484527122, 5.088473324251374 ], [ -71.988410232277417, 5.088527528383869 ] ] ], [ [ [ -71.98843713472931, 5.088554756918669 ], [ -71.988437008603881, 5.088581858985462 ], [ -71.988409980025011, 5.088581732516213 ], [ -71.98843713472931, 5.088554756918669 ] ] ], [ [ [ -71.988463784932804, 5.088636189588545 ], [ -71.988463658806481, 5.088663291655989 ], [ -71.988436630223532, 5.088663165185838 ], [ -71.988463784932804, 5.088636189588545 ] ] ], [ [ [ -71.988490435137663, 5.088717622261151 ], [ -71.988490182882472, 5.088771826397211 ], [ -71.988463154294323, 5.088771699925484 ], [ -71.988490435137663, 5.088717622261151 ] ] ], [ [ [ -71.988516833086805, 5.088853259073749 ], [ -71.988516076299462, 5.089015871484883 ], [ -71.988489047700469, 5.089015745008196 ], [ -71.988516833086805, 5.088853259073749 ] ] ], [ [ [ -71.988515571760928, 5.089124279758451 ], [ -71.988514058080057, 5.089449504576771 ], [ -71.988487029463045, 5.089449378089251 ], [ -71.988515571760928, 5.089124279758451 ] ] ], [ [ [ -71.988486651024132, 5.089530684291188 ], [ -71.988486020278998, 5.089666194627243 ], [ -71.988458991653616, 5.089666068133176 ], [ -71.988486651024132, 5.089530684291188 ] ] ], [ [ [ -71.988458739348545, 5.089720272266072 ], [ -71.988458234730231, 5.089828680531567 ], [ -71.988431206098795, 5.089828554032307 ], [ -71.988458739348545, 5.089720272266072 ] ] ], [ [ [ -71.988430575304946, 5.089964064360169 ], [ -71.98840354666855, 5.089963937856393 ], [ -71.988431079941392, 5.089855656097933 ], [ -71.988430575304946, 5.089964064360169 ] ] ], [ [ [ -71.988403042016699, 5.090072346115558 ], [ -71.988376013376467, 5.090072219607942 ], [ -71.9884034205066, 5.089991039921214 ], [ -71.988403042016699, 5.090072346115558 ] ] ], [ [ [ -71.98837588721068, 5.090099321671983 ], [ -71.988375634877059, 5.090153525799971 ], [ -71.988348606234112, 5.090153399289192 ], [ -71.98837588721068, 5.090099321671983 ] ] ], [ [ [ -71.991991468609598, 5.097271358175054 ], [ -71.993124922398351, 5.097656102106075 ], [ -71.993340145829919, 5.097873931497062 ], [ -71.993016806102759, 5.097655596110847 ], [ -71.992099079978118, 5.09738027290941 ], [ -71.991991216221678, 5.097325562472108 ], [ -71.991991468609598, 5.097271358175054 ] ] ], [ [ [ -71.993474534398274, 5.098037177057761 ], [ -71.993339893525075, 5.09792813586058 ], [ -71.993340145829919, 5.097873931497062 ], [ -71.993474786697249, 5.097982972687725 ], [ -71.993474534398274, 5.098037177057761 ] ] ], [ [ [ -71.993501437349138, 5.098064405734126 ], [ -71.993474408247749, 5.098064279242741 ], [ -71.993501563498512, 5.098037303548469 ], [ -71.993501437349138, 5.098064405734126 ] ] ], [ [ [ -71.993582020066555, 5.098173193951939 ], [ -71.993501185048331, 5.098118610105342 ], [ -71.993582272363312, 5.098118989576752 ], [ -71.993582020066555, 5.098173193951939 ] ] ], [ [ [ -71.993609049175191, 5.098173320441493 ], [ -71.993608796877993, 5.09822752481796 ], [ -71.993581767767097, 5.098227398327055 ], [ -71.993609049175191, 5.098173320441493 ] ] ], [ [ [ -71.993635825989557, 5.098227651307735 ], [ -71.99363569984105, 5.098254753496587 ], [ -71.993608670728378, 5.098254627006138 ], [ -71.993635825989557, 5.098227651307735 ] ] ], [ [ [ -71.993662728954405, 5.098254879985904 ], [ -71.993662476657661, 5.098309084364871 ], [ -71.993635447542047, 5.098308957874202 ], [ -71.993662728954405, 5.098254879985904 ] ] ], [ [ [ -71.993689379625692, 5.098336313044534 ], [ -71.993662350508259, 5.098336186554321 ], [ -71.993689505773958, 5.098309210854405 ], [ -71.993689379625692, 5.098336313044534 ] ] ], [ [ [ -71.993716156447505, 5.09839064391514 ], [ -71.99368912732713, 5.09839051742471 ], [ -71.993716408743808, 5.098336439533612 ], [ -71.993716156447505, 5.09839064391514 ] ] ], [ [ [ -71.993770088543371, 5.098417999084712 ], [ -71.993769836247509, 5.098472203468739 ], [ -71.993715904148459, 5.098444848296547 ], [ -71.993770088543371, 5.098417999084712 ] ] ], [ [ [ -71.993796865373298, 5.098472329957796 ], [ -71.993796613076981, 5.098526534343121 ], [ -71.993769583948918, 5.098526407852713 ], [ -71.993796865373298, 5.098472329957796 ] ] ], [ [ [ -71.993849662140732, 5.098743604871618 ], [ -71.993768322415235, 5.098797429771023 ], [ -71.993796613076981, 5.098526534343121 ], [ -71.993850419040612, 5.098580991708483 ], [ -71.993849662140732, 5.098743604871618 ] ] ], [ [ [ -71.993741167118301, 5.098824405463733 ], [ -71.993741293276543, 5.098797303272721 ], [ -71.993768196258131, 5.098824531962712 ], [ -71.993741167118301, 5.098824405463733 ] ] ], [ [ [ -71.993714011819122, 5.09885138115392 ], [ -71.993714137979168, 5.098824278963624 ], [ -71.993741040959378, 5.098851507654705 ], [ -71.993714011819122, 5.09885138115392 ] ] ], [ [ [ -71.993714011819122, 5.09885138115392 ], [ -71.993605264431849, 5.098986386077129 ], [ -71.993631536559789, 5.09914912571419 ], [ -71.993604255063687, 5.099203203576039 ], [ -71.993551206147501, 5.098986133056331 ], [ -71.993714011819122, 5.09885138115392 ] ] ], [ [ [ -71.99365831336884, 5.099203456603115 ], [ -71.993658187197028, 5.099230558791745 ], [ -71.993631158042987, 5.099230432278096 ], [ -71.99365831336884, 5.099203456603115 ] ] ], [ [ [ -71.99368521635175, 5.099230685304259 ], [ -71.993685090180378, 5.099257787493454 ], [ -71.993658061024519, 5.099257660980264 ], [ -71.99368521635175, 5.099230685304259 ] ] ], [ [ [ -71.993711993166002, 5.099285016195407 ], [ -71.993684964008338, 5.099284889682675 ], [ -71.993712119336934, 5.099257914005511 ], [ -71.993711993166002, 5.099285016195407 ] ] ], [ [ [ -71.993738896153886, 5.099312244897552 ], [ -71.993711866994417, 5.099312118385278 ], [ -71.993739022324334, 5.099285142707007 ], [ -71.993738896153886, 5.099312244897552 ] ] ], [ [ [ -71.993765925314051, 5.099312371408694 ], [ -71.993765799144029, 5.099339473599874 ], [ -71.993738769982727, 5.099339347088058 ], [ -71.993765925314051, 5.099312371408694 ] ] ], [ [ [ -71.993792828306013, 5.099339600110559 ], [ -71.993792702136446, 5.099366702302404 ], [ -71.993765672973353, 5.099366575791044 ], [ -71.993792828306013, 5.099339600110559 ] ] ], [ [ [ -71.993819731300206, 5.09936682881263 ], [ -71.993819605131094, 5.099393931005126 ], [ -71.993792575966197, 5.099393804494225 ], [ -71.993819731300206, 5.09936682881263 ] ] ], [ [ [ -71.993846508128016, 5.099421159708044 ], [ -71.993819478961314, 5.099421033197598 ], [ -71.993846634296673, 5.099394057514896 ], [ -71.993846508128016, 5.099421159708044 ] ] ], [ [ [ -71.993873411127211, 5.099448388411151 ], [ -71.993846381958676, 5.099448261901163 ], [ -71.993873537295414, 5.099421286217354 ], [ -71.993873411127211, 5.099448388411151 ] ] ], [ [ [ -71.993900440296429, 5.099448514920004 ], [ -71.993900314128666, 5.099475617114432 ], [ -71.993873284958326, 5.099475490604903 ], [ -71.993900440296429, 5.099448514920004 ] ] ], [ [ [ -71.993927343299674, 5.09947574362283 ], [ -71.993927217132367, 5.099502845817976 ], [ -71.993900187960222, 5.099502719308902 ], [ -71.993927343299674, 5.09947574362283 ] ] ], [ [ [ -71.993954246305179, 5.099502972325915 ], [ -71.993954120138326, 5.099530074521643 ], [ -71.993927090964377, 5.099529948013029 ], [ -71.993954246305179, 5.099502972325915 ] ] ], [ [ [ -71.993981023146546, 5.09955730322552 ], [ -71.993953993970791, 5.099557176717363 ], [ -71.993981149312944, 5.099530201029124 ], [ -71.993981023146546, 5.09955730322552 ] ] ], [ [ [ -71.994007926157039, 5.099584531929588 ], [ -71.993980896979465, 5.099584405421889 ], [ -71.994008052322982, 5.099557429732544 ], [ -71.994007926157039, 5.099584531929588 ] ] ] ] } }
]
}
